month,state,event_top1,confidence_mean,rows
2025-03-01,Manipur,Child_Enrolment_Drive,0.21956229174815356,1
2025-03-01,Gujarat,Child_Enrolment_Drive,0.2091996891191607,4
2025-03-01,Bihar,Child_Enrolment_Drive,0.1799778491256876,2
2025-03-01,Karnataka,Education_Pressure,0.17655086241415266,2
2025-03-01,Kerala,Child_Enrolment_Drive,0.17651645251397108,6
2025-03-01,Rajasthan,Child_Enrolment_Drive,0.17303198397053388,3
2025-03-01,Madhya Pradesh,Education_Pressure,0.1684046885473775,1
2025-03-01,Uttarakhand,Child_Enrolment_Drive,0.16268038783685507,1
2025-03-01,Gujarat,Education_Pressure,0.15754816517878217,1
2025-03-01,Arunachal Pradesh,Access_Friction_Biometric,0.15583657054122585,2
2025-03-01,Maharashtra,Child_Enrolment_Drive,0.15575444908704858,12
2025-03-01,Telangana,Child_Enrolment_Drive,0.1536006675965312,5
2025-03-01,Telangana,Education_Pressure,0.15123037896191854,1
2025-03-01,Daman & Diu,Localized_Shock_Proxy,0.1420158462115602,3
2025-03-01,Nagaland,Localized_Shock_Proxy,0.1416723758121427,16
2025-03-01,Odisha,Child_Enrolment_Drive,0.13726803473134624,1
2025-03-01,Ladakh,Localized_Shock_Proxy,0.13695559894040774,9
2025-03-01,Goa,Localized_Shock_Proxy,0.13602147297019426,33
2025-03-01,Mizoram,Localized_Shock_Proxy,0.13521899654205816,55
2025-03-01,Haryana,Child_Enrolment_Drive,0.13458098585483144,1
2025-03-01,Dadra and Nagar Haveli and Daman and Diu,Localized_Shock_Proxy,0.13445301207109633,5
2025-03-01,Orissa,Localized_Shock_Proxy,0.13408040571671057,35
2025-03-01,Andaman and Nicobar Islands,Localized_Shock_Proxy,0.1338724579578744,4
2025-03-01,Odisha,Localized_Shock_Proxy,0.1319151346899522,683
2025-03-01,Tamil Nadu,Localized_Shock_Proxy,0.1307008113211255,1384
2025-03-01,Jharkhand,Localized_Shock_Proxy,0.1299648522538743,270
2025-03-01,Sikkim,Localized_Shock_Proxy,0.12973213137132633,25
2025-03-01,Haryana,System_Stabilization,0.1296191802195145,1
2025-03-01,West Bengal,Localized_Shock_Proxy,0.12956803264071248,346
2025-03-01,Puducherry,Localized_Shock_Proxy,0.12778747791393527,11
2025-03-01,Karnataka,Localized_Shock_Proxy,0.1270317280911106,786
2025-03-01,Delhi,Localized_Shock_Proxy,0.12616930804026544,34
2025-03-01,Tamil Nadu,Child_Enrolment_Drive,0.12475113294784045,3
2025-03-01,Arunachal Pradesh,Localized_Shock_Proxy,0.12463455560756359,12
2025-03-01,Rajasthan,Localized_Shock_Proxy,0.12411087370146962,527
2025-03-01,Delhi,System_Stabilization,0.1234301098442589,2
2025-03-01,Telangana,Localized_Shock_Proxy,0.12327527184471347,270
2025-03-01,Andhra Pradesh,Localized_Shock_Proxy,0.12301307438252514,750
2025-03-01,Uttar Pradesh,Localized_Shock_Proxy,0.12244614929787523,837
2025-03-01,Chandigarh,Localized_Shock_Proxy,0.12217716233105147,7
2025-03-01,Jammu and Kashmir,Localized_Shock_Proxy,0.12151129649925368,83
2025-03-01,Rajasthan,Education_Pressure,0.12081977062488325,2
2025-03-01,Tripura,Localized_Shock_Proxy,0.12058783281060906,79
2025-03-01,Madhya Pradesh,Localized_Shock_Proxy,0.12018222291865142,132
2025-03-01,Gujarat,Localized_Shock_Proxy,0.11998287552682087,370
2025-03-01,Bihar,System_Stabilization,0.11974357013364058,6
2025-03-01,Uttar Pradesh,Child_Enrolment_Drive,0.1196575050309288,5
2025-03-01,Bihar,Localized_Shock_Proxy,0.11898180816640207,490
2025-03-01,Punjab,Localized_Shock_Proxy,0.11879856713990253,275
2025-03-01,Pondicherry,Access_Friction_Biometric,0.11868716179880985,5
2025-03-01,Maharashtra,Localized_Shock_Proxy,0.11860936643895487,342
2025-03-01,Haryana,Localized_Shock_Proxy,0.11750545272051384,64
2025-03-01,Uttarakhand,Localized_Shock_Proxy,0.11725578262937149,72
2025-03-01,Dadra and Nagar Haveli,Access_Friction_Biometric,0.11688049814792605,4
2025-03-01,Assam,Localized_Shock_Proxy,0.11670165148856541,140
2025-03-01,Karnataka,System_Stabilization,0.11605348263197014,31
2025-03-01,Himachal Pradesh,Localized_Shock_Proxy,0.11579968286570161,138
2025-03-01,Kerala,Access_Friction_Biometric,0.1155673993236952,343
2025-03-01,Meghalaya,Localized_Shock_Proxy,0.11524498758004818,11
2025-03-01,Chhattisgarh,Localized_Shock_Proxy,0.1135969883635403,33
2025-03-01,Manipur,Access_Friction_Biometric,0.1134716070404722,32
2025-03-01,Meghalaya,System_Stabilization,0.11342795210399671,1
2025-03-01,Andaman and Nicobar Islands,Access_Friction_Biometric,0.11237125168267438,3
2025-03-01,Kerala,Education_Pressure,0.11178542264830069,2
2025-03-01,Chhattisgarh,System_Stabilization,0.11155153298271511,38
2025-03-01,Jammu and Kashmir,Child_Enrolment_Drive,0.11133538282938947,1
2025-03-01,Kerala,Localized_Shock_Proxy,0.10978435073467481,172
2025-03-01,Maharashtra,Access_Friction_Biometric,0.10974638546893857,401
2025-03-01,Karnataka,Access_Friction_Biometric,0.10970861714871702,232
2025-03-01,Daman and Diu,Localized_Shock_Proxy,0.10958168113391087,3
2025-03-01,Gujarat,Access_Friction_Biometric,0.10924475772099232,175
2025-03-01,Lakshadweep,Access_Friction_Biometric,0.10856469830234357,5
2025-03-01,Andhra Pradesh,Education_Pressure,0.1084026554933743,2
2025-03-01,Chandigarh,Access_Friction_Biometric,0.10817819645243132,9
2025-03-01,Chhattisgarh,Access_Friction_Biometric,0.10812782863468151,83
2025-03-01,Rajasthan,Access_Friction_Biometric,0.1076707644370021,98
2025-03-01,West Bengal,Access_Friction_Biometric,0.10731171080619469,321
2025-03-01,Nagaland,Access_Friction_Biometric,0.10706173415516605,7
2025-03-01,Delhi,Aging_Stress_Zone,0.10702033509567947,5
2025-03-01,Uttar Pradesh,Access_Friction_Biometric,0.10670201303166071,196
2025-03-01,Jharkhand,System_Stabilization,0.106403696722898,7
2025-03-01,Assam,Access_Friction_Biometric,0.10630733679964832,116
2025-03-01,Tamil Nadu,Access_Friction_Biometric,0.10624407552824067,219
2025-03-01,Odisha,Access_Friction_Biometric,0.10624329766136491,70
2025-03-01,Uttarakhand,Access_Friction_Biometric,0.10565108574500849,65
2025-03-01,Maharashtra,Education_Pressure,0.10538285848161191,4
2025-03-01,Jammu and Kashmir,Access_Friction_Biometric,0.10519343841586183,60
2025-03-01,Bihar,Access_Friction_Biometric,0.10517488254972802,99
2025-03-01,Dadra & Nagar Haveli,Localized_Shock_Proxy,0.10515059090976167,1
2025-03-01,Sikkim,Access_Friction_Biometric,0.10497922815244289,11
2025-03-01,Andhra Pradesh,Access_Friction_Biometric,0.10486157771595517,320
2025-03-01,Himachal Pradesh,Access_Friction_Biometric,0.1047014368307005,70
2025-03-01,Punjab,Access_Friction_Biometric,0.1043435916671644,91
2025-03-01,Telangana,Access_Friction_Biometric,0.10383158313687496,200
2025-03-01,Haryana,Access_Friction_Biometric,0.10331909949118757,65
2025-03-01,Jammu and Kashmir,System_Stabilization,0.10330940665356265,1
2025-03-01,Assam,System_Stabilization,0.1015403247104181,62
2025-03-01,Manipur,Localized_Shock_Proxy,0.10118886306983534,11
2025-03-01,Madhya Pradesh,Access_Friction_Biometric,0.10082345807118295,184
2025-03-01,Tamil Nadu,Education_Pressure,0.10036542869059094,4
2025-03-01,Orissa,Education_Pressure,0.09995788380502334,1
2025-03-01,Puducherry,Access_Friction_Biometric,0.09903407353601953,4
2025-03-01,Chandigarh,Routine_Lifecycle,0.0986855309575458,1
2025-03-01,Andhra Pradesh,System_Stabilization,0.09866937041171028,67
2025-03-01,Goa,Access_Friction_Biometric,0.09807683225085019,4
2025-03-01,Jharkhand,Access_Friction_Biometric,0.09672778274470664,25
2025-03-01,Sikkim,Aging_Stress_Zone,0.09638156799209197,1
2025-03-01,Tripura,Access_Friction_Biometric,0.09624984378890697,4
2025-03-01,Tripura,Disaster_Displacement_Proxy,0.09596635198883131,25
2025-03-01,Mizoram,Disaster_Displacement_Proxy,0.09543856009663836,12
2025-03-01,Kerala,System_Stabilization,0.0947667583678111,41
2025-03-01,Uttar Pradesh,Education_Pressure,0.09474467734840197,2
2025-03-01,Telangana,System_Stabilization,0.09401583966942448,25
2025-03-01,Madhya Pradesh,System_Stabilization,0.0939859592294147,14
2025-03-01,Bihar,Disaster_Displacement_Proxy,0.09394710358207783,328
2025-03-01,Uttar Pradesh,System_Stabilization,0.0937069885678823,39
2025-03-01,Uttar Pradesh,Disaster_Displacement_Proxy,0.09334800685986966,545
2025-03-01,West Bengal,Child_Enrolment_Drive,0.09320914885868355,3
2025-03-01,Delhi,Access_Friction_Biometric,0.09313089944072007,8
2025-03-01,Orissa,Access_Friction_Biometric,0.09282217142575401,12
2025-03-01,Andaman and Nicobar Islands,Disaster_Displacement_Proxy,0.09271947654599266,7
2025-03-01,Karnataka,Disaster_Displacement_Proxy,0.09259990619655015,445
2025-03-01,Odisha,Disaster_Displacement_Proxy,0.0925329669273019,218
2025-03-01,Goa,Aging_Stress_Zone,0.09249678156198952,8
2025-03-01,West Bengal,System_Stabilization,0.09215869465168351,66
2025-03-01,Rajasthan,Disaster_Displacement_Proxy,0.09204160383674248,240
2025-03-01,Tamil Nadu,System_Stabilization,0.09164950915451313,30
2025-03-01,West Bengal,Education_Pressure,0.09162187892507456,2
2025-03-01,Tamil Nadu,Disaster_Displacement_Proxy,0.09161345692700006,492
2025-03-01,Gujarat,Disaster_Displacement_Proxy,0.0913595072206031,393
2025-03-01,Himachal Pradesh,Disaster_Displacement_Proxy,0.09135835413549905,127
2025-03-01,Jharkhand,Disaster_Displacement_Proxy,0.09131914118152816,92
2025-03-01,Andhra Pradesh,Disaster_Displacement_Proxy,0.09122721668535361,501
2025-03-01,Arunachal Pradesh,Disaster_Displacement_Proxy,0.0911393357163702,20
2025-03-01,Odisha,Aging_Stress_Zone,0.09105789432511328,38
2025-03-01,Maharashtra,System_Stabilization,0.09091042069810562,87
2025-03-01,Goa,Disaster_Displacement_Proxy,0.09082472497881776,19
2025-03-01,Assam,Disaster_Displacement_Proxy,0.09067885213247107,155
2025-03-01,Rajasthan,System_Stabilization,0.09048423588949683,6
2025-03-01,Karnataka,Aging_Stress_Zone,0.09047791124110903,114
2025-03-01,Puducherry,Disaster_Displacement_Proxy,0.09028759990417651,6
2025-03-01,Manipur,Routine_Lifecycle,0.0901677887428466,13
2025-03-01,Meghalaya,Disaster_Displacement_Proxy,0.09007462899512515,22
2025-03-01,Telangana,Urban_Spillover_PeriUrban,0.09003827430915248,1
2025-03-01,Haryana,Disaster_Displacement_Proxy,0.08991818436236422,114
2025-03-01,Rajasthan,Aging_Stress_Zone,0.0896129722644027,61
2025-03-01,Orissa,Disaster_Displacement_Proxy,0.08957148148952171,18
2025-03-01,Nagaland,Aging_Stress_Zone,0.08954580747575815,9
2025-03-01,Punjab,Disaster_Displacement_Proxy,0.0893783805780291,162
2025-03-01,Delhi,Disaster_Displacement_Proxy,0.08921359503871629,45
2025-03-01,Uttarakhand,Disaster_Displacement_Proxy,0.0891033506256033,71
2025-03-01,Gujarat,System_Stabilization,0.08905163555455,7
2025-03-01,Andhra Pradesh,Aging_Stress_Zone,0.08887008010650095,150
2025-03-01,Telangana,Disaster_Displacement_Proxy,0.08875040662189897,286
2025-03-01,Punjab,Aging_Stress_Zone,0.08862473821431276,26
2025-03-01,Maharashtra,Disaster_Displacement_Proxy,0.08840808926271468,332
2025-03-01,Daman and Diu,Access_Friction_Biometric,0.08833632484019874,2
2025-03-01,Kerala,Disaster_Displacement_Proxy,0.08806492412669369,286
2025-03-01,Uttarakhand,Aging_Stress_Zone,0.08805925384877276,22
2025-03-01,Jharkhand,Education_Pressure,0.0880419257948986,1
2025-03-01,Gujarat,Aging_Stress_Zone,0.08802101969371741,75
2025-03-01,Maharashtra,Urban_Spillover_PeriUrban,0.08781882477524738,1
2025-03-01,Pondicherry,Disaster_Displacement_Proxy,0.08742057677701584,5
2025-03-01,Manipur,Disaster_Displacement_Proxy,0.08723051848227713,9
2025-03-01,West Bengal,Disaster_Displacement_Proxy,0.08715722588176929,290
2025-03-01,Tamil Nadu,Aging_Stress_Zone,0.08689959703152554,135
2025-03-01,Delhi,Routine_Lifecycle,0.08684946955346685,9
2025-03-01,Andaman and Nicobar Islands,Routine_Lifecycle,0.08655638778030952,1
2025-03-01,Nagaland,Disaster_Displacement_Proxy,0.0865048850328134,12
2025-03-01,Kerala,Aging_Stress_Zone,0.08626627461631205,235
2025-03-01,Madhya Pradesh,Disaster_Displacement_Proxy,0.08623877080793738,267
2025-03-01,Chhattisgarh,Disaster_Displacement_Proxy,0.0862151437282285,61
2025-03-01,Chhattisgarh,Routine_Lifecycle,0.08613851484154163,48
2025-03-01,Bihar,Aging_Stress_Zone,0.08609198885107672,46
2025-03-01,Jammu and Kashmir,Disaster_Displacement_Proxy,0.08606614253354836,62
2025-03-01,Uttarakhand,System_Stabilization,0.08594784441183433,3
2025-03-01,Arunachal Pradesh,Routine_Lifecycle,0.08559388984972786,5
2025-03-01,Meghalaya,Access_Friction_Biometric,0.08537632777203034,3
2025-03-01,West Bengal,Aging_Stress_Zone,0.08505692075472396,201
2025-03-01,Maharashtra,Aging_Stress_Zone,0.0844067380900169,225
2025-03-01,Manipur,Aging_Stress_Zone,0.08425009178478726,4
2025-03-01,Arunachal Pradesh,Aging_Stress_Zone,0.08413163978968369,10
2025-03-01,Pondicherry,Aging_Stress_Zone,0.08397215309002655,2
2025-03-01,Meghalaya,Aging_Stress_Zone,0.08394378451964375,12
2025-03-01,Uttar Pradesh,Aging_Stress_Zone,0.08375772189347858,98
2025-03-01,Telangana,Aging_Stress_Zone,0.08316706986335089,97
2025-03-01,Jharkhand,Aging_Stress_Zone,0.08306059099123952,31
2025-03-01,Haryana,Aging_Stress_Zone,0.08259295855315653,26
2025-03-01,Madhya Pradesh,Aging_Stress_Zone,0.08245298691511042,54
2025-03-01,Uttarakhand,Routine_Lifecycle,0.0823638546136789,15
2025-03-01,Odisha,Urban_Spillover_PeriUrban,0.08219504177211763,1
2025-03-01,Himachal Pradesh,Aging_Stress_Zone,0.0821201374411498,27
2025-03-01,Madhya Pradesh,Routine_Lifecycle,0.08164551805339144,129
2025-03-01,Assam,Aging_Stress_Zone,0.08021580973761884,51
2025-03-01,Bihar,Routine_Lifecycle,0.08016553460555971,21
2025-03-01,Chhattisgarh,Aging_Stress_Zone,0.08013384117786032,34
2025-03-01,Telangana,Routine_Lifecycle,0.07999828646826997,99
2025-03-01,Jammu and Kashmir,Aging_Stress_Zone,0.07958848235244402,7
2025-03-01,Maharashtra,Routine_Lifecycle,0.07949593694025837,150
2025-03-01,Daman and Diu,ReKYC_Documentation_Drive,0.0792710299273215,1
2025-03-01,Orissa,Aging_Stress_Zone,0.07926243338338408,6
2025-03-01,Meghalaya,Routine_Lifecycle,0.07914588163998293,4
2025-03-01,Haryana,Routine_Lifecycle,0.0791267767464518,36
2025-03-01,Rajasthan,Routine_Lifecycle,0.0785366542522531,34
2025-03-01,Pondicherry,Localized_Shock_Proxy,0.07811418837272625,1
2025-03-01,Tamil Nadu,Migration_Surge,0.07800310591217996,2
2025-03-01,Jammu and Kashmir,Routine_Lifecycle,0.07756468996453346,13
2025-03-01,Karnataka,Routine_Lifecycle,0.07753141069250977,81
2025-03-01,Ladakh,Disaster_Displacement_Proxy,0.07748935268123727,2
2025-03-01,Nagaland,Routine_Lifecycle,0.07748040408934206,1
2025-03-01,Assam,Routine_Lifecycle,0.0769240039929481,49
2025-03-01,Sikkim,Routine_Lifecycle,0.07636220854624444,1
2025-03-01,Sikkim,Disaster_Displacement_Proxy,0.07624146488501603,4
2025-03-01,Andaman & Nicobar Islands,Disaster_Displacement_Proxy,0.07612729632258847,1
2025-03-01,Andhra Pradesh,Routine_Lifecycle,0.07595183398497679,89
2025-03-01,Nagaland,ReKYC_Documentation_Drive,0.07588367298725474,1
2025-03-01,Gujarat,Routine_Lifecycle,0.07580061902745563,74
2025-03-01,Odisha,Routine_Lifecycle,0.07545544694578774,13
2025-03-01,Jammu and Kashmir,ReKYC_Documentation_Drive,0.07529756484475734,1
2025-03-01,Tamil Nadu,Routine_Lifecycle,0.07484267062502185,52
2025-03-01,Manipur,Household_Split_Merge,0.07475093621928433,1
2025-03-01,Punjab,Routine_Lifecycle,0.07444863128828258,11
2025-03-01,Mizoram,Routine_Lifecycle,0.07405561369203442,1
2025-03-01,West Bengal,Routine_Lifecycle,0.07383000997574242,129
2025-03-01,Kerala,Routine_Lifecycle,0.07381031577499626,88
2025-03-01,Goa,Routine_Lifecycle,0.07378043706515984,3
2025-03-01,Uttar Pradesh,Routine_Lifecycle,0.0734734270491996,65
2025-03-01,Jharkhand,Routine_Lifecycle,0.0732579058099592,4
2025-03-01,Himachal Pradesh,Routine_Lifecycle,0.07300655418784469,16
2025-03-01,Tripura,Aging_Stress_Zone,0.07248594209600165,1
2025-03-01,Puducherry,ReKYC_Documentation_Drive,0.07240338139252098,2
2025-03-01,Punjab,ReKYC_Documentation_Drive,0.07219840110986575,9
2025-03-01,Rajasthan,ReKYC_Documentation_Drive,0.0717621081620182,19
2025-03-01,Haryana,ReKYC_Documentation_Drive,0.07173744889864594,8
2025-03-01,Madhya Pradesh,ReKYC_Documentation_Drive,0.07167735653832759,19
2025-03-01,Karnataka,Child_Enrolment_Drive,0.07162958228917785,1
2025-03-01,Chandigarh,Disaster_Displacement_Proxy,0.07136798260122668,2
2025-03-01,Manipur,System_Stabilization,0.07081506855207068,1
2025-03-01,Jammu and Kashmir,Education_Pressure,0.07065129217183697,2
2025-03-01,Uttarakhand,ReKYC_Documentation_Drive,0.07063904458907248,8
2025-03-01,Telangana,Household_Split_Merge,0.0705754065002674,8
2025-03-01,Puducherry,System_Stabilization,0.07047799101868611,1
2025-03-01,Chhattisgarh,ReKYC_Documentation_Drive,0.07026050519233672,12
2025-03-01,Arunachal Pradesh,ReKYC_Documentation_Drive,0.07025893783038066,1
2025-03-01,Kerala,ReKYC_Documentation_Drive,0.07025749287945024,83
2025-03-01,Gujarat,ReKYC_Documentation_Drive,0.0701850760187462,25
2025-03-01,Himachal Pradesh,ReKYC_Documentation_Drive,0.07000623467032516,8
2025-03-01,Karnataka,ReKYC_Documentation_Drive,0.069883283182267,39
2025-03-01,Tamil Nadu,ReKYC_Documentation_Drive,0.06988218075060798,52
2025-03-01,Andhra Pradesh,ReKYC_Documentation_Drive,0.0697729878303494,57
2025-03-01,Odisha,ReKYC_Documentation_Drive,0.0697487430904082,8
2025-03-01,Maharashtra,ReKYC_Documentation_Drive,0.06968380431542959,83
2025-03-01,Goa,ReKYC_Documentation_Drive,0.06949707104755896,3
2025-03-01,Maharashtra,Household_Split_Merge,0.06942663343084991,22
2025-03-01,Odisha,System_Stabilization,0.06931919448467473,3
2025-03-01,Kerala,Migration_Surge,0.06928310519070657,1
2025-03-01,Lakshadweep,ReKYC_Documentation_Drive,0.06921400816130192,1
2025-03-01,Bihar,ReKYC_Documentation_Drive,0.06920475826030378,17
2025-03-01,Puducherry,Aging_Stress_Zone,0.06916817015772833,5
2025-03-01,Assam,ReKYC_Documentation_Drive,0.06888528199849044,14
2025-03-01,Chandigarh,ReKYC_Documentation_Drive,0.06875936559188035,1
2025-03-01,Uttar Pradesh,ReKYC_Documentation_Drive,0.06849865124553091,49
2025-03-01,Madhya Pradesh,Household_Split_Merge,0.06838162818450898,22
2025-03-01,Arunachal Pradesh,System_Stabilization,0.06827190695984799,1
2025-03-01,Manipur,ReKYC_Documentation_Drive,0.06797334265947556,1
2025-03-01,Chhattisgarh,Household_Split_Merge,0.06776260645955227,13
2025-03-01,Meghalaya,ReKYC_Documentation_Drive,0.06771925043943931,3
2025-03-01,West Bengal,ReKYC_Documentation_Drive,0.067414163936421,79
2025-03-01,Telangana,ReKYC_Documentation_Drive,0.06726898585499703,25
2025-03-01,Andhra Pradesh,Household_Split_Merge,0.06715003983849596,9
2025-03-01,Jharkhand,ReKYC_Documentation_Drive,0.06710541408152156,7
2025-03-01,Bihar,Household_Split_Merge,0.0670798489882052,1
2025-03-01,Assam,Household_Split_Merge,0.06658737635744334,6
2025-03-01,Uttar Pradesh,Household_Split_Merge,0.06597028831024337,10
2025-03-01,Gujarat,Household_Split_Merge,0.06550638711707049,8
2025-03-01,Kerala,Household_Split_Merge,0.06549423122121062,8
2025-03-01,Haryana,Household_Split_Merge,0.06544778324130156,3
2025-03-01,Andaman and Nicobar Islands,ReKYC_Documentation_Drive,0.06535177467293514,2
2025-03-01,Delhi,Household_Split_Merge,0.06486693771671104,2
2025-03-01,Tamil Nadu,Household_Split_Merge,0.06463811896520122,5
2025-03-01,Arunachal Pradesh,Household_Split_Merge,0.06426065981385831,2
2025-03-01,Tripura,Routine_Lifecycle,0.06359728185497046,1
2025-03-01,Andaman and Nicobar Islands,Aging_Stress_Zone,0.06312723091295691,4
2025-03-01,West Bengal,Household_Split_Merge,0.06300335306556692,10
2025-03-01,Goa,System_Stabilization,0.06253992603702756,1
2025-03-01,Karnataka,Household_Split_Merge,0.06239549264327713,7
2025-03-01,Punjab,System_Stabilization,0.06220207707633724,1
2025-03-01,Rajasthan,Household_Split_Merge,0.06207838348987944,5
2025-03-01,Meghalaya,Household_Split_Merge,0.06140510626942121,1
2025-03-01,Delhi,ReKYC_Documentation_Drive,0.05783064466383475,1
2025-03-01,Himachal Pradesh,Household_Split_Merge,0.056262272169485185,2
2025-03-01,Odisha,Household_Split_Merge,0.055860421185425384,1
2025-04-01,Telangana,System_Stabilization,0.4524569448779259,836
2025-04-01,Pondicherry,System_Stabilization,0.4470864801853931,11
2025-04-01,Chhattisgarh,System_Stabilization,0.44371202062315757,208
2025-04-01,Maharashtra,System_Stabilization,0.44225428221334145,1364
2025-04-01,Manipur,System_Stabilization,0.4390059659725964,60
2025-04-01,West Bengal,System_Stabilization,0.4335612549806737,1096
2025-04-01,Puducherry,System_Stabilization,0.4264485073104875,22
2025-04-01,Rajasthan,System_Stabilization,0.41335162918678936,907
2025-04-01,Uttar Pradesh,System_Stabilization,0.4121240533612765,1534
2025-04-01,Gujarat,System_Stabilization,0.4072494708861899,926
2025-04-01,Karnataka,System_Stabilization,0.40596356945663103,1334
2025-04-01,Tamil Nadu,System_Stabilization,0.4038973869351851,1947
2025-04-01,Kerala,System_Stabilization,0.4005040257204244,764
2025-04-01,Arunachal Pradesh,System_Stabilization,0.40016962982160115,33
2025-04-01,Jammu and Kashmir,System_Stabilization,0.3999109576935161,189
2025-04-01,Madhya Pradesh,System_Stabilization,0.39733119220373314,572
2025-04-01,Uttarakhand,System_Stabilization,0.39540959097207246,165
2025-04-01,Assam,System_Stabilization,0.38723667799524636,347
2025-04-01,Bihar,System_Stabilization,0.3825450699431881,866
2025-04-01,Odisha,System_Stabilization,0.3787638706545632,914
2025-04-01,Andaman and Nicobar Islands,System_Stabilization,0.3785104406904177,8
2025-04-01,Haryana,System_Stabilization,0.37790760244237054,181
2025-04-01,Daman and Diu,System_Stabilization,0.37693183136747715,3
2025-04-01,Punjab,System_Stabilization,0.3765804238848525,496
2025-04-01,Andhra Pradesh,System_Stabilization,0.3747432099225514,1149
2025-04-01,Daman & Diu,System_Stabilization,0.3699130499839149,3
2025-04-01,Andaman & Nicobar Islands,System_Stabilization,0.3637033801672247,1
2025-04-01,Lakshadweep,System_Stabilization,0.36368526774575977,1
2025-04-01,Orissa,System_Stabilization,0.3597085347121424,43
2025-04-01,Himachal Pradesh,System_Stabilization,0.3592843282297252,264
2025-04-01,Dadra and Nagar Haveli,System_Stabilization,0.3577949650309785,2
2025-04-01,Dadra and Nagar Haveli and Daman and Diu,System_Stabilization,0.35382663894324673,2
2025-04-01,Ladakh,System_Stabilization,0.3535921613580346,9
2025-04-01,Nagaland,System_Stabilization,0.3506940074893501,26
2025-04-01,Goa,System_Stabilization,0.34579566302965803,43
2025-04-01,Sikkim,System_Stabilization,0.3414582613929177,26
2025-04-01,Chandigarh,System_Stabilization,0.33637947224844705,6
2025-04-01,Delhi,System_Stabilization,0.3356703061744701,44
2025-04-01,Tripura,System_Stabilization,0.33277617142736715,96
2025-04-01,Jharkhand,System_Stabilization,0.32536460979648735,317
2025-04-01,Meghalaya,System_Stabilization,0.281201092640837,24
2025-04-01,Mizoram,System_Stabilization,0.2779402964139959,48
2025-04-01,Kerala,Child_Enrolment_Drive,0.25498893860734817,2
2025-04-01,Odisha,Elderly_Biometric_Refresh,0.15788053926030463,2
2025-04-01,West Bengal,Elderly_Biometric_Refresh,0.15284937215624886,4
2025-04-01,Rajasthan,Access_Friction_Biometric,0.15210399802323324,1
2025-04-01,Jammu and Kashmir,Access_Friction_Biometric,0.14414919565960047,1
2025-04-01,Assam,Elderly_Biometric_Refresh,0.14273744269907582,1
2025-04-01,Haryana,Localized_Shock_Proxy,0.14250344543516202,1
2025-04-01,Kerala,Elderly_Biometric_Refresh,0.13962445163480863,2
2025-04-01,Meghalaya,Localized_Shock_Proxy,0.13568649399455512,1
2025-04-01,Rajasthan,Localized_Shock_Proxy,0.1343048625549012,2
2025-04-01,Jammu and Kashmir,Elderly_Biometric_Refresh,0.1325145375571207,1
2025-04-01,Orissa,Localized_Shock_Proxy,0.12873745259795502,16
2025-04-01,Jammu and Kashmir,Aging_Stress_Zone,0.1282531984812971,2
2025-04-01,Manipur,Access_Friction_Biometric,0.12780453021367785,7
2025-04-01,Nagaland,Localized_Shock_Proxy,0.12622154006063455,3
2025-04-01,Gujarat,Elderly_Biometric_Refresh,0.12486126641060757,2
2025-04-01,Gujarat,Access_Friction_Biometric,0.1233715395723971,8
2025-04-01,Haryana,Access_Friction_Biometric,0.12218894363208999,2
2025-04-01,Odisha,Localized_Shock_Proxy,0.12215287540719305,11
2025-04-01,Madhya Pradesh,Localized_Shock_Proxy,0.12144008288773761,4
2025-04-01,Jharkhand,Access_Friction_Biometric,0.1213900393280745,3
2025-04-01,Tripura,Localized_Shock_Proxy,0.1211781231983477,3
2025-04-01,Odisha,Access_Friction_Biometric,0.11907521338436218,7
2025-04-01,Himachal Pradesh,Access_Friction_Biometric,0.11881007437952854,5
2025-04-01,Kerala,Access_Friction_Biometric,0.11784119303730434,33
2025-04-01,Telangana,Access_Friction_Biometric,0.11688428570995829,3
2025-04-01,Uttarakhand,Access_Friction_Biometric,0.11682714398777828,3
2025-04-01,Arunachal Pradesh,Aging_Stress_Zone,0.11401257433311257,1
2025-04-01,Himachal Pradesh,Localized_Shock_Proxy,0.11335662067167936,5
2025-04-01,Uttarakhand,Localized_Shock_Proxy,0.11299887893633428,5
2025-04-01,Chhattisgarh,Access_Friction_Biometric,0.11265806743168698,10
2025-04-01,Lakshadweep,Access_Friction_Biometric,0.11228738564150892,2
2025-04-01,Chandigarh,Localized_Shock_Proxy,0.1121725856463118,2
2025-04-01,Delhi,Localized_Shock_Proxy,0.11209807221017518,8
2025-04-01,Jharkhand,Localized_Shock_Proxy,0.11190350248592952,13
2025-04-01,Andhra Pradesh,Access_Friction_Biometric,0.11181645483831174,25
2025-04-01,Punjab,Aging_Stress_Zone,0.11158083386838924,3
2025-04-01,Karnataka,Access_Friction_Biometric,0.111093940403279,17
2025-04-01,Karnataka,Aging_Stress_Zone,0.11099461686873971,21
2025-04-01,Uttar Pradesh,Elderly_Biometric_Refresh,0.11092293849701332,1
2025-04-01,Bihar,Aging_Stress_Zone,0.10974090263184255,6
2025-04-01,Puducherry,Access_Friction_Biometric,0.10951832234644095,1
2025-04-01,Andhra Pradesh,Localized_Shock_Proxy,0.10950629946607333,37
2025-04-01,Maharashtra,Elderly_Biometric_Refresh,0.1093018044585409,2
2025-04-01,Assam,Localized_Shock_Proxy,0.10835575316110645,6
2025-04-01,Assam,Access_Friction_Biometric,0.10787311871488062,9
2025-04-01,Mizoram,Localized_Shock_Proxy,0.1072448782647551,6
2025-04-01,Madhya Pradesh,Access_Friction_Biometric,0.10705484100480435,6
2025-04-01,Tamil Nadu,Aging_Stress_Zone,0.10638877977082362,9
2025-04-01,Jharkhand,Aging_Stress_Zone,0.10613192249797229,1
2025-04-01,Goa,Localized_Shock_Proxy,0.10592262867666341,2
2025-04-01,Karnataka,Localized_Shock_Proxy,0.10539578134182319,20
2025-04-01,Karnataka,Elderly_Biometric_Refresh,0.10519104998625926,2
2025-04-01,Tamil Nadu,Access_Friction_Biometric,0.10463548300517336,7
2025-04-01,Punjab,Localized_Shock_Proxy,0.10453334250059536,5
2025-04-01,Telangana,Aging_Stress_Zone,0.10384177959865278,3
2025-04-01,Uttar Pradesh,Access_Friction_Biometric,0.10364174714737827,2
2025-04-01,Gujarat,Localized_Shock_Proxy,0.10220100807263882,3
2025-04-01,Telangana,Elderly_Biometric_Refresh,0.10213732857328743,3
2025-04-01,Tamil Nadu,Localized_Shock_Proxy,0.10196370760705514,22
2025-04-01,Bihar,Access_Friction_Biometric,0.10112572171893974,2
2025-04-01,Maharashtra,Localized_Shock_Proxy,0.10109278961901573,5
2025-04-01,Andhra Pradesh,Elderly_Biometric_Refresh,0.10079637926935528,2
2025-04-01,West Bengal,Access_Friction_Biometric,0.10055621733727327,21
2025-04-01,Bihar,Localized_Shock_Proxy,0.10054550803294227,7
2025-04-01,Kerala,Aging_Stress_Zone,0.10045402413075084,21
2025-04-01,Gujarat,Aging_Stress_Zone,0.0998538888109768,7
2025-04-01,Odisha,Aging_Stress_Zone,0.09976338654728743,10
2025-04-01,Odisha,Marriage_Cluster_Household_Restructure,0.09858998389760762,2
2025-04-01,Andhra Pradesh,Marriage_Cluster_Household_Restructure,0.09818593006178888,1
2025-04-01,Telangana,Localized_Shock_Proxy,0.0974535246000415,1
2025-04-01,Chhattisgarh,Aging_Stress_Zone,0.09744358637002568,5
2025-04-01,Orissa,Access_Friction_Biometric,0.09703918811644963,5
2025-04-01,Punjab,Access_Friction_Biometric,0.09671482091191504,4
2025-04-01,Kerala,Localized_Shock_Proxy,0.09588335598531714,7
2025-04-01,Uttarakhand,Aging_Stress_Zone,0.09523668500935668,3
2025-04-01,Tamil Nadu,Marriage_Cluster_Household_Restructure,0.09507162114088326,2
2025-04-01,Bihar,Household_Split_Merge,0.09496646954876908,1
2025-04-01,West Bengal,Aging_Stress_Zone,0.09438827535996382,15
2025-04-01,Madhya Pradesh,Aging_Stress_Zone,0.09399510304502888,5
2025-04-01,Orissa,Aging_Stress_Zone,0.0937771273803004,1
2025-04-01,Jammu and Kashmir,Localized_Shock_Proxy,0.0933115683578122,1
2025-04-01,Andhra Pradesh,Aging_Stress_Zone,0.09245815476793705,18
2025-04-01,Rajasthan,Elderly_Biometric_Refresh,0.09196451075137886,2
2025-04-01,Rajasthan,Marriage_Cluster_Household_Restructure,0.09170984860147167,1
2025-04-01,Uttar Pradesh,Localized_Shock_Proxy,0.09141837359207193,6
2025-04-01,Pondicherry,Disaster_Displacement_Proxy,0.0899209197085822,1
2025-04-01,Maharashtra,Access_Friction_Biometric,0.0888522257437087,10
2025-04-01,Arunachal Pradesh,Disaster_Displacement_Proxy,0.08720578665755721,2
2025-04-01,Uttar Pradesh,Aging_Stress_Zone,0.08702117443568537,4
2025-04-01,Orissa,Disaster_Displacement_Proxy,0.08486193130076851,7
2025-04-01,Arunachal Pradesh,Localized_Shock_Proxy,0.08454305412811461,2
2025-04-01,Maharashtra,Aging_Stress_Zone,0.08420077684031232,10
2025-04-01,Kerala,Marriage_Cluster_Household_Restructure,0.0837670147826962,5
2025-04-01,Karnataka,Marriage_Cluster_Household_Restructure,0.08335948370983742,3
2025-04-01,Gujarat,Marriage_Cluster_Household_Restructure,0.08242314785795561,3
2025-04-01,West Bengal,Marriage_Cluster_Household_Restructure,0.081731276670491,3
2025-04-01,Odisha,Disaster_Displacement_Proxy,0.08155350147668805,12
2025-04-01,Kerala,Urban_Spillover_PeriUrban,0.08152605219348563,1
2025-04-01,Punjab,Marriage_Cluster_Household_Restructure,0.08102390404657098,1
2025-04-01,Gujarat,Household_Split_Merge,0.08069805273511876,1
2025-04-01,Uttarakhand,Routine_Lifecycle,0.08062367622846466,1
2025-04-01,West Bengal,Routine_Lifecycle,0.08055708566348364,6
2025-04-01,Telangana,Marriage_Cluster_Household_Restructure,0.08042740324397521,1
2025-04-01,West Bengal,Disaster_Displacement_Proxy,0.08007865939862903,8
2025-04-01,Tripura,Migration_Surge,0.08001702394363103,1
2025-04-01,Orissa,Household_Split_Merge,0.07965477515138582,1
2025-04-01,Kerala,Household_Split_Merge,0.0788573572404281,3
2025-04-01,Goa,Disaster_Displacement_Proxy,0.07857521593936564,8
2025-04-01,Nagaland,Disaster_Displacement_Proxy,0.07824623761866391,3
2025-04-01,Haryana,Migration_Surge,0.07813123153266979,1
2025-04-01,Kerala,Disaster_Displacement_Proxy,0.07773535523745145,14
2025-04-01,Meghalaya,Disaster_Displacement_Proxy,0.07770833163379305,19
2025-04-01,Odisha,Child_Enrolment_Drive,0.07767032930376958,1
2025-04-01,Madhya Pradesh,Household_Split_Merge,0.07754325046615601,1
2025-04-01,Gujarat,Disaster_Displacement_Proxy,0.07710444615994709,8
2025-04-01,Uttar Pradesh,Marriage_Cluster_Household_Restructure,0.07684734302993894,1
2025-04-01,Sikkim,Localized_Shock_Proxy,0.07623202571418773,1
2025-04-01,Chhattisgarh,Disaster_Displacement_Proxy,0.07607007580382792,4
2025-04-01,Manipur,Admin_Cleanup_Campaign,0.07583939647768521,7
2025-04-01,Assam,Aging_Stress_Zone,0.07569043162948051,4
2025-04-01,Delhi,Disaster_Displacement_Proxy,0.07535177387281619,27
2025-04-01,Punjab,Disaster_Displacement_Proxy,0.07529536392002985,6
2025-04-01,Kerala,Routine_Lifecycle,0.07489167195229927,8
2025-04-01,Bihar,Disaster_Displacement_Proxy,0.07482008361267314,25
2025-04-01,West Bengal,Child_Enrolment_Drive,0.07474085500445568,2
2025-04-01,Assam,Child_Enrolment_Drive,0.0744925521587601,1
2025-04-01,Himachal Pradesh,Disaster_Displacement_Proxy,0.07439564378539232,30
2025-04-01,Maharashtra,Household_Split_Merge,0.07431867079101198,2
2025-04-01,Jammu and Kashmir,Routine_Lifecycle,0.07416621370598249,1
2025-04-01,Karnataka,Routine_Lifecycle,0.07396993390074691,4
2025-04-01,Karnataka,Disaster_Displacement_Proxy,0.07371994133916403,35
2025-04-01,Telangana,Admin_Cleanup_Campaign,0.0736029527458596,55
2025-04-01,Assam,Disaster_Displacement_Proxy,0.07348581717411552,32
2025-04-01,Andaman and Nicobar Islands,Disaster_Displacement_Proxy,0.07340921196700054,2
2025-04-01,Puducherry,Admin_Cleanup_Campaign,0.0732699957721323,6
2025-04-01,Tamil Nadu,Disaster_Displacement_Proxy,0.07314972486162821,31
2025-04-01,Chandigarh,Disaster_Displacement_Proxy,0.07303222880910115,3
2025-04-01,Manipur,ReKYC_Documentation_Drive,0.07296013092132111,2
2025-04-01,Andaman and Nicobar Islands,Admin_Cleanup_Campaign,0.07279696758453756,8
2025-04-01,Madhya Pradesh,Routine_Lifecycle,0.07266814021404035,1
2025-04-01,Uttarakhand,Marriage_Cluster_Household_Restructure,0.07265193981942615,1
2025-04-01,Uttar Pradesh,Routine_Lifecycle,0.07261169038622653,2
2025-04-01,Punjab,Routine_Lifecycle,0.07259416991012946,2
2025-04-01,West Bengal,Admin_Cleanup_Campaign,0.07256766316228547,149
2025-04-01,Pondicherry,ReKYC_Documentation_Drive,0.07249597519836576,1
2025-04-01,Arunachal Pradesh,Admin_Cleanup_Campaign,0.07240881978199663,9
2025-04-01,Madhya Pradesh,Disaster_Displacement_Proxy,0.07226618502644351,14
2025-04-01,Haryana,Disaster_Displacement_Proxy,0.07199264626516755,27
2025-04-01,Jharkhand,Routine_Lifecycle,0.07189151175167807,1
2025-04-01,Maharashtra,Admin_Cleanup_Campaign,0.07184195448150583,197
2025-04-01,Uttar Pradesh,Disaster_Displacement_Proxy,0.07171098202069576,24
2025-04-01,Kerala,Admin_Cleanup_Campaign,0.07160666447771033,332
2025-04-01,Dadra and Nagar Haveli,Admin_Cleanup_Campaign,0.0715325611762675,2
2025-04-01,Assam,Marriage_Cluster_Household_Restructure,0.07151664565266717,1
2025-04-01,Mizoram,Disaster_Displacement_Proxy,0.07138820416100963,5
2025-04-01,Jammu and Kashmir,Admin_Cleanup_Campaign,0.07109017587802041,16
2025-04-01,Gujarat,Admin_Cleanup_Campaign,0.07091939017688052,124
2025-04-01,Karnataka,Admin_Cleanup_Campaign,0.07087337678087105,178
2025-04-01,Daman and Diu,Admin_Cleanup_Campaign,0.07083582178037806,2
2025-04-01,Uttar Pradesh,Child_Enrolment_Drive,0.07078867413915436,3
2025-04-01,Delhi,Household_Split_Merge,0.07078597624952739,1
2025-04-01,Uttar Pradesh,Admin_Cleanup_Campaign,0.07075260740554254,186
2025-04-01,Rajasthan,Disaster_Displacement_Proxy,0.07068784425369291,6
2025-04-01,Jharkhand,Disaster_Displacement_Proxy,0.07060388884576799,38
2025-04-01,Chhattisgarh,Admin_Cleanup_Campaign,0.07059413177118845,80
2025-04-01,Rajasthan,Admin_Cleanup_Campaign,0.07047448608755813,50
2025-04-01,West Bengal,ReKYC_Documentation_Drive,0.07047093525868785,55
2025-04-01,Maharashtra,ReKYC_Documentation_Drive,0.07035127521491896,49
2025-04-01,Tamil Nadu,Admin_Cleanup_Campaign,0.0703307170809773,102
2025-04-01,Assam,Admin_Cleanup_Campaign,0.07031347059292561,111
2025-04-01,Andhra Pradesh,Routine_Lifecycle,0.07025267348926059,11
2025-04-01,Himachal Pradesh,Aging_Stress_Zone,0.0700244396255163,3
2025-04-01,Uttarakhand,Admin_Cleanup_Campaign,0.06989049216119154,64
2025-04-01,Chandigarh,Admin_Cleanup_Campaign,0.06986911449342216,10
2025-04-01,Manipur,Routine_Lifecycle,0.06963007092108088,2
2025-04-01,Gujarat,Routine_Lifecycle,0.0695413542624465,1
2025-04-01,Kerala,ReKYC_Documentation_Drive,0.06949154515751127,101
2025-04-01,Maharashtra,Disaster_Displacement_Proxy,0.06943636992775316,7
2025-04-01,Telangana,Disaster_Displacement_Proxy,0.06938410162130837,2
2025-04-01,Madhya Pradesh,Admin_Cleanup_Campaign,0.06937743414286655,169
2025-04-01,Odisha,Admin_Cleanup_Campaign,0.06937063623868611,64
2025-04-01,Tamil Nadu,ReKYC_Documentation_Drive,0.06918769134748548,29
2025-04-01,Bihar,Admin_Cleanup_Campaign,0.06917923065328396,77
2025-04-01,Andhra Pradesh,Migration_Surge,0.06903599295705168,3
2025-04-01,Andhra Pradesh,Disaster_Displacement_Proxy,0.06897851618426071,130
2025-04-01,Punjab,Admin_Cleanup_Campaign,0.06890028677138413,45
2025-04-01,Daman and Diu,Disaster_Displacement_Proxy,0.06865113893167318,1
2025-04-01,Sikkim,ReKYC_Documentation_Drive,0.06860132558393464,1
2025-04-01,Lakshadweep,Disaster_Displacement_Proxy,0.06860039370839656,1
2025-04-01,Haryana,Admin_Cleanup_Campaign,0.06855042352756582,76
2025-04-01,Himachal Pradesh,Admin_Cleanup_Campaign,0.06847667120836749,66
2025-04-01,Jammu and Kashmir,Disaster_Displacement_Proxy,0.06828125154320729,6
2025-04-01,Goa,Admin_Cleanup_Campaign,0.06823707378559128,10
2025-04-01,Uttarakhand,ReKYC_Documentation_Drive,0.06815902257255407,15
2025-04-01,Gujarat,ReKYC_Documentation_Drive,0.06805026919487554,30
2025-04-01,Telangana,ReKYC_Documentation_Drive,0.06791754079114339,10
2025-04-01,Karnataka,ReKYC_Documentation_Drive,0.0678859433565622,56
2025-04-01,Sikkim,Admin_Cleanup_Campaign,0.0677801978506059,11
2025-04-01,Uttar Pradesh,ReKYC_Documentation_Drive,0.06776263334227464,57
2025-04-01,Pondicherry,Admin_Cleanup_Campaign,0.06775794767877234,2
2025-04-01,Tripura,Disaster_Displacement_Proxy,0.06764179414637067,3
2025-04-01,Uttarakhand,Disaster_Displacement_Proxy,0.06742778640036921,8
2025-04-01,Rajasthan,ReKYC_Documentation_Drive,0.06738511600253962,14
2025-04-01,Tripura,Admin_Cleanup_Campaign,0.06733917385551946,5
2025-04-01,Andhra Pradesh,Admin_Cleanup_Campaign,0.06732948820254128,361
2025-04-01,Bihar,ReKYC_Documentation_Drive,0.06725491989905802,26
2025-04-01,Arunachal Pradesh,ReKYC_Documentation_Drive,0.06714026919715205,6
2025-04-01,Chhattisgarh,ReKYC_Documentation_Drive,0.0671375536073084,23
2025-04-01,Odisha,ReKYC_Documentation_Drive,0.06706825047862716,11
2025-04-01,Jharkhand,Admin_Cleanup_Campaign,0.06705658693273849,53
2025-04-01,Madhya Pradesh,ReKYC_Documentation_Drive,0.0669965231904103,52
2025-04-01,Punjab,ReKYC_Documentation_Drive,0.06695538307981419,14
2025-04-01,Jammu and Kashmir,ReKYC_Documentation_Drive,0.06684234722972712,6
2025-04-01,Jharkhand,ReKYC_Documentation_Drive,0.06680984096767448,20
2025-04-01,Madhya Pradesh,Child_Enrolment_Drive,0.06669190804704861,3
2025-04-01,Puducherry,Disaster_Displacement_Proxy,0.0666655744014204,1
2025-04-01,Maharashtra,Routine_Lifecycle,0.06665980345533032,4
2025-04-01,Nagaland,Admin_Cleanup_Campaign,0.06647925193371297,10
2025-04-01,Lakshadweep,Admin_Cleanup_Campaign,0.06607876009462024,4
2025-04-01,Andhra Pradesh,ReKYC_Documentation_Drive,0.06590636946219014,106
2025-04-01,Haryana,ReKYC_Documentation_Drive,0.06586491695717805,30
2025-04-01,Assam,ReKYC_Documentation_Drive,0.06579922824411444,24
2025-04-01,Nagaland,ReKYC_Documentation_Drive,0.065795672973082,2
2025-04-01,Tripura,ReKYC_Documentation_Drive,0.06577582453080891,1
2025-04-01,Andaman and Nicobar Islands,ReKYC_Documentation_Drive,0.06576023031816323,3
2025-04-01,Delhi,Admin_Cleanup_Campaign,0.0656265546856005,22
2025-04-01,Tamil Nadu,Routine_Lifecycle,0.06562002443911297,2
2025-04-01,Meghalaya,Admin_Cleanup_Campaign,0.06555192201274705,12
2025-04-01,Meghalaya,ReKYC_Documentation_Drive,0.06541354215777419,7
2025-04-01,Mizoram,Admin_Cleanup_Campaign,0.06515839314192434,2
2025-04-01,Himachal Pradesh,ReKYC_Documentation_Drive,0.06511992224379079,12
2025-04-01,Orissa,Admin_Cleanup_Campaign,0.06501124815623197,8
2025-04-01,Delhi,ReKYC_Documentation_Drive,0.06471658125278659,6
2025-04-01,Karnataka,Household_Split_Merge,0.06430148918781263,1
2025-04-01,Goa,ReKYC_Documentation_Drive,0.06372897441568491,6
2025-04-01,Rajasthan,Aging_Stress_Zone,0.06368336112133083,1
2025-04-01,Goa,Migration_Surge,0.06355298075748678,1
2025-04-01,Ladakh,Admin_Cleanup_Campaign,0.06320567458242146,2
2025-04-01,Himachal Pradesh,Routine_Lifecycle,0.06281577612062712,1
2025-04-01,Maharashtra,Migration_Surge,0.06281393605501609,1
2025-04-01,Karnataka,Education_Pressure,0.06138125060946158,2
2025-04-01,Bihar,Routine_Lifecycle,0.06103141757127545,1
2025-04-01,Tamil Nadu,Child_Enrolment_Drive,0.060710776866818285,1
2025-05-01,Chhattisgarh,System_Stabilization,0.4511000877352912,187
2025-05-01,Rajasthan,System_Stabilization,0.44874275104671474,740
2025-05-01,Dadra and Nagar Haveli and Daman and Diu,System_Stabilization,0.44655520016348527,1
2025-05-01,Telangana,System_Stabilization,0.44581995438688143,273
2025-05-01,Uttar Pradesh,System_Stabilization,0.44289789931508766,1414
2025-05-01,Assam,System_Stabilization,0.4420234574840199,459
2025-05-01,Bihar,System_Stabilization,0.4389741636053805,908
2025-05-01,Himachal Pradesh,System_Stabilization,0.4348835774822196,282
2025-05-01,Maharashtra,System_Stabilization,0.4344073961862368,541
2025-05-01,Jammu and Kashmir,System_Stabilization,0.4340039805471138,151
2025-05-01,Manipur,System_Stabilization,0.4322957422724353,42
2025-05-01,Ladakh,System_Stabilization,0.4272684011661997,10
2025-05-01,West Bengal,System_Stabilization,0.4256239770145842,392
2025-05-01,Uttarakhand,System_Stabilization,0.42544761829029204,184
2025-05-01,Jharkhand,System_Stabilization,0.41727649639626974,395
2025-05-01,Nagaland,System_Stabilization,0.4158726718842132,26
2025-05-01,Tamil Nadu,System_Stabilization,0.41446141219563803,1035
2025-05-01,Andaman & Nicobar Islands,System_Stabilization,0.41070128928326904,1
2025-05-01,Punjab,System_Stabilization,0.4094941269309505,352
2025-05-01,Puducherry,System_Stabilization,0.40944716263670833,5
2025-05-01,Arunachal Pradesh,System_Stabilization,0.40723712288614566,28
2025-05-01,Tripura,System_Stabilization,0.40685066093615546,97
2025-05-01,Haryana,System_Stabilization,0.3997157654760935,246
2025-05-01,Madhya Pradesh,System_Stabilization,0.3988507916433455,419
2025-05-01,Odisha,System_Stabilization,0.39790105652752455,472
2025-05-01,Pondicherry,System_Stabilization,0.3974538799253081,7
2025-05-01,Gujarat,System_Stabilization,0.39634098530201156,308
2025-05-01,Dadra and Nagar Haveli,System_Stabilization,0.39515028193292967,1
2025-05-01,Sikkim,System_Stabilization,0.39092509960673694,26
2025-05-01,Andaman and Nicobar Islands,System_Stabilization,0.38773719165734083,18
2025-05-01,Mizoram,System_Stabilization,0.38243574282154896,47
2025-05-01,Goa,System_Stabilization,0.37821308583749463,44
2025-05-01,Lakshadweep,System_Stabilization,0.37777013044552493,3
2025-05-01,Karnataka,System_Stabilization,0.37755761481533884,389
2025-05-01,Daman and Diu,System_Stabilization,0.3766346136376184,3
2025-05-01,Chandigarh,System_Stabilization,0.3751539436929391,21
2025-05-01,Andhra Pradesh,System_Stabilization,0.37348718113252044,1208
2025-05-01,Delhi,System_Stabilization,0.37203827462929673,90
2025-05-01,Orissa,System_Stabilization,0.36289532977799177,25
2025-05-01,Meghalaya,System_Stabilization,0.34369728651465825,55
2025-05-01,Kerala,System_Stabilization,0.3306988389342657,70
2025-05-01,Dadra & Nagar Haveli,System_Stabilization,0.3087238370312005,1
2025-05-01,Madhya Pradesh,Elderly_Biometric_Refresh,0.20351916796552105,1
2025-05-01,Rajasthan,Localized_Shock_Proxy,0.16898842514131873,1
2025-05-01,Lakshadweep,Localized_Shock_Proxy,0.16571796998342514,1
2025-05-01,Andaman & Nicobar Islands,Localized_Shock_Proxy,0.15844318672901503,1
2025-05-01,Assam,Elderly_Biometric_Refresh,0.15804480084521155,2
2025-05-01,Uttar Pradesh,Elderly_Biometric_Refresh,0.1474638320460616,4
2025-05-01,Orissa,Aging_Stress_Zone,0.1465894416539172,2
2025-05-01,Meghalaya,Localized_Shock_Proxy,0.14558912429123094,1
2025-05-01,Goa,Localized_Shock_Proxy,0.1431597215268541,1
2025-05-01,Gujarat,Elderly_Biometric_Refresh,0.13861430521968576,4
2025-05-01,Chhattisgarh,Access_Friction_Biometric,0.13510457924813943,3
2025-05-01,Odisha,Elderly_Biometric_Refresh,0.1350197598263823,4
2025-05-01,West Bengal,Elderly_Biometric_Refresh,0.1298175251387612,1
2025-05-01,Uttarakhand,Access_Friction_Biometric,0.12922611412657298,2
2025-05-01,Haryana,Elderly_Biometric_Refresh,0.12881247165830317,2
2025-05-01,Orissa,Localized_Shock_Proxy,0.12443280979065698,11
2025-05-01,Karnataka,Elderly_Biometric_Refresh,0.12385892888956984,5
2025-05-01,Daman & Diu,System_Stabilization,0.1234455689204864,1
2025-05-01,Uttarakhand,Aging_Stress_Zone,0.12242183177366098,1
2025-05-01,Punjab,Aging_Stress_Zone,0.11989612525594984,2
2025-05-01,Telangana,Elderly_Biometric_Refresh,0.11882203007532105,4
2025-05-01,Madhya Pradesh,Aging_Stress_Zone,0.11860377019945806,1
2025-05-01,Manipur,Aging_Stress_Zone,0.11836888799773278,2
2025-05-01,Andhra Pradesh,Localized_Shock_Proxy,0.11812559822422342,81
2025-05-01,Himachal Pradesh,Localized_Shock_Proxy,0.11754067806462251,2
2025-05-01,Maharashtra,Elderly_Biometric_Refresh,0.11725564913709242,4
2025-05-01,Nagaland,Localized_Shock_Proxy,0.11593010565694029,4
2025-05-01,Odisha,Aging_Stress_Zone,0.11343967871848658,14
2025-05-01,Punjab,Localized_Shock_Proxy,0.11268282450906983,4
2025-05-01,Karnataka,Localized_Shock_Proxy,0.11066748462675989,37
2025-05-01,Odisha,Localized_Shock_Proxy,0.11028782961509595,9
2025-05-01,Odisha,Access_Friction_Biometric,0.11013583311028152,6
2025-05-01,Madhya Pradesh,Localized_Shock_Proxy,0.11008530505785769,4
2025-05-01,Telangana,Child_Enrolment_Drive,0.10999986376690113,4
2025-05-01,Rajasthan,Aging_Stress_Zone,0.109913781952523,2
2025-05-01,Jammu and Kashmir,Access_Friction_Biometric,0.10912869099815861,1
2025-05-01,Tamil Nadu,Access_Friction_Biometric,0.10881411606020007,18
2025-05-01,Gujarat,Localized_Shock_Proxy,0.10845501532980388,7
2025-05-01,Karnataka,Aging_Stress_Zone,0.10825521853390789,16
2025-05-01,Gujarat,Aging_Stress_Zone,0.10712155979490529,11
2025-05-01,Kerala,Localized_Shock_Proxy,0.10651091120624745,33
2025-05-01,West Bengal,Localized_Shock_Proxy,0.10607140241319402,10
2025-05-01,Gujarat,Access_Friction_Biometric,0.105404801921826,4
2025-05-01,Punjab,Household_Split_Merge,0.10439896757450293,1
2025-05-01,Rajasthan,Access_Friction_Biometric,0.10374445057510746,3
2025-05-01,Assam,Access_Friction_Biometric,0.10329547838984104,4
2025-05-01,Jharkhand,Aging_Stress_Zone,0.10094700436052831,1
2025-05-01,Kerala,Aging_Stress_Zone,0.1007715466287237,15
2025-05-01,West Bengal,Access_Friction_Biometric,0.1001556193217601,29
2025-05-01,Bihar,Elderly_Biometric_Refresh,0.09878285878925891,1
2025-05-01,Andhra Pradesh,Access_Friction_Biometric,0.0970148132400816,39
2025-05-01,Assam,Localized_Shock_Proxy,0.09590019559424123,1
2025-05-01,Tamil Nadu,Localized_Shock_Proxy,0.09573726002605554,17
2025-05-01,Karnataka,Access_Friction_Biometric,0.095643024723474,14
2025-05-01,Tamil Nadu,Aging_Stress_Zone,0.09549664752168371,15
2025-05-01,Uttar Pradesh,Localized_Shock_Proxy,0.09545671915064875,1
2025-05-01,Uttar Pradesh,Access_Friction_Biometric,0.09496318164231839,6
2025-05-01,Maharashtra,Access_Friction_Biometric,0.09453088369381511,12
2025-05-01,Uttar Pradesh,Marriage_Cluster_Household_Restructure,0.09432464095019494,3
2025-05-01,Madhya Pradesh,Household_Split_Merge,0.09425970282560323,2
2025-05-01,Kerala,Access_Friction_Biometric,0.09407909659267687,9
2025-05-01,Orissa,Routine_Lifecycle,0.09384780524532829,1
2025-05-01,Andhra Pradesh,Elderly_Biometric_Refresh,0.09361848505876347,3
2025-05-01,Puducherry,Aging_Stress_Zone,0.09354991949063908,1
2025-05-01,Tamil Nadu,Marriage_Cluster_Household_Restructure,0.09315872270492404,4
2025-05-01,Odisha,Migration_Surge,0.09265713163026947,1
2025-05-01,Odisha,Household_Split_Merge,0.09238589090845784,1
2025-05-01,Andhra Pradesh,Aging_Stress_Zone,0.09192234337772184,33
2025-05-01,Gujarat,Household_Split_Merge,0.09191628809643747,1
2025-05-01,Uttar Pradesh,Aging_Stress_Zone,0.09185974101631837,6
2025-05-01,Jharkhand,Access_Friction_Biometric,0.0918305720086082,1
2025-05-01,Punjab,Access_Friction_Biometric,0.09164402599061602,2
2025-05-01,Maharashtra,Localized_Shock_Proxy,0.09120230656158196,4
2025-05-01,Telangana,Access_Friction_Biometric,0.09113307110045672,11
2025-05-01,Bihar,Household_Split_Merge,0.09098054050357114,1
2025-05-01,Telangana,Localized_Shock_Proxy,0.0891642280966637,1
2025-05-01,Himachal Pradesh,Aging_Stress_Zone,0.08894705077795617,3
2025-05-01,Pondicherry,Disaster_Displacement_Proxy,0.08884903252133411,2
2025-05-01,Rajasthan,Elderly_Biometric_Refresh,0.08845186426819454,1
2025-05-01,Telangana,Aging_Stress_Zone,0.08835296268049624,2
2025-05-01,Rajasthan,Marriage_Cluster_Household_Restructure,0.08830204960443494,2
2025-05-01,Meghalaya,Disaster_Displacement_Proxy,0.08789988329269864,1
2025-05-01,Karnataka,Marriage_Cluster_Household_Restructure,0.08786030159224385,1
2025-05-01,Maharashtra,Aging_Stress_Zone,0.08734772042958579,7
2025-05-01,West Bengal,Aging_Stress_Zone,0.08712472687958982,26
2025-05-01,Tamil Nadu,Elderly_Biometric_Refresh,0.0868469757283142,3
2025-05-01,Himachal Pradesh,Elderly_Biometric_Refresh,0.08562426262393427,1
2025-05-01,Tamil Nadu,Household_Split_Merge,0.08389118467792075,2
2025-05-01,West Bengal,Marriage_Cluster_Household_Restructure,0.08360375781275858,4
2025-05-01,Madhya Pradesh,Access_Friction_Biometric,0.08322223575345425,2
2025-05-01,Bihar,Routine_Lifecycle,0.08279708790552288,1
2025-05-01,Himachal Pradesh,Marriage_Cluster_Household_Restructure,0.08255092628179339,1
2025-05-01,Karnataka,Household_Split_Merge,0.08228880517733687,6
2025-05-01,Andhra Pradesh,Education_Pressure,0.0821070486580814,1
2025-05-01,Kerala,Marriage_Cluster_Household_Restructure,0.08202612881310867,5
2025-05-01,Chhattisgarh,Aging_Stress_Zone,0.08179555395890278,3
2025-05-01,Telangana,Marriage_Cluster_Household_Restructure,0.08125758827407521,4
2025-05-01,Lakshadweep,Admin_Cleanup_Campaign,0.0804070697512117,1
2025-05-01,Odisha,Marriage_Cluster_Household_Restructure,0.07991027093678472,6
2025-05-01,Punjab,Marriage_Cluster_Household_Restructure,0.07945617203004003,2
2025-05-01,Uttar Pradesh,Disaster_Displacement_Proxy,0.07943167618704387,5
2025-05-01,Gujarat,Marriage_Cluster_Household_Restructure,0.07910177078525595,1
2025-05-01,Karnataka,Migration_Surge,0.07848669021042409,1
2025-05-01,West Bengal,Routine_Lifecycle,0.07809879919225368,7
2025-05-01,West Bengal,Disaster_Displacement_Proxy,0.07804578663242565,18
2025-05-01,Delhi,Localized_Shock_Proxy,0.07795222232973956,1
2025-05-01,Goa,Disaster_Displacement_Proxy,0.07769374394508799,6
2025-05-01,Rajasthan,Routine_Lifecycle,0.0772931944926495,3
2025-05-01,Tamil Nadu,Routine_Lifecycle,0.0765215102920634,5
2025-05-01,Orissa,Disaster_Displacement_Proxy,0.07642356240925417,3
2025-05-01,Bihar,Disaster_Displacement_Proxy,0.07625275787485991,1
2025-05-01,Assam,Aging_Stress_Zone,0.07621006030174804,1
2025-05-01,Himachal Pradesh,Admin_Cleanup_Campaign,0.07601433724809604,18
2025-05-01,Himachal Pradesh,Access_Friction_Biometric,0.07593226012971499,1
2025-05-01,Daman & Diu,Localized_Shock_Proxy,0.07592800243307234,1
2025-05-01,Andhra Pradesh,Disaster_Displacement_Proxy,0.07573566432990994,128
2025-05-01,Manipur,Admin_Cleanup_Campaign,0.07569374359792483,27
2025-05-01,Karnataka,Routine_Lifecycle,0.07545422691916961,2
2025-05-01,Andhra Pradesh,Household_Split_Merge,0.07515008758235202,2
2025-05-01,Uttarakhand,Disaster_Displacement_Proxy,0.07504356823380907,3
2025-05-01,Andhra Pradesh,Marriage_Cluster_Household_Restructure,0.07503775070508227,3
2025-05-01,Madhya Pradesh,Routine_Lifecycle,0.0750033782844134,1
2025-05-01,Maharashtra,Marriage_Cluster_Household_Restructure,0.07463439962134513,1
2025-05-01,Maharashtra,Child_Enrolment_Drive,0.07457711709730924,1
2025-05-01,Jharkhand,Disaster_Displacement_Proxy,0.07444999810407582,4
2025-05-01,Tamil Nadu,Child_Enrolment_Drive,0.0743921919906746,4
2025-05-01,Sikkim,ReKYC_Documentation_Drive,0.07432958052206147,1
2025-05-01,Tamil Nadu,Disaster_Displacement_Proxy,0.0742238797235232,49
2025-05-01,Assam,Disaster_Displacement_Proxy,0.073934139949553,2
2025-05-01,Chhattisgarh,Disaster_Displacement_Proxy,0.07389242984508022,6
2025-05-01,Jammu and Kashmir,Admin_Cleanup_Campaign,0.07386176971348826,55
2025-05-01,Bihar,Admin_Cleanup_Campaign,0.07384934756475392,65
2025-05-01,Uttarakhand,Routine_Lifecycle,0.07381843820344276,2
2025-05-01,Puducherry,Disaster_Displacement_Proxy,0.07374161479613714,1
2025-05-01,Rajasthan,Admin_Cleanup_Campaign,0.07367594232705997,176
2025-05-01,Karnataka,Disaster_Displacement_Proxy,0.07365598445345242,114
2025-05-01,Uttarakhand,Admin_Cleanup_Campaign,0.07334301660634948,44
2025-05-01,Delhi,Disaster_Displacement_Proxy,0.07331565123176173,2
2025-05-01,Dadra and Nagar Haveli,Admin_Cleanup_Campaign,0.0732354709697457,3
2025-05-01,West Bengal,Admin_Cleanup_Campaign,0.07316522011152803,754
2025-05-01,Maharashtra,Admin_Cleanup_Campaign,0.07311499659682753,845
2025-05-01,Telangana,Admin_Cleanup_Campaign,0.07293121240081013,486
2025-05-01,Puducherry,Admin_Cleanup_Campaign,0.07285975430786358,16
2025-05-01,Uttar Pradesh,Admin_Cleanup_Campaign,0.07272625077187884,295
2025-05-01,Chhattisgarh,Admin_Cleanup_Campaign,0.07263175222516564,109
2025-05-01,Assam,Admin_Cleanup_Campaign,0.07259508946350765,62
2025-05-01,Sikkim,Admin_Cleanup_Campaign,0.07251262302811373,4
2025-05-01,Gujarat,Disaster_Displacement_Proxy,0.07240364631024364,45
2025-05-01,Himachal Pradesh,ReKYC_Documentation_Drive,0.07227392761006639,6
2025-05-01,Lakshadweep,ReKYC_Documentation_Drive,0.07220782763264716,1
2025-05-01,Himachal Pradesh,Household_Split_Merge,0.0721358732286419,2
2025-05-01,Tamil Nadu,Admin_Cleanup_Campaign,0.0720521799018109,830
2025-05-01,Punjab,Disaster_Displacement_Proxy,0.07193438210363715,9
2025-05-01,Kerala,Routine_Lifecycle,0.07190045683139099,1
2025-05-01,Telangana,Disaster_Displacement_Proxy,0.07183809499825632,11
2025-05-01,Assam,Marriage_Cluster_Household_Restructure,0.0717635388504623,1
2025-05-01,Orissa,ReKYC_Documentation_Drive,0.07158564963382405,5
2025-05-01,Uttar Pradesh,Child_Enrolment_Drive,0.07143965993332821,2
2025-05-01,Bihar,ReKYC_Documentation_Drive,0.07129830432470124,15
2025-05-01,Punjab,Admin_Cleanup_Campaign,0.07126644334459026,154
2025-05-01,Manipur,ReKYC_Documentation_Drive,0.07125690516385513,2
2025-05-01,West Bengal,ReKYC_Documentation_Drive,0.07118164033451173,208
2025-05-01,Kerala,Migration_Surge,0.07100242286044284,2
2025-05-01,Sikkim,Disaster_Displacement_Proxy,0.07099733264323861,3
2025-05-01,Arunachal Pradesh,Admin_Cleanup_Campaign,0.07099189350173882,13
2025-05-01,Rajasthan,ReKYC_Documentation_Drive,0.07098378921794958,52
2025-05-01,Madhya Pradesh,Disaster_Displacement_Proxy,0.07090785561983574,29
2025-05-01,Haryana,Admin_Cleanup_Campaign,0.07089479415473887,53
2025-05-01,Andhra Pradesh,Routine_Lifecycle,0.07089364219650619,5
2025-05-01,Maharashtra,ReKYC_Documentation_Drive,0.070814318885534,234
2025-05-01,Arunachal Pradesh,Disaster_Displacement_Proxy,0.07076996363312528,4
2025-05-01,Maharashtra,Routine_Lifecycle,0.07069872701891727,1
2025-05-01,Gujarat,Admin_Cleanup_Campaign,0.07064225530416113,600
2025-05-01,Odisha,Admin_Cleanup_Campaign,0.07063810810298761,366
2025-05-01,Uttar Pradesh,ReKYC_Documentation_Drive,0.07061035266198744,76
2025-05-01,Madhya Pradesh,Admin_Cleanup_Campaign,0.0705257910275068,272
2025-05-01,Jharkhand,Admin_Cleanup_Campaign,0.07043374728690895,22
2025-05-01,Telangana,Migration_Surge,0.07040957016149357,1
2025-05-01,Tripura,ReKYC_Documentation_Drive,0.07038877945972905,1
2025-05-01,Daman & Diu,Access_Friction_Biometric,0.07027188982560763,1
2025-05-01,Karnataka,Admin_Cleanup_Campaign,0.0702305655548452,924
2025-05-01,Punjab,ReKYC_Documentation_Drive,0.07017835180813214,29
2025-05-01,Assam,ReKYC_Documentation_Drive,0.07017345149148763,11
2025-05-01,Meghalaya,Admin_Cleanup_Campaign,0.07016754751204046,4
2025-05-01,Tripura,Admin_Cleanup_Campaign,0.0701534755426384,4
2025-05-01,Telangana,ReKYC_Documentation_Drive,0.07011039944408037,139
2025-05-01,West Bengal,Child_Enrolment_Drive,0.07001286283570826,2
2025-05-01,Arunachal Pradesh,ReKYC_Documentation_Drive,0.07001218803109663,8
2025-05-01,Uttarakhand,ReKYC_Documentation_Drive,0.06996995148183624,8
2025-05-01,Jammu and Kashmir,ReKYC_Documentation_Drive,0.06984754823360038,12
2025-05-01,Tamil Nadu,ReKYC_Documentation_Drive,0.06971653000473112,243
2025-05-01,Andhra Pradesh,Admin_Cleanup_Campaign,0.0697029275574855,410
2025-05-01,Chhattisgarh,ReKYC_Documentation_Drive,0.06968114591005871,24
2025-05-01,Kerala,Disaster_Displacement_Proxy,0.0695866624968076,164
2025-05-01,Odisha,Disaster_Displacement_Proxy,0.06954298549750489,50
2025-05-01,Himachal Pradesh,Disaster_Displacement_Proxy,0.0693729758007644,5
2025-05-01,Pondicherry,Routine_Lifecycle,0.06923177468316476,1
2025-05-01,Madhya Pradesh,Marriage_Cluster_Household_Restructure,0.06907452775097417,1
2025-05-01,Goa,ReKYC_Documentation_Drive,0.06895667173217096,4
2025-05-01,Karnataka,Child_Enrolment_Drive,0.06882560840643696,3
2025-05-01,Kerala,Child_Enrolment_Drive,0.06880262716249443,1
2025-05-01,Maharashtra,Disaster_Displacement_Proxy,0.06879771664042017,15
2025-05-01,Odisha,ReKYC_Documentation_Drive,0.0687686159348231,99
2025-05-01,Andhra Pradesh,ReKYC_Documentation_Drive,0.06843641131165606,124
2025-05-01,Kerala,Admin_Cleanup_Campaign,0.06838860596890778,843
2025-05-01,Gujarat,ReKYC_Documentation_Drive,0.06838174152023935,152
2025-05-01,Karnataka,ReKYC_Documentation_Drive,0.06831775323411447,247
2025-05-01,Orissa,Admin_Cleanup_Campaign,0.06822899225223727,22
2025-05-01,Andhra Pradesh,Child_Enrolment_Drive,0.06821257818027235,4
2025-05-01,Madhya Pradesh,ReKYC_Documentation_Drive,0.06819909342011506,92
2025-05-01,Goa,Admin_Cleanup_Campaign,0.06801830806690123,16
2025-05-01,Telangana,Education_Pressure,0.0678313612927573,1
2025-05-01,Rajasthan,Child_Enrolment_Drive,0.06771145342847736,1
2025-05-01,Jharkhand,ReKYC_Documentation_Drive,0.06770198170917249,5
2025-05-01,Madhya Pradesh,Education_Pressure,0.06757886077414897,1
2025-05-01,Meghalaya,ReKYC_Documentation_Drive,0.06730451332715195,2
2025-05-01,Nagaland,Admin_Cleanup_Campaign,0.06717150412877593,8
2025-05-01,Pondicherry,Admin_Cleanup_Campaign,0.06703815679668956,7
2025-05-01,Andhra Pradesh,Migration_Surge,0.06702260043424228,2
2025-05-01,Gujarat,Child_Enrolment_Drive,0.06693014446814528,1
2025-05-01,Daman and Diu,Admin_Cleanup_Campaign,0.0667359851910253,1
2025-05-01,Assam,Routine_Lifecycle,0.06672597384261564,1
2025-05-01,Puducherry,ReKYC_Documentation_Drive,0.06671637627454484,8
2025-05-01,Haryana,ReKYC_Documentation_Drive,0.06666805948739124,10
2025-05-01,Madhya Pradesh,Child_Enrolment_Drive,0.06664710759308169,2
2025-05-01,Delhi,Admin_Cleanup_Campaign,0.06664598678121732,9
2025-05-01,Kerala,ReKYC_Documentation_Drive,0.0663519537755512,210
2025-05-01,Nagaland,ReKYC_Documentation_Drive,0.0663487978505093,5
2025-05-01,Dadra and Nagar Haveli and Daman and Diu,Disaster_Displacement_Proxy,0.06627329408177424,1
2025-05-01,Tripura,Disaster_Displacement_Proxy,0.06626586161279972,1
2025-05-01,Delhi,ReKYC_Documentation_Drive,0.06616047177759318,4
2025-05-01,Haryana,Disaster_Displacement_Proxy,0.06612906594356288,2
2025-05-01,Maharashtra,Education_Pressure,0.06594734023311596,1
2025-05-01,Daman & Diu,Admin_Cleanup_Campaign,0.06583942922402435,1
2025-05-01,Gujarat,Routine_Lifecycle,0.06563107462720846,2
2025-05-01,West Bengal,Education_Pressure,0.06555432172550492,1
2025-05-01,Lakshadweep,Disaster_Displacement_Proxy,0.06502566371730774,3
2025-05-01,West Bengal,Migration_Surge,0.06395123162665214,1
2025-05-01,Odisha,Routine_Lifecycle,0.06387375969354306,1
2025-05-01,Rajasthan,Disaster_Displacement_Proxy,0.06294334908905813,1
2025-05-01,Daman and Diu,Aging_Stress_Zone,0.06280516533755515,1
2025-05-01,Jammu and Kashmir,Disaster_Displacement_Proxy,0.06273801028264658,2
2025-05-01,Kerala,Education_Pressure,0.06257327023454558,1
2025-05-01,Andaman and Nicobar Islands,Admin_Cleanup_Campaign,0.062363273984836556,1
2025-05-01,Madhya Pradesh,Migration_Surge,0.062361429199362994,1
2025-05-01,Punjab,Child_Enrolment_Drive,0.061985180374557844,1
2025-05-01,Pondicherry,ReKYC_Documentation_Drive,0.0618325748124993,1
2025-05-01,Telangana,Routine_Lifecycle,0.058549089433961435,1
2025-05-01,Chhattisgarh,Routine_Lifecycle,0.05501423439706734,1
2025-06-01,Dadra and Nagar Haveli and Daman and Diu,System_Stabilization,0.4921650848359154,2
2025-06-01,Uttar Pradesh,System_Stabilization,0.47004418372826806,1328
2025-06-01,Assam,System_Stabilization,0.4655594165724681,356
2025-06-01,Manipur,System_Stabilization,0.46376568106121796,63
2025-06-01,Bihar,System_Stabilization,0.4625668827208116,685
2025-06-01,Andaman and Nicobar Islands,System_Stabilization,0.44510350249565944,7
2025-06-01,West Bengal,System_Stabilization,0.44237005461197615,755
2025-06-01,Jharkhand,System_Stabilization,0.44132896244745706,306
2025-06-01,Rajasthan,System_Stabilization,0.4360373120548746,136
2025-06-01,Sikkim,System_Stabilization,0.43150534756826686,30
2025-06-01,Jammu and Kashmir,System_Stabilization,0.43086520957037466,100
2025-06-01,Tripura,System_Stabilization,0.42944921692304144,57
2025-06-01,Maharashtra,System_Stabilization,0.42809424912912725,600
2025-06-01,Uttarakhand,System_Stabilization,0.42802625270266725,136
2025-06-01,Goa,System_Stabilization,0.42323639013404707,48
2025-06-01,Daman and Diu,System_Stabilization,0.422737587411588,6
2025-06-01,Ladakh,System_Stabilization,0.4222906516835437,5
2025-06-01,Odisha,System_Stabilization,0.4215867250726847,673
2025-06-01,Mizoram,System_Stabilization,0.42157276185431475,26
2025-06-01,Haryana,System_Stabilization,0.4168337926768388,173
2025-06-01,Tamil Nadu,System_Stabilization,0.41566913502468356,937
2025-06-01,Delhi,System_Stabilization,0.41485747233274156,77
2025-06-01,Nagaland,System_Stabilization,0.41366699525429323,29
2025-06-01,Daman & Diu,System_Stabilization,0.41216139024897525,2
2025-06-01,Puducherry,System_Stabilization,0.4111972459669029,16
2025-06-01,Arunachal Pradesh,System_Stabilization,0.4100598195509152,39
2025-06-01,Chhattisgarh,System_Stabilization,0.4051370654833871,69
2025-06-01,Meghalaya,System_Stabilization,0.4037273216979947,36
2025-06-01,Himachal Pradesh,System_Stabilization,0.4035587504277639,94
2025-06-01,Dadra and Nagar Haveli,System_Stabilization,0.399981587561566,3
2025-06-01,Madhya Pradesh,System_Stabilization,0.3990622275242201,297
2025-06-01,Gujarat,System_Stabilization,0.3979351774756791,557
2025-06-01,Punjab,System_Stabilization,0.396251783958883,187
2025-06-01,Chandigarh,System_Stabilization,0.3940066054073758,13
2025-06-01,Telangana,System_Stabilization,0.3937152765043106,217
2025-06-01,Karnataka,System_Stabilization,0.3931943909518472,931
2025-06-01,Orissa,System_Stabilization,0.3721974649004477,32
2025-06-01,Andhra Pradesh,System_Stabilization,0.3718573355014053,867
2025-06-01,Kerala,System_Stabilization,0.3696117155718691,898
2025-06-01,Lakshadweep,System_Stabilization,0.36177623176241297,2
2025-06-01,Pondicherry,System_Stabilization,0.3586571685918761,8
2025-06-01,Maharashtra,Child_Enrolment_Drive,0.1843665222550282,2
2025-06-01,Karnataka,Child_Enrolment_Drive,0.18193728224764671,2
2025-06-01,Jharkhand,Elderly_Biometric_Refresh,0.17825730441344798,1
2025-06-01,Telangana,Education_Pressure,0.1645534544053791,1
2025-06-01,Jammu and Kashmir,Localized_Shock_Proxy,0.15345482052053974,1
2025-06-01,Punjab,Elderly_Biometric_Refresh,0.1500555275318705,3
2025-06-01,Meghalaya,Localized_Shock_Proxy,0.14625630940851142,1
2025-06-01,Bihar,Localized_Shock_Proxy,0.14608472838942774,11
2025-06-01,Himachal Pradesh,Elderly_Biometric_Refresh,0.14228471003270893,2
2025-06-01,West Bengal,Localized_Shock_Proxy,0.13972791817426095,4
2025-06-01,Uttarakhand,Aging_Stress_Zone,0.13828969618959328,1
2025-06-01,Odisha,Child_Enrolment_Drive,0.13801174765575563,3
2025-06-01,Gujarat,Elderly_Biometric_Refresh,0.13507135308033477,2
2025-06-01,Jammu and Kashmir,Elderly_Biometric_Refresh,0.1347477517470991,1
2025-06-01,Delhi,Access_Friction_Biometric,0.133827190409001,1
2025-06-01,Assam,Elderly_Biometric_Refresh,0.13229989898804553,3
2025-06-01,Rajasthan,Elderly_Biometric_Refresh,0.13226768972467667,2
2025-06-01,Haryana,Localized_Shock_Proxy,0.13112944216617817,2
2025-06-01,Odisha,Elderly_Biometric_Refresh,0.1299109965787885,4
2025-06-01,Odisha,Localized_Shock_Proxy,0.12834860600038195,3
2025-06-01,Karnataka,Elderly_Biometric_Refresh,0.12753046101123663,7
2025-06-01,Punjab,Localized_Shock_Proxy,0.1270810977805401,5
2025-06-01,Kerala,Elderly_Biometric_Refresh,0.12684261103513528,6
2025-06-01,Andhra Pradesh,Elderly_Biometric_Refresh,0.12534608359377666,4
2025-06-01,Tamil Nadu,Elderly_Biometric_Refresh,0.12290857283030623,10
2025-06-01,Uttarakhand,Elderly_Biometric_Refresh,0.12247124652384676,3
2025-06-01,Himachal Pradesh,Localized_Shock_Proxy,0.12034076056617436,4
2025-06-01,Rajasthan,Education_Pressure,0.11846101885294812,1
2025-06-01,Chhattisgarh,Access_Friction_Biometric,0.11713305566665436,4
2025-06-01,Gujarat,Access_Friction_Biometric,0.11574257133460396,4
2025-06-01,West Bengal,Elderly_Biometric_Refresh,0.1152530636562703,4
2025-06-01,West Bengal,Child_Enrolment_Drive,0.11498330019959888,4
2025-06-01,Haryana,Access_Friction_Biometric,0.11463437995041455,3
2025-06-01,Odisha,Access_Friction_Biometric,0.1141628590291415,7
2025-06-01,Gujarat,Aging_Stress_Zone,0.11397327039429424,4
2025-06-01,Goa,Localized_Shock_Proxy,0.11389983798527492,1
2025-06-01,Gujarat,Localized_Shock_Proxy,0.11355087326913595,22
2025-06-01,West Bengal,Access_Friction_Biometric,0.11212236569911509,16
2025-06-01,Haryana,Aging_Stress_Zone,0.11149429057263811,3
2025-06-01,Kerala,Aging_Stress_Zone,0.11079746270702144,16
2025-06-01,Maharashtra,Access_Friction_Biometric,0.11035244313102688,12
2025-06-01,Goa,Marriage_Cluster_Household_Restructure,0.11009273708499452,1
2025-06-01,Andhra Pradesh,Localized_Shock_Proxy,0.10983889199462137,50
2025-06-01,Karnataka,Aging_Stress_Zone,0.10941240915319782,15
2025-06-01,Madhya Pradesh,Localized_Shock_Proxy,0.10937737829090309,8
2025-06-01,Karnataka,Access_Friction_Biometric,0.1088866874356607,30
2025-06-01,Karnataka,Localized_Shock_Proxy,0.1085829291968309,24
2025-06-01,Uttar Pradesh,Access_Friction_Biometric,0.10831714462739922,4
2025-06-01,Orissa,Access_Friction_Biometric,0.10806182560522909,1
2025-06-01,Madhya Pradesh,Aging_Stress_Zone,0.10802335468471541,3
2025-06-01,Uttarakhand,Access_Friction_Biometric,0.10739431431418273,2
2025-06-01,Maharashtra,Elderly_Biometric_Refresh,0.10716801509812768,3
2025-06-01,Jammu and Kashmir,Access_Friction_Biometric,0.1068040617871609,2
2025-06-01,Telangana,Elderly_Biometric_Refresh,0.10661493383780923,2
2025-06-01,Tamil Nadu,Aging_Stress_Zone,0.10650959563940336,12
2025-06-01,Chhattisgarh,Localized_Shock_Proxy,0.10636165323485859,6
2025-06-01,Punjab,Access_Friction_Biometric,0.1053121701594011,8
2025-06-01,Chhattisgarh,Aging_Stress_Zone,0.10420762599983961,6
2025-06-01,Himachal Pradesh,Access_Friction_Biometric,0.10415800762373513,6
2025-06-01,Telangana,Access_Friction_Biometric,0.10359858868955693,9
2025-06-01,Tamil Nadu,Localized_Shock_Proxy,0.10266644558640994,10
2025-06-01,Kerala,Access_Friction_Biometric,0.10249263215652947,2
2025-06-01,Andhra Pradesh,Aging_Stress_Zone,0.10219620900160063,26
2025-06-01,Telangana,Localized_Shock_Proxy,0.10216795362444102,5
2025-06-01,Kerala,Localized_Shock_Proxy,0.1021567823921602,21
2025-06-01,Maharashtra,Localized_Shock_Proxy,0.10135058639829848,4
2025-06-01,Punjab,Marriage_Cluster_Household_Restructure,0.10086515353788866,2
2025-06-01,Andhra Pradesh,Access_Friction_Biometric,0.09970440726252731,29
2025-06-01,Rajasthan,Marriage_Cluster_Household_Restructure,0.09950194100847946,1
2025-06-01,Maharashtra,Household_Split_Merge,0.09909151565113976,1
2025-06-01,Haryana,Marriage_Cluster_Household_Restructure,0.09881617646266039,2
2025-06-01,Bihar,Access_Friction_Biometric,0.09819813644626195,8
2025-06-01,Maharashtra,Aging_Stress_Zone,0.09817636938475033,10
2025-06-01,Assam,Access_Friction_Biometric,0.09743918265668704,2
2025-06-01,West Bengal,Marriage_Cluster_Household_Restructure,0.09643169855497975,6
2025-06-01,West Bengal,Education_Pressure,0.09628576825430109,2
2025-06-01,Odisha,Marriage_Cluster_Household_Restructure,0.09624554707449623,4
2025-06-01,Uttar Pradesh,Aging_Stress_Zone,0.09623696942130223,6
2025-06-01,Telangana,Marriage_Cluster_Household_Restructure,0.09551156993309362,2
2025-06-01,Tamil Nadu,Access_Friction_Biometric,0.09360882720841697,16
2025-06-01,Madhya Pradesh,Elderly_Biometric_Refresh,0.09347431463515257,1
2025-06-01,Himachal Pradesh,Routine_Lifecycle,0.0934406427150762,1
2025-06-01,Orissa,Localized_Shock_Proxy,0.09342944280133217,4
2025-06-01,Tripura,Aging_Stress_Zone,0.09327289757544212,1
2025-06-01,Uttarakhand,Marriage_Cluster_Household_Restructure,0.09278938374375315,1
2025-06-01,Punjab,Aging_Stress_Zone,0.09233908963650493,3
2025-06-01,Tamil Nadu,Marriage_Cluster_Household_Restructure,0.09214029340982476,12
2025-06-01,Andhra Pradesh,Child_Enrolment_Drive,0.09204150461002658,3
2025-06-01,Haryana,Household_Split_Merge,0.09116227008107622,1
2025-06-01,Bihar,Aging_Stress_Zone,0.09062266356888442,4
2025-06-01,West Bengal,Aging_Stress_Zone,0.09058790304371708,17
2025-06-01,Assam,Marriage_Cluster_Household_Restructure,0.0899437377637912,2
2025-06-01,Karnataka,Routine_Lifecycle,0.08953450492093869,7
2025-06-01,Telangana,Household_Split_Merge,0.0886322952624617,1
2025-06-01,Rajasthan,Aging_Stress_Zone,0.08861654356031196,1
2025-06-01,Uttar Pradesh,Routine_Lifecycle,0.08828985049214645,1
2025-06-01,Jammu and Kashmir,Routine_Lifecycle,0.08797475428413394,1
2025-06-01,Himachal Pradesh,Aging_Stress_Zone,0.08733869721533387,4
2025-06-01,Bihar,Marriage_Cluster_Household_Restructure,0.08721087079900793,1
2025-06-01,Maharashtra,Marriage_Cluster_Household_Restructure,0.08717196562488663,1
2025-06-01,Puducherry,Aging_Stress_Zone,0.08667210110513811,1
2025-06-01,Uttar Pradesh,Marriage_Cluster_Household_Restructure,0.0864782064715516,2
2025-06-01,Gujarat,Routine_Lifecycle,0.08600382083170949,2
2025-06-01,Rajasthan,Access_Friction_Biometric,0.08589754610854552,1
2025-06-01,Bihar,Elderly_Biometric_Refresh,0.08565113335117293,1
2025-06-01,Orissa,Disaster_Displacement_Proxy,0.0854673814991765,3
2025-06-01,Punjab,Household_Split_Merge,0.08523086045944063,2
2025-06-01,Uttar Pradesh,Localized_Shock_Proxy,0.08400232852266355,1
2025-06-01,Karnataka,Marriage_Cluster_Household_Restructure,0.08378697613306997,7
2025-06-01,Chandigarh,Elderly_Biometric_Refresh,0.08377173512165526,1
2025-06-01,Telangana,Aging_Stress_Zone,0.0833199724410163,7
2025-06-01,Punjab,Routine_Lifecycle,0.08291164187389269,1
2025-06-01,Madhya Pradesh,Access_Friction_Biometric,0.08243618774545214,1
2025-06-01,Delhi,Aging_Stress_Zone,0.08237276748756893,1
2025-06-01,Himachal Pradesh,Marriage_Cluster_Household_Restructure,0.08217633767758926,2
2025-06-01,Delhi,Routine_Lifecycle,0.08215302226762403,2
2025-06-01,Tamil Nadu,Household_Split_Merge,0.08200730575762541,2
2025-06-01,Assam,Routine_Lifecycle,0.08199455308369784,3
2025-06-01,Uttarakhand,Localized_Shock_Proxy,0.08192556085227694,1
2025-06-01,Jharkhand,Aging_Stress_Zone,0.08188756548122811,5
2025-06-01,Karnataka,Household_Split_Merge,0.08117217953294528,4
2025-06-01,Kerala,Marriage_Cluster_Household_Restructure,0.08106338114291975,2
2025-06-01,Karnataka,Education_Pressure,0.08049745952456276,1
2025-06-01,Delhi,Disaster_Displacement_Proxy,0.08028738571360639,2
2025-06-01,Haryana,Routine_Lifecycle,0.08002236686251665,1
2025-06-01,Chandigarh,Admin_Cleanup_Campaign,0.0799513325735824,5
2025-06-01,Kerala,Household_Split_Merge,0.07907196577402628,2
2025-06-01,Chandigarh,Access_Friction_Biometric,0.07907077354484776,1
2025-06-01,Telangana,Routine_Lifecycle,0.07780199858189348,2
2025-06-01,Tamil Nadu,Routine_Lifecycle,0.07764523576005511,4
2025-06-01,Sikkim,Admin_Cleanup_Campaign,0.07750832251879738,3
2025-06-01,Odisha,Routine_Lifecycle,0.07726848287585668,3
2025-06-01,Uttar Pradesh,Elderly_Biometric_Refresh,0.07706698280307987,1
2025-06-01,Punjab,Migration_Surge,0.07682322437680965,1
2025-06-01,Odisha,Aging_Stress_Zone,0.07634972261498019,3
2025-06-01,Andhra Pradesh,Migration_Surge,0.07581247747964732,7
2025-06-01,Manipur,Admin_Cleanup_Campaign,0.07570835144819546,5
2025-06-01,Andhra Pradesh,Household_Split_Merge,0.07551793404969925,4
2025-06-01,Jharkhand,Admin_Cleanup_Campaign,0.07550836634720938,92
2025-06-01,The Dadra And Nagar Haveli And Daman And Diu,ReKYC_Documentation_Drive,0.07526676968198065,1
2025-06-01,West Bengal,Routine_Lifecycle,0.07509051773858828,4
2025-06-01,Assam,Admin_Cleanup_Campaign,0.07489664746960208,127
2025-06-01,Bihar,Admin_Cleanup_Campaign,0.07489320053208498,243
2025-06-01,Chhattisgarh,Disaster_Displacement_Proxy,0.07476231618313359,42
2025-06-01,Meghalaya,Routine_Lifecycle,0.07463362040555539,1
2025-06-01,Kerala,Migration_Surge,0.07426362681988151,3
2025-06-01,Pondicherry,Admin_Cleanup_Campaign,0.07422107506229611,7
2025-06-01,Bihar,Child_Enrolment_Drive,0.07421919937499363,1
2025-06-01,Uttar Pradesh,Admin_Cleanup_Campaign,0.07416494158793506,346
2025-06-01,West Bengal,Disaster_Displacement_Proxy,0.07403585625340876,19
2025-06-01,Assam,Disaster_Displacement_Proxy,0.07378355720116422,8
2025-06-01,Bihar,Disaster_Displacement_Proxy,0.07378280873832313,2
2025-06-01,West Bengal,Admin_Cleanup_Campaign,0.07377127979015108,470
2025-06-01,Uttarakhand,Admin_Cleanup_Campaign,0.07359835341195207,90
2025-06-01,Maharashtra,Routine_Lifecycle,0.07342279545222745,6
2025-06-01,Jammu and Kashmir,Admin_Cleanup_Campaign,0.07317402431307302,91
2025-06-01,Andhra Pradesh,Disaster_Displacement_Proxy,0.07309083626394426,135
2025-06-01,Assam,ReKYC_Documentation_Drive,0.07301095769587719,28
2025-06-01,Lakshadweep,Admin_Cleanup_Campaign,0.07300151676032407,3
2025-06-01,Jharkhand,ReKYC_Documentation_Drive,0.07296848418209312,19
2025-06-01,Rajasthan,Disaster_Displacement_Proxy,0.07287300744235659,3
2025-06-01,Karnataka,Disaster_Displacement_Proxy,0.07285999680451145,93
2025-06-01,Rajasthan,Admin_Cleanup_Campaign,0.0727739809046077,654
2025-06-01,Chhattisgarh,Child_Enrolment_Drive,0.0725911396331175,2
2025-06-01,Bihar,ReKYC_Documentation_Drive,0.07258469869178952,57
2025-06-01,Rajasthan,Child_Enrolment_Drive,0.07250456866148071,1
2025-06-01,Tamil Nadu,Admin_Cleanup_Campaign,0.07249792603399818,928
2025-06-01,Madhya Pradesh,Disaster_Displacement_Proxy,0.07248206132139219,43
2025-06-01,Uttar Pradesh,ReKYC_Documentation_Drive,0.07230915622648455,99
2025-06-01,Tamil Nadu,Migration_Surge,0.07229044095293947,2
2025-06-01,Maharashtra,Admin_Cleanup_Campaign,0.072242623778979,812
2025-06-01,Arunachal Pradesh,Admin_Cleanup_Campaign,0.07223329709286018,8
2025-06-01,Telangana,Admin_Cleanup_Campaign,0.07219620697771499,541
2025-06-01,Himachal Pradesh,Child_Enrolment_Drive,0.07216446990798665,2
2025-06-01,Himachal Pradesh,Admin_Cleanup_Campaign,0.07213338139932855,184
2025-06-01,Gujarat,Household_Split_Merge,0.07183189292527592,2
2025-06-01,Nagaland,Admin_Cleanup_Campaign,0.07181113868480467,8
2025-06-01,Tamil Nadu,Child_Enrolment_Drive,0.07177508039810243,3
2025-06-01,Haryana,Admin_Cleanup_Campaign,0.07175642407474186,105
2025-06-01,Nagaland,ReKYC_Documentation_Drive,0.0717505979638791,3
2025-06-01,Uttar Pradesh,Child_Enrolment_Drive,0.07153796900908932,1
2025-06-01,Uttarakhand,ReKYC_Documentation_Drive,0.07141363487406448,16
2025-06-01,Andaman & Nicobar Islands,ReKYC_Documentation_Drive,0.07137966430531666,1
2025-06-01,Andaman and Nicobar Islands,Admin_Cleanup_Campaign,0.07117383190017962,5
2025-06-01,Tamil Nadu,Disaster_Displacement_Proxy,0.0711434383903667,39
2025-06-01,Telangana,Disaster_Displacement_Proxy,0.07107657768468528,36
2025-06-01,Jammu and Kashmir,Migration_Surge,0.07097813202521454,1
2025-06-01,Punjab,Admin_Cleanup_Campaign,0.07093596939097713,285
2025-06-01,Maharashtra,Disaster_Displacement_Proxy,0.07089238197539166,16
2025-06-01,West Bengal,ReKYC_Documentation_Drive,0.07088476295574359,135
2025-06-01,Telangana,Child_Enrolment_Drive,0.07083289464753714,2
2025-06-01,Puducherry,Admin_Cleanup_Campaign,0.07069585007429348,11
2025-06-01,Puducherry,ReKYC_Documentation_Drive,0.07069563071206189,1
2025-06-01,Odisha,Admin_Cleanup_Campaign,0.07064411985575272,220
2025-06-01,Tamil Nadu,ReKYC_Documentation_Drive,0.07057762762718489,261
2025-06-01,Kerala,Disaster_Displacement_Proxy,0.07055873022450737,51
2025-06-01,Jammu and Kashmir,ReKYC_Documentation_Drive,0.07053131066661883,15
2025-06-01,Tripura,Admin_Cleanup_Campaign,0.07053047054891279,32
2025-06-01,Odisha,Disaster_Displacement_Proxy,0.07049688107396619,21
2025-06-01,Rajasthan,ReKYC_Documentation_Drive,0.07047451260271267,190
2025-06-01,Chhattisgarh,Admin_Cleanup_Campaign,0.07043739139026683,192
2025-06-01,Andaman and Nicobar Islands,ReKYC_Documentation_Drive,0.07042289520045283,5
2025-06-01,Mizoram,Admin_Cleanup_Campaign,0.07039344095074739,17
2025-06-01,Telangana,ReKYC_Documentation_Drive,0.07035380405786651,151
2025-06-01,Punjab,Disaster_Displacement_Proxy,0.07033783539974316,19
2025-06-01,Gujarat,Admin_Cleanup_Campaign,0.07027763673185958,400
2025-06-01,Rajasthan,Localized_Shock_Proxy,0.07027199181647582,1
2025-06-01,Maharashtra,ReKYC_Documentation_Drive,0.07023542940314784,232
2025-06-01,Gujarat,Disaster_Displacement_Proxy,0.07021236822679461,32
2025-06-01,Haryana,Disaster_Displacement_Proxy,0.07020808737032146,5
2025-06-01,Meghalaya,ReKYC_Documentation_Drive,0.07020020911134053,1
2025-06-01,Meghalaya,Admin_Cleanup_Campaign,0.07011690079857344,16
2025-06-01,Lakshadweep,ReKYC_Documentation_Drive,0.0700555038001497,1
2025-06-01,Madhya Pradesh,Admin_Cleanup_Campaign,0.07002002772047729,372
2025-06-01,Delhi,Admin_Cleanup_Campaign,0.06991300064131069,15
2025-06-01,Karnataka,Admin_Cleanup_Campaign,0.06986260293030662,514
2025-06-01,Himachal Pradesh,Disaster_Displacement_Proxy,0.06980349114228084,6
2025-06-01,Arunachal Pradesh,ReKYC_Documentation_Drive,0.06967675783071278,1
2025-06-01,Mizoram,ReKYC_Documentation_Drive,0.06967591861785703,6
2025-06-01,Andhra Pradesh,Admin_Cleanup_Campaign,0.06967164902514306,759
2025-06-01,Ladakh,ReKYC_Documentation_Drive,0.06966371929213583,1
2025-06-01,Himachal Pradesh,ReKYC_Documentation_Drive,0.0694316458862796,42
2025-06-01,Gujarat,Migration_Surge,0.06938098106252567,1
2025-06-01,Goa,Admin_Cleanup_Campaign,0.06933350438292614,5
2025-06-01,Telangana,Migration_Surge,0.06926425098200041,2
2025-06-01,Arunachal Pradesh,Aging_Stress_Zone,0.06921166856109601,1
2025-06-01,Haryana,ReKYC_Documentation_Drive,0.06918361523278894,21
2025-06-01,Odisha,ReKYC_Documentation_Drive,0.06892962612501359,71
2025-06-01,Orissa,Admin_Cleanup_Campaign,0.06872602937273135,13
2025-06-01,Kerala,Admin_Cleanup_Campaign,0.06864461375795859,253
2025-06-01,Bihar,Routine_Lifecycle,0.0685984250636274,2
2025-06-01,Madhya Pradesh,ReKYC_Documentation_Drive,0.06833981831539804,113
2025-06-01,Karnataka,ReKYC_Documentation_Drive,0.06830918495777948,147
2025-06-01,Gujarat,ReKYC_Documentation_Drive,0.06829584542706983,113
2025-06-01,Andhra Pradesh,ReKYC_Documentation_Drive,0.06824771463147998,198
2025-06-01,Punjab,ReKYC_Documentation_Drive,0.06810040961512523,61
2025-06-01,Dadra and Nagar Haveli,Admin_Cleanup_Campaign,0.06803305977357396,1
2025-06-01,Tripura,ReKYC_Documentation_Drive,0.06789355087998034,11
2025-06-01,Chhattisgarh,ReKYC_Documentation_Drive,0.0678376276364065,40
2025-06-01,Delhi,ReKYC_Documentation_Drive,0.06750682172374728,12
2025-06-01,Madhya Pradesh,Migration_Surge,0.06691861683492877,1
2025-06-01,Kerala,ReKYC_Documentation_Drive,0.06687836925270317,75
2025-06-01,Goa,ReKYC_Documentation_Drive,0.06676542356827325,4
2025-06-01,Gujarat,Marriage_Cluster_Household_Restructure,0.06633051544579105,1
2025-06-01,Tamil Nadu,Education_Pressure,0.06629718759914353,1
2025-06-01,Puducherry,Disaster_Displacement_Proxy,0.0662539867820221,1
2025-06-01,Jammu and Kashmir,Disaster_Displacement_Proxy,0.06586048071426859,4
2025-06-01,Gujarat,Child_Enrolment_Drive,0.06579254579918171,2
2025-06-01,Punjab,Education_Pressure,0.06549027598311583,1
2025-06-01,Uttar Pradesh,Disaster_Displacement_Proxy,0.06525354140107302,4
2025-06-01,Tripura,Disaster_Displacement_Proxy,0.06482079896974538,2
2025-06-01,Pondicherry,Disaster_Displacement_Proxy,0.06468725056744994,1
2025-06-01,Pondicherry,ReKYC_Documentation_Drive,0.0646359873360007,1
2025-06-01,West Bengal,Household_Split_Merge,0.0645503360822651,1
2025-06-01,Gujarat,Education_Pressure,0.0643755340239526,2
2025-06-01,Karnataka,Migration_Surge,0.06370900289771331,1
2025-06-01,Goa,Disaster_Displacement_Proxy,0.06130510610992585,1
2025-06-01,Mizoram,Disaster_Displacement_Proxy,0.061245395658145886,1
2025-07-01,Jammu And Kashmir,System_Stabilization,0.47798384660387816,1
2025-07-01,Assam,System_Stabilization,0.45008316138585547,100
2025-07-01,Bihar,System_Stabilization,0.4429751470665399,123
2025-07-01,Manipur,System_Stabilization,0.4421302223783228,2
2025-07-01,Puducherry,System_Stabilization,0.4321097713469646,3
2025-07-01,Andhra Pradesh,System_Stabilization,0.4302039993506121,1472
2025-07-01,Jharkhand,System_Stabilization,0.42837272545498134,55
2025-07-01,Tripura,System_Stabilization,0.4146137199722964,63
2025-07-01,Chhattisgarh,System_Stabilization,0.4137006701575363,205
2025-07-01,Maharashtra,System_Stabilization,0.4128171352227384,358
2025-07-01,Pondicherry,System_Stabilization,0.41267774214541353,3
2025-07-01,Delhi,System_Stabilization,0.41238945541837074,12
2025-07-01,Arunachal Pradesh,System_Stabilization,0.4107970880600834,17
2025-07-01,Tamil Nadu,System_Stabilization,0.4104142087718616,799
2025-07-01,Mizoram,System_Stabilization,0.4103756656614159,21
2025-07-01,Haryana,System_Stabilization,0.40306109453634315,34
2025-07-01,Uttarakhand,System_Stabilization,0.4028767522008256,52
2025-07-01,Telangana,System_Stabilization,0.4025715440242525,429
2025-07-01,Odisha,System_Stabilization,0.4016763450896853,299
2025-07-01,Andaman and Nicobar Islands,System_Stabilization,0.401666601192942,3
2025-07-01,Uttar Pradesh,System_Stabilization,0.39934160670934926,72
2025-07-01,West Bengal,System_Stabilization,0.39733794757848245,193
2025-07-01,Rajasthan,System_Stabilization,0.3957952475112838,33
2025-07-01,Himachal Pradesh,System_Stabilization,0.39495090732825994,96
2025-07-01,Jammu and Kashmir,System_Stabilization,0.394139495813571,32
2025-07-01,Dadra and Nagar Haveli,System_Stabilization,0.39285456496896154,2
2025-07-01,Karnataka,System_Stabilization,0.388388110027927,665
2025-07-01,Goa,System_Stabilization,0.38801248484247197,26
2025-07-01,Sikkim,System_Stabilization,0.38579239997350356,10
2025-07-01,Lakshadweep,System_Stabilization,0.38074029107818913,4
2025-07-01,Nagaland,System_Stabilization,0.37845128186839105,13
2025-07-01,Madhya Pradesh,System_Stabilization,0.3728355395193161,220
2025-07-01,Kerala,System_Stabilization,0.3727824903403791,560
2025-07-01,Gujarat,System_Stabilization,0.36462107254031095,159
2025-07-01,Punjab,System_Stabilization,0.36424976679212706,94
2025-07-01,Orissa,System_Stabilization,0.3556743822707497,26
2025-07-01,Meghalaya,System_Stabilization,0.3491814755356653,5
2025-07-01,Ladakh,Elderly_Biometric_Refresh,0.19829780749320491,1
2025-07-01,Sikkim,Localized_Shock_Proxy,0.17377100014607513,1
2025-07-01,Pondicherry,Localized_Shock_Proxy,0.1715818591533953,1
2025-07-01,Jharkhand,Elderly_Biometric_Refresh,0.16148378139847994,2
2025-07-01,Mizoram,Elderly_Biometric_Refresh,0.15705124665964884,1
2025-07-01,Sikkim,Aging_Stress_Zone,0.15688375153114845,1
2025-07-01,Goa,Localized_Shock_Proxy,0.15607231020430337,2
2025-07-01,Mizoram,Localized_Shock_Proxy,0.143646016920929,1
2025-07-01,Orissa,Aging_Stress_Zone,0.14101618942487448,1
2025-07-01,Uttarakhand,Aging_Stress_Zone,0.14024259048948706,3
2025-07-01,Jammu And Kashmir,Access_Friction_Biometric,0.13924209622917527,1
2025-07-01,Chhattisgarh,Access_Friction_Biometric,0.13691668624111797,1
2025-07-01,Uttarakhand,Child_Enrolment_Drive,0.13611211871588513,1
2025-07-01,Assam,Localized_Shock_Proxy,0.1351971181519372,5
2025-07-01,Andhra Pradesh,Child_Enrolment_Drive,0.1341577536644869,2
2025-07-01,Jammu and Kashmir,Aging_Stress_Zone,0.13249208000819104,2
2025-07-01,Assam,Household_Split_Merge,0.1324477527818239,1
2025-07-01,Jammu and Kashmir,Localized_Shock_Proxy,0.13192925504475905,2
2025-07-01,Haryana,Access_Friction_Biometric,0.1312444978781665,1
2025-07-01,Orissa,Localized_Shock_Proxy,0.1301126531339834,13
2025-07-01,Uttarakhand,Localized_Shock_Proxy,0.12819616591993116,4
2025-07-01,Jharkhand,Access_Friction_Biometric,0.12804230419583149,4
2025-07-01,Delhi,Access_Friction_Biometric,0.12712726102814298,3
2025-07-01,Haryana,Aging_Stress_Zone,0.12407440021952264,1
2025-07-01,Manipur,Access_Friction_Biometric,0.12244377961228786,1
2025-07-01,West Bengal,Elderly_Biometric_Refresh,0.12214679214121897,3
2025-07-01,Himachal Pradesh,Localized_Shock_Proxy,0.12147250016127265,5
2025-07-01,Meghalaya,Localized_Shock_Proxy,0.120654843828741,1
2025-07-01,Chhattisgarh,Aging_Stress_Zone,0.11950768246197227,1
2025-07-01,Madhya Pradesh,Access_Friction_Biometric,0.11940663982103451,2
2025-07-01,Madhya Pradesh,Localized_Shock_Proxy,0.11908896575414882,20
2025-07-01,Delhi,Localized_Shock_Proxy,0.11821980354108029,2
2025-07-01,Bihar,Localized_Shock_Proxy,0.11734972379702091,13
2025-07-01,Uttarakhand,Access_Friction_Biometric,0.11647632994637484,2
2025-07-01,Karnataka,Elderly_Biometric_Refresh,0.11591587217561247,5
2025-07-01,Gujarat,Localized_Shock_Proxy,0.11458407356412435,49
2025-07-01,Chandigarh,Localized_Shock_Proxy,0.11385207980498192,11
2025-07-01,Kerala,Aging_Stress_Zone,0.11358428812396004,16
2025-07-01,Kerala,Elderly_Biometric_Refresh,0.11249865326513402,6
2025-07-01,Tamil Nadu,Aging_Stress_Zone,0.11198845103772621,7
2025-07-01,Karnataka,Access_Friction_Biometric,0.11198162599130784,22
2025-07-01,Karnataka,Aging_Stress_Zone,0.11182136648543015,17
2025-07-01,West Bengal,Access_Friction_Biometric,0.11180901205578277,26
2025-07-01,Gujarat,Aging_Stress_Zone,0.11134304820476036,6
2025-07-01,Gujarat,Access_Friction_Biometric,0.11089180153561477,5
2025-07-01,Andhra Pradesh,Localized_Shock_Proxy,0.11018054444424044,33
2025-07-01,Maharashtra,Aging_Stress_Zone,0.11002692441806694,11
2025-07-01,Punjab,Localized_Shock_Proxy,0.10985175729061088,30
2025-07-01,Odisha,Aging_Stress_Zone,0.10964916281607491,3
2025-07-01,Telangana,Localized_Shock_Proxy,0.10902440864022847,11
2025-07-01,Tamil Nadu,Access_Friction_Biometric,0.1079257568655773,13
2025-07-01,Kerala,Localized_Shock_Proxy,0.10789058531615896,12
2025-07-01,Maharashtra,Localized_Shock_Proxy,0.10763452148385111,29
2025-07-01,Odisha,Access_Friction_Biometric,0.10761484600392954,5
2025-07-01,Jammu and Kashmir,Access_Friction_Biometric,0.10760456751547587,3
2025-07-01,Madhya Pradesh,Aging_Stress_Zone,0.10681969579296971,2
2025-07-01,West Bengal,Localized_Shock_Proxy,0.10600337923891562,24
2025-07-01,Uttar Pradesh,Localized_Shock_Proxy,0.10500392029337906,15
2025-07-01,Bihar,Elderly_Biometric_Refresh,0.1046654088196246,2
2025-07-01,Telangana,Access_Friction_Biometric,0.10438581279268547,4
2025-07-01,Bihar,Aging_Stress_Zone,0.10434576515890312,2
2025-07-01,Tamil Nadu,Elderly_Biometric_Refresh,0.1042757015576043,9
2025-07-01,Andhra Pradesh,Access_Friction_Biometric,0.10417726586594514,7
2025-07-01,Tamil Nadu,Localized_Shock_Proxy,0.10388632786080665,24
2025-07-01,Odisha,Localized_Shock_Proxy,0.10381583073138011,28
2025-07-01,Karnataka,Localized_Shock_Proxy,0.10380704660188697,39
2025-07-01,Maharashtra,Elderly_Biometric_Refresh,0.10364961931837278,4
2025-07-01,Odisha,Marriage_Cluster_Household_Restructure,0.10196128079385755,2
2025-07-01,Haryana,Marriage_Cluster_Household_Restructure,0.10169158805849575,1
2025-07-01,Punjab,Marriage_Cluster_Household_Restructure,0.10092027742105858,1
2025-07-01,Uttar Pradesh,Aging_Stress_Zone,0.10076633839810069,4
2025-07-01,Odisha,Household_Split_Merge,0.10069722969342158,1
2025-07-01,Andhra Pradesh,Routine_Lifecycle,0.09993364060980926,1
2025-07-01,Karnataka,Routine_Lifecycle,0.09979712661214149,1
2025-07-01,Odisha,Elderly_Biometric_Refresh,0.09976128012297023,2
2025-07-01,Assam,Access_Friction_Biometric,0.09909313257152465,7
2025-07-01,Haryana,Localized_Shock_Proxy,0.0988867477739988,16
2025-07-01,Kerala,Access_Friction_Biometric,0.0985321512558927,7
2025-07-01,Himachal Pradesh,Routine_Lifecycle,0.09837178499061736,1
2025-07-01,Rajasthan,Localized_Shock_Proxy,0.09605591058569507,16
2025-07-01,Andaman and Nicobar Islands,Elderly_Biometric_Refresh,0.09603572823936318,1
2025-07-01,Telangana,Elderly_Biometric_Refresh,0.09583982265874139,5
2025-07-01,Chhattisgarh,Localized_Shock_Proxy,0.09581247042815644,7
2025-07-01,Tamil Nadu,Marriage_Cluster_Household_Restructure,0.09403324406959354,7
2025-07-01,Jharkhand,Localized_Shock_Proxy,0.09351110653953185,4
2025-07-01,Himachal Pradesh,Access_Friction_Biometric,0.09270721266025002,1
2025-07-01,Telangana,Aging_Stress_Zone,0.09264626515897596,4
2025-07-01,Andhra Pradesh,Household_Split_Merge,0.09189181413572584,2
2025-07-01,Andhra Pradesh,Aging_Stress_Zone,0.09119256943676796,1
2025-07-01,Rajasthan,Elderly_Biometric_Refresh,0.09053433497872111,2
2025-07-01,Punjab,Elderly_Biometric_Refresh,0.09042368907639516,1
2025-07-01,Puducherry,Household_Split_Merge,0.09013958876831815,1
2025-07-01,Nagaland,Localized_Shock_Proxy,0.0899124021133989,1
2025-07-01,Uttar Pradesh,Access_Friction_Biometric,0.08989702203635998,3
2025-07-01,Maharashtra,Access_Friction_Biometric,0.08920626130405647,5
2025-07-01,Andhra Pradesh,Elderly_Biometric_Refresh,0.08889782538165854,1
2025-07-01,Himachal Pradesh,Migration_Surge,0.08790685401420556,1
2025-07-01,Manipur,Localized_Shock_Proxy,0.08708715806690681,3
2025-07-01,Madhya Pradesh,Elderly_Biometric_Refresh,0.08647954661072142,1
2025-07-01,Kerala,Child_Enrolment_Drive,0.0863745932546513,3
2025-07-01,Karnataka,Marriage_Cluster_Household_Restructure,0.08631124173387095,1
2025-07-01,Puducherry,Localized_Shock_Proxy,0.08581801549764051,1
2025-07-01,Punjab,Household_Split_Merge,0.08554476086970653,1
2025-07-01,Himachal Pradesh,Aging_Stress_Zone,0.08529593891607073,2
2025-07-01,Rajasthan,Access_Friction_Biometric,0.08510078544362243,1
2025-07-01,West Bengal,Aging_Stress_Zone,0.08509500461353829,15
2025-07-01,Haryana,Routine_Lifecycle,0.08502963744648478,1
2025-07-01,Uttarakhand,Marriage_Cluster_Household_Restructure,0.08351071479751575,1
2025-07-01,Kerala,Routine_Lifecycle,0.08347812929028177,1
2025-07-01,Karnataka,Household_Split_Merge,0.08323974725614532,3
2025-07-01,Gujarat,Migration_Surge,0.08297521342005765,2
2025-07-01,Uttar Pradesh,Marriage_Cluster_Household_Restructure,0.0828980597966041,1
2025-07-01,Tripura,Aging_Stress_Zone,0.08239248318011655,2
2025-07-01,Telangana,Household_Split_Merge,0.08185386101194832,3
2025-07-01,Karnataka,Migration_Surge,0.08170978940691356,4
2025-07-01,Assam,Aging_Stress_Zone,0.08162963351292414,3
2025-07-01,Orissa,Household_Split_Merge,0.08139422693448434,1
2025-07-01,Uttarakhand,Elderly_Biometric_Refresh,0.0791976332135189,1
2025-07-01,Maharashtra,Routine_Lifecycle,0.07858818476793611,2
2025-07-01,Kerala,Marriage_Cluster_Household_Restructure,0.07838107036651877,4
2025-07-01,Karnataka,Education_Pressure,0.07792007518468069,1
2025-07-01,Bihar,Marriage_Cluster_Household_Restructure,0.07784083600245814,1
2025-07-01,Telangana,Routine_Lifecycle,0.07745129174641638,4
2025-07-01,Andhra Pradesh,Migration_Surge,0.07742494246659941,6
2025-07-01,West Bengal,Household_Split_Merge,0.07725718476422182,4
2025-07-01,Ladakh,Admin_Cleanup_Campaign,0.07683068789644412,5
2025-07-01,West Bengal,Routine_Lifecycle,0.07666709738409758,8
2025-07-01,Himachal Pradesh,Household_Split_Merge,0.07642137668837025,1
2025-07-01,Assam,Elderly_Biometric_Refresh,0.07631286479720846,1
2025-07-01,West Bengal,Marriage_Cluster_Household_Restructure,0.07535200676995324,6
2025-07-01,Sikkim,Admin_Cleanup_Campaign,0.07514760012941848,23
2025-07-01,Goa,Disaster_Displacement_Proxy,0.07509180959846164,3
2025-07-01,Meghalaya,Disaster_Displacement_Proxy,0.07478572080126873,6
2025-07-01,Bihar,Disaster_Displacement_Proxy,0.0741429723836034,10
2025-07-01,Kerala,Household_Split_Merge,0.07381715709748744,1
2025-07-01,Pondicherry,Disaster_Displacement_Proxy,0.07354920868945941,4
2025-07-01,Daman and Diu,Admin_Cleanup_Campaign,0.07349752313426225,5
2025-07-01,Bihar,Access_Friction_Biometric,0.07338483548947863,1
2025-07-01,Dadra and Nagar Haveli and Daman and Diu,Admin_Cleanup_Campaign,0.0732857850975549,2
2025-07-01,Nagaland,Aging_Stress_Zone,0.07325379568055886,1
2025-07-01,Bihar,Admin_Cleanup_Campaign,0.07321058873075925,672
2025-07-01,Telangana,Marriage_Cluster_Household_Restructure,0.07314860890072482,1
2025-07-01,Assam,Disaster_Displacement_Proxy,0.07301100427999306,24
2025-07-01,Delhi,Disaster_Displacement_Proxy,0.07281427417952122,13
2025-07-01,Uttar Pradesh,Child_Enrolment_Drive,0.07269801090060547,4
2025-07-01,Jharkhand,Marriage_Cluster_Household_Restructure,0.07252683483074704,1
2025-07-01,Assam,Admin_Cleanup_Campaign,0.07243759549218334,356
2025-07-01,Telangana,Disaster_Displacement_Proxy,0.07239063300304018,49
2025-07-01,Odisha,Migration_Surge,0.07234010891708557,3
2025-07-01,Andaman and Nicobar Islands,Disaster_Displacement_Proxy,0.07226028288091797,3
2025-07-01,West Bengal,Child_Enrolment_Drive,0.07221964117376624,2
2025-07-01,Assam,Routine_Lifecycle,0.07204103637108422,2
2025-07-01,Puducherry,Disaster_Displacement_Proxy,0.07168734862977678,4
2025-07-01,Assam,Child_Enrolment_Drive,0.0716762965053945,1
2025-07-01,West Bengal,Disaster_Displacement_Proxy,0.07154350585655231,110
2025-07-01,Telangana,Admin_Cleanup_Campaign,0.0714582297399848,398
2025-07-01,Uttarakhand,Disaster_Displacement_Proxy,0.07139367702470083,23
2025-07-01,Tamil Nadu,Migration_Surge,0.07129424090395266,3
2025-07-01,Daman and Diu,ReKYC_Documentation_Drive,0.07123619224147242,1
2025-07-01,Jharkhand,Admin_Cleanup_Campaign,0.071203580203624,265
2025-07-01,Tripura,Admin_Cleanup_Campaign,0.07116314043249486,34
2025-07-01,Jammu and Kashmir,Admin_Cleanup_Campaign,0.07115105176058031,143
2025-07-01,Uttarakhand,Admin_Cleanup_Campaign,0.07113149539025855,148
2025-07-01,Gujarat,Disaster_Displacement_Proxy,0.07112536206309292,180
2025-07-01,Odisha,Disaster_Displacement_Proxy,0.07112079928957735,91
2025-07-01,Bihar,ReKYC_Documentation_Drive,0.07109781242300366,192
2025-07-01,Uttar Pradesh,Migration_Surge,0.07107742790850148,4
2025-07-01,Goa,ReKYC_Documentation_Drive,0.07103601189561554,11
2025-07-01,West Bengal,Admin_Cleanup_Campaign,0.0710303878418737,944
2025-07-01,Uttar Pradesh,Admin_Cleanup_Campaign,0.0709396708210697,1334
2025-07-01,Odisha,Child_Enrolment_Drive,0.07090830476292077,1
2025-07-01,Madhya Pradesh,Disaster_Displacement_Proxy,0.07089051594711583,128
2025-07-01,Punjab,Disaster_Displacement_Proxy,0.07086558789722353,94
2025-07-01,Punjab,Access_Friction_Biometric,0.07046080338317952,1
2025-07-01,Nagaland,Disaster_Displacement_Proxy,0.07044314669476628,5
2025-07-01,Dadra and Nagar Haveli,Admin_Cleanup_Campaign,0.07044132538245422,2
2025-07-01,Andhra Pradesh,Disaster_Displacement_Proxy,0.07041940738933533,73
2025-07-01,Tamil Nadu,Routine_Lifecycle,0.07041168783128993,1
2025-07-01,Tamil Nadu,Admin_Cleanup_Campaign,0.07038453246687972,943
2025-07-01,Uttarakhand,ReKYC_Documentation_Drive,0.0703609552694266,26
2025-07-01,Tripura,ReKYC_Documentation_Drive,0.07027526347906088,7
2025-07-01,Maharashtra,Admin_Cleanup_Campaign,0.0702485245210402,927
2025-07-01,Mizoram,Routine_Lifecycle,0.07018170743449392,1
2025-07-01,Puducherry,ReKYC_Documentation_Drive,0.07017630873378769,5
2025-07-01,Karnataka,Disaster_Displacement_Proxy,0.07015890778953784,139
2025-07-01,Arunachal Pradesh,ReKYC_Documentation_Drive,0.07015577772938157,12
2025-07-01,Kerala,Disaster_Displacement_Proxy,0.07011480636653893,82
2025-07-01,Himachal Pradesh,Admin_Cleanup_Campaign,0.07010730916758338,183
2025-07-01,Manipur,Admin_Cleanup_Campaign,0.07004512530774981,57
2025-07-01,Rajasthan,Disaster_Displacement_Proxy,0.06999501725648766,124
2025-07-01,Tamil Nadu,Disaster_Displacement_Proxy,0.06999350224030733,111
2025-07-01,Puducherry,Admin_Cleanup_Campaign,0.06996572112328288,16
2025-07-01,Assam,ReKYC_Documentation_Drive,0.069942642190872,80
2025-07-01,Maharashtra,Disaster_Displacement_Proxy,0.06993821340139687,112
2025-07-01,Delhi,Aging_Stress_Zone,0.06982367695573648,2
2025-07-01,Odisha,Admin_Cleanup_Campaign,0.06981793093521164,475
2025-07-01,Goa,Admin_Cleanup_Campaign,0.06979925036005384,21
2025-07-01,Daman & Diu,Admin_Cleanup_Campaign,0.06975564973037253,1
2025-07-01,Jammu and Kashmir,Disaster_Displacement_Proxy,0.06974000213238499,19
2025-07-01,Telangana,ReKYC_Documentation_Drive,0.06970933473877577,90
2025-07-01,Bihar,Child_Enrolment_Drive,0.06968384426758836,4
2025-07-01,Chhattisgarh,Admin_Cleanup_Campaign,0.06956054214055868,99
2025-07-01,Uttar Pradesh,Routine_Lifecycle,0.06953998291089716,1
2025-07-01,Maharashtra,Marriage_Cluster_Household_Restructure,0.0694802806981263,1
2025-07-01,Uttar Pradesh,Disaster_Displacement_Proxy,0.06945689883550216,82
2025-07-01,Jharkhand,Disaster_Displacement_Proxy,0.0693763992559948,15
2025-07-01,Haryana,Disaster_Displacement_Proxy,0.06936141229505562,74
2025-07-01,Andhra Pradesh,Admin_Cleanup_Campaign,0.06930105212208652,207
2025-07-01,Chhattisgarh,Disaster_Displacement_Proxy,0.06926916282078055,21
2025-07-01,Jharkhand,ReKYC_Documentation_Drive,0.06922833737571493,81
2025-07-01,Ladakh,Disaster_Displacement_Proxy,0.06921194679397308,1
2025-07-01,Mizoram,Admin_Cleanup_Campaign,0.06911373204868483,14
2025-07-01,Kerala,Admin_Cleanup_Campaign,0.06909296048164346,478
2025-07-01,Meghalaya,Household_Split_Merge,0.06907011491661373,1
2025-07-01,Lakshadweep,ReKYC_Documentation_Drive,0.06905975830810103,1
2025-07-01,Delhi,Admin_Cleanup_Campaign,0.06905894509636896,62
2025-07-01,Orissa,Admin_Cleanup_Campaign,0.06905754780274637,22
2025-07-01,Jammu and Kashmir,ReKYC_Documentation_Drive,0.06901384277840877,24
2025-07-01,Karnataka,Admin_Cleanup_Campaign,0.06897954442786665,715
2025-07-01,West Bengal,ReKYC_Documentation_Drive,0.06893904471030887,259
2025-07-01,Nagaland,Admin_Cleanup_Campaign,0.06886115899363637,16
2025-07-01,Tamil Nadu,ReKYC_Documentation_Drive,0.0688433761060334,288
2025-07-01,Uttar Pradesh,ReKYC_Documentation_Drive,0.06875934417583775,329
2025-07-01,Rajasthan,Admin_Cleanup_Campaign,0.06873059523415481,645
2025-07-01,Andhra Pradesh,ReKYC_Documentation_Drive,0.06863690013578255,47
2025-07-01,Mizoram,Disaster_Displacement_Proxy,0.068587505574948,2
2025-07-01,Gujarat,Marriage_Cluster_Household_Restructure,0.06857756897788911,1
2025-07-01,Orissa,Disaster_Displacement_Proxy,0.06851861962794746,9
2025-07-01,Gujarat,Admin_Cleanup_Campaign,0.06839142113776278,607
2025-07-01,Madhya Pradesh,Admin_Cleanup_Campaign,0.06822513732120906,363
2025-07-01,Delhi,Household_Split_Merge,0.06822365734716193,1
2025-07-01,Meghalaya,Admin_Cleanup_Campaign,0.0681622247123846,31
2025-07-01,Karnataka,Child_Enrolment_Drive,0.06810359161759996,3
2025-07-01,Haryana,Admin_Cleanup_Campaign,0.0681027678195782,149
2025-07-01,Maharashtra,ReKYC_Documentation_Drive,0.06808450083025393,251
2025-07-01,Odisha,ReKYC_Documentation_Drive,0.06808160935084646,126
2025-07-01,Maharashtra,Education_Pressure,0.06795542758013196,1
2025-07-01,Manipur,Disaster_Displacement_Proxy,0.06790343603117623,17
2025-07-01,Punjab,Admin_Cleanup_Campaign,0.06785881955973377,287
2025-07-01,Chhattisgarh,ReKYC_Documentation_Drive,0.06784869539914677,24
2025-07-01,Delhi,ReKYC_Documentation_Drive,0.06783563349185187,19
2025-07-01,Assam,Education_Pressure,0.06783066622328054,1
2025-07-01,Gujarat,Child_Enrolment_Drive,0.06780538924434851,2
2025-07-01,Meghalaya,ReKYC_Documentation_Drive,0.06761213933376173,14
2025-07-01,Uttar Pradesh,Education_Pressure,0.06756302730576225,1
2025-07-01,Pondicherry,Admin_Cleanup_Campaign,0.06748865136566254,7
2025-07-01,Kerala,ReKYC_Documentation_Drive,0.06744088006979634,127
2025-07-01,Andaman and Nicobar Islands,ReKYC_Documentation_Drive,0.06736643548741912,4
2025-07-01,Karnataka,ReKYC_Documentation_Drive,0.06733395456708774,168
2025-07-01,Arunachal Pradesh,Admin_Cleanup_Campaign,0.0671391785941987,19
2025-07-01,Tamil Nadu,Child_Enrolment_Drive,0.06704431044112504,4
2025-07-01,Mizoram,ReKYC_Documentation_Drive,0.06703105709031987,8
2025-07-01,Rajasthan,ReKYC_Documentation_Drive,0.06697685180091195,180
2025-07-01,Himachal Pradesh,ReKYC_Documentation_Drive,0.06692731621297583,53
2025-07-01,Jammu and Kashmir,Education_Pressure,0.06683709700534837,1
2025-07-01,Orissa,ReKYC_Documentation_Drive,0.06680704540083582,10
2025-07-01,Gujarat,ReKYC_Documentation_Drive,0.06677210061406362,155
2025-07-01,Madhya Pradesh,ReKYC_Documentation_Drive,0.06661175683479814,107
2025-07-01,West Bengal,Education_Pressure,0.06658676040049767,1
2025-07-01,Chandigarh,Disaster_Displacement_Proxy,0.06654359792291015,8
2025-07-01,Lakshadweep,Disaster_Displacement_Proxy,0.0665377011183553,1
2025-07-01,Himachal Pradesh,Disaster_Displacement_Proxy,0.06652602223138139,34
2025-07-01,Punjab,ReKYC_Documentation_Drive,0.0665073026780307,83
2025-07-01,Punjab,Migration_Surge,0.06619249431939948,2
2025-07-01,Andaman & Nicobar Islands,ReKYC_Documentation_Drive,0.06615920679222673,1
2025-07-01,Nagaland,ReKYC_Documentation_Drive,0.06601434968548726,6
2025-07-01,Andaman and Nicobar Islands,Admin_Cleanup_Campaign,0.06571521771018633,7
2025-07-01,Haryana,ReKYC_Documentation_Drive,0.06570190732918234,43
2025-07-01,Ladakh,ReKYC_Documentation_Drive,0.06560794117085438,1
2025-07-01,Bihar,Education_Pressure,0.06539735681311686,1
2025-07-01,Orissa,Migration_Surge,0.06538344308758025,1
2025-07-01,Jharkhand,Migration_Surge,0.06522949355383684,1
2025-07-01,Jammu and Kashmir,Child_Enrolment_Drive,0.06517549911376112,1
2025-07-01,Meghalaya,Child_Enrolment_Drive,0.06507491383600897,1
2025-07-01,Madhya Pradesh,Migration_Surge,0.06502575033985375,2
2025-07-01,Chhattisgarh,Education_Pressure,0.06493696722789315,1
2025-07-01,Bihar,Migration_Surge,0.06421247313146047,1
2025-07-01,Lakshadweep,Admin_Cleanup_Campaign,0.06402518915105454,1
2025-07-01,Pondicherry,ReKYC_Documentation_Drive,0.06401441714882976,2
2025-07-01,West Bengal,Migration_Surge,0.06383458904399994,4
2025-07-01,Manipur,ReKYC_Documentation_Drive,0.06362547541498892,4
2025-07-01,Chandigarh,Admin_Cleanup_Campaign,0.06361842303370435,2
2025-07-01,Arunachal Pradesh,Disaster_Displacement_Proxy,0.06322857006896908,3
2025-07-01,Daman & Diu,Disaster_Displacement_Proxy,0.06288001398033474,1
2025-07-01,Rajasthan,Migration_Surge,0.06284522932639498,1
2025-07-01,Punjab,Aging_Stress_Zone,0.06174051706338289,1
2025-07-01,Gujarat,Education_Pressure,0.06152725577570418,1
2025-07-01,The Dadra And Nagar Haveli And Daman And Diu,Admin_Cleanup_Campaign,0.06141187020598725,1
2025-07-01,Bihar,Routine_Lifecycle,0.05839595377268465,1
2025-09-01,West bengal,System_Stabilization,0.5366418242242043,4
2025-09-01,west Bengal,System_Stabilization,0.5298520549213336,1
2025-09-01,WESTBENGAL,System_Stabilization,0.49637370943981485,3
2025-09-01,Westbengal,System_Stabilization,0.47539211145378246,5
2025-09-01,WEST BENGAL,System_Stabilization,0.4745993000648368,3
2025-09-01,West  Bengal,System_Stabilization,0.46778609435843743,5
2025-09-01,odisha,System_Stabilization,0.4547869666117326,3
2025-09-01,ODISHA,System_Stabilization,0.44038399821714846,2
2025-09-01,Ladakh,System_Stabilization,0.40183664689666587,5
2025-09-01,andhra pradesh,System_Stabilization,0.39813111500957554,1
2025-09-01,Tripura,System_Stabilization,0.39293392436021757,86
2025-09-01,Andhra Pradesh,System_Stabilization,0.39043273585562377,1953
2025-09-01,Daman and Diu,System_Stabilization,0.3885566166150817,4
2025-09-01,Chhattisgarh,System_Stabilization,0.38752556630208057,274
2025-09-01,Andaman and Nicobar Islands,System_Stabilization,0.3863696686903789,18
2025-09-01,Jammu and Kashmir,System_Stabilization,0.3852304435730344,223
2025-09-01,Haryana,System_Stabilization,0.38360922092092364,315
2025-09-01,Kerala,System_Stabilization,0.38154463175613695,1299
2025-09-01,Lakshadweep,System_Stabilization,0.3798000442500113,9
2025-09-01,Punjab,System_Stabilization,0.37872250899585724,604
2025-09-01,Himachal Pradesh,System_Stabilization,0.3782773901180731,338
2025-09-01,Delhi,System_Stabilization,0.3772397736172387,108
2025-09-01,Tamil Nadu,System_Stabilization,0.37399860756872155,1975
2025-09-01,Maharashtra,System_Stabilization,0.3729067300343402,1111
2025-09-01,Karnataka,System_Stabilization,0.3713385982588438,1695
2025-09-01,Daman & Diu,System_Stabilization,0.3697410169783467,5
2025-09-01,Goa,System_Stabilization,0.3691298628292341,71
2025-09-01,Telangana,System_Stabilization,0.3676215012867117,492
2025-09-01,Sikkim,System_Stabilization,0.3667918597008065,8
2025-09-01,Andaman & Nicobar Islands,System_Stabilization,0.36676103966091705,2
2025-09-01,Chandigarh,System_Stabilization,0.3663338209662408,22
2025-09-01,Nagaland,System_Stabilization,0.3660866190610082,38
2025-09-01,Gujarat,System_Stabilization,0.363295660064283,1143
2025-09-01,Madhya Pradesh,System_Stabilization,0.3624039386050269,813
2025-09-01,Odisha,System_Stabilization,0.361830553678205,839
2025-09-01,Meghalaya,System_Stabilization,0.3601846455593729,59
2025-09-01,Uttarakhand,System_Stabilization,0.35972017418246227,203
2025-09-01,Jharkhand,System_Stabilization,0.35783604545453773,235
2025-09-01,Mizoram,System_Stabilization,0.35768019262293493,51
2025-09-01,Dadra and Nagar Haveli and Daman and Diu,System_Stabilization,0.3482203565053927,4
2025-09-01,Bihar,System_Stabilization,0.3456869975646086,156
2025-09-01,Manipur,System_Stabilization,0.3445839003592255,84
2025-09-01,Dadra & Nagar Haveli,System_Stabilization,0.33934436004045443,1
2025-09-01,Assam,System_Stabilization,0.3357069726718927,199
2025-09-01,Arunachal Pradesh,System_Stabilization,0.33276937287113734,24
2025-09-01,Uttar Pradesh,System_Stabilization,0.327061491417551,606
2025-09-01,Pondicherry,System_Stabilization,0.3252269385358254,7
2025-09-01,West Bengal,System_Stabilization,0.32360939867527183,537
2025-09-01,Puducherry,System_Stabilization,0.3179253947271643,11
2025-09-01,Rajasthan,System_Stabilization,0.3163319872848491,415
2025-09-01,Orissa,System_Stabilization,0.31501529358547387,130
2025-09-01,Chandigarh,Child_Enrolment_Drive,0.2834528285954522,1
2025-09-01,Andhra Pradesh,Education_Pressure,0.21038854001143076,1
2025-09-01,Uttar Pradesh,Child_Enrolment_Drive,0.20764823249172643,4
2025-09-01,West Bengal,Child_Enrolment_Drive,0.20647749514548283,4
2025-09-01,Orissa,Child_Enrolment_Drive,0.17779517988747573,5
2025-09-01,Maharashtra,Child_Enrolment_Drive,0.1773715507352595,4
2025-09-01,Karnataka,Child_Enrolment_Drive,0.17240808315170658,4
2025-09-01,West Bengal,Education_Pressure,0.16865112057960482,2
2025-09-01,Dadra & Nagar Haveli,Localized_Shock_Proxy,0.14799548105074878,1
2025-09-01,Uttaranchal,Aging_Stress_Zone,0.14520893186629583,1
2025-09-01,Andaman and Nicobar Islands,Localized_Shock_Proxy,0.1431885949851957,1
2025-09-01,Jharkhand,Child_Enrolment_Drive,0.1408556350658553,3
2025-09-01,Chandigarh,Localized_Shock_Proxy,0.1403007689101715,1
2025-09-01,Uttar Pradesh,Education_Pressure,0.14019708643059806,3
2025-09-01,Andaman and Nicobar Islands,Aging_Stress_Zone,0.13452760841608974,2
2025-09-01,Mizoram,Localized_Shock_Proxy,0.13213139034794935,1
2025-09-01,Assam,Education_Pressure,0.12889553827960162,2
2025-09-01,Andaman & Nicobar Islands,Aging_Stress_Zone,0.12707929522919342,4
2025-09-01,Tamil Nadu,Child_Enrolment_Drive,0.12603024091432152,5
2025-09-01,Jammu and Kashmir,Localized_Shock_Proxy,0.12602876552146078,2
2025-09-01,Telangana,Education_Pressure,0.1259294673134986,3
2025-09-01,Pondicherry,Localized_Shock_Proxy,0.12554732517650943,5
2025-09-01,Madhya Pradesh,Elderly_Biometric_Refresh,0.1234670507956449,1
2025-09-01,Uttarakhand,Aging_Stress_Zone,0.12328887296068236,12
2025-09-01,Ladakh,Access_Friction_Biometric,0.12313553755500813,3
2025-09-01,Andhra Pradesh,Localized_Shock_Proxy,0.1229660730560246,54
2025-09-01,Meghalaya,Access_Friction_Biometric,0.121666256209319,3
2025-09-01,Meghalaya,Localized_Shock_Proxy,0.11908970125098503,5
2025-09-01,Orissa,Localized_Shock_Proxy,0.11888145155824972,31
2025-09-01,Chhattisgarh,Localized_Shock_Proxy,0.11863099481527321,7
2025-09-01,Telangana,Localized_Shock_Proxy,0.11775698646916533,31
2025-09-01,andhra pradesh,Access_Friction_Biometric,0.11728528864788941,1
2025-09-01,Karnataka,Localized_Shock_Proxy,0.1164639578045641,32
2025-09-01,Sikkim,Aging_Stress_Zone,0.11636112585413456,3
2025-09-01,Himachal Pradesh,Access_Friction_Biometric,0.11626996044448637,14
2025-09-01,Dadra & Nagar Haveli,Access_Friction_Biometric,0.11587909163934282,2
2025-09-01,Puducherry,Localized_Shock_Proxy,0.11569152499418363,3
2025-09-01,Gujarat,Education_Pressure,0.11516738325329215,1
2025-09-01,Gujarat,Localized_Shock_Proxy,0.11456398446537808,9
2025-09-01,Jharkhand,Access_Friction_Biometric,0.11359199394103126,57
2025-09-01,Uttarakhand,Access_Friction_Biometric,0.11237344525495241,33
2025-09-01,Kerala,Localized_Shock_Proxy,0.11227281663026793,10
2025-09-01,Goa,Access_Friction_Biometric,0.11168970762987038,4
2025-09-01,Tripura,Access_Friction_Biometric,0.1112413754209527,3
2025-09-01,Chhattisgarh,Aging_Stress_Zone,0.11061893529429488,27
2025-09-01,Punjab,Localized_Shock_Proxy,0.10986647824138247,12
2025-09-01,Orissa,Access_Friction_Biometric,0.10969230136822722,182
2025-09-01,Haryana,Access_Friction_Biometric,0.10966902647204425,15
2025-09-01,West Bengal,Localized_Shock_Proxy,0.10964706381430343,138
2025-09-01,Odisha,Localized_Shock_Proxy,0.10928414223386555,29
2025-09-01,Chhattisgarh,Access_Friction_Biometric,0.10880677779021725,55
2025-09-01,Assam,Aging_Stress_Zone,0.108720185418593,40
2025-09-01,Meghalaya,Aging_Stress_Zone,0.10866435092311663,14
2025-09-01,West Bengal,Access_Friction_Biometric,0.10844171350867539,276
2025-09-01,Uttar Pradesh,Access_Friction_Biometric,0.10826028736406561,139
2025-09-01,Jammu & Kashmir,Aging_Stress_Zone,0.1082295912354959,44
2025-09-01,Jammu and Kashmir,Access_Friction_Biometric,0.10822570128975298,13
2025-09-01,Kerala,Child_Enrolment_Drive,0.10805438193395805,1
2025-09-01,Bihar,Localized_Shock_Proxy,0.10780323886225052,61
2025-09-01,Gujarat,Access_Friction_Biometric,0.1076633107016461,42
2025-09-01,Andaman & Nicobar Islands,Localized_Shock_Proxy,0.10763986416262913,1
2025-09-01,Bihar,Access_Friction_Biometric,0.10755196046500265,91
2025-09-01,Odisha,Access_Friction_Biometric,0.10726189784697274,70
2025-09-01,Tamil Nadu,Localized_Shock_Proxy,0.10724872378912793,17
2025-09-01,Uttar Pradesh,Localized_Shock_Proxy,0.10696713490450602,35
2025-09-01,Punjab,Access_Friction_Biometric,0.1069581443760858,45
2025-09-01,Jharkhand,Localized_Shock_Proxy,0.10691856783339101,9
2025-09-01,Rajasthan,Access_Friction_Biometric,0.106813244146204,54
2025-09-01,Assam,Access_Friction_Biometric,0.10671154240024398,82
2025-09-01,Tamil Nadu,Education_Pressure,0.10651972511897925,1
2025-09-01,Jharkhand,Aging_Stress_Zone,0.1061915896333613,56
2025-09-01,Dadra and Nagar Haveli and Daman and Diu,Access_Friction_Biometric,0.10603720490584934,3
2025-09-01,Maharashtra,Access_Friction_Biometric,0.10591333617095013,88
2025-09-01,Andhra Pradesh,Access_Friction_Biometric,0.10574669144073195,143
2025-09-01,Kerala,Access_Friction_Biometric,0.10569082977949562,18
2025-09-01,Manipur,Access_Friction_Biometric,0.10558640096458966,12
2025-09-01,Tamil Nadu,Access_Friction_Biometric,0.10538593228919257,112
2025-09-01,Assam,Localized_Shock_Proxy,0.10534244953764058,29
2025-09-01,Telangana,Access_Friction_Biometric,0.10519595574296747,50
2025-09-01,Punjab,Aging_Stress_Zone,0.10506989641177968,14
2025-09-01,Madhya Pradesh,Localized_Shock_Proxy,0.10494026641795824,17
2025-09-01,Puducherry,Aging_Stress_Zone,0.1045861183100562,6
2025-09-01,Madhya Pradesh,Access_Friction_Biometric,0.10383071649882683,75
2025-09-01,Karnataka,Access_Friction_Biometric,0.10365305067403224,85
2025-09-01,Odisha,Aging_Stress_Zone,0.10353648437243143,53
2025-09-01,Nagaland,Access_Friction_Biometric,0.10344784465700727,4
2025-09-01,Bihar,Aging_Stress_Zone,0.10316691679990429,54
2025-09-01,Orissa,Aging_Stress_Zone,0.10300371139322981,110
2025-09-01,Rajasthan,Localized_Shock_Proxy,0.10290498847276754,21
2025-09-01,Nagaland,Localized_Shock_Proxy,0.10244514426286987,4
2025-09-01,Gujarat,Aging_Stress_Zone,0.10216345237639221,32
2025-09-01,Sikkim,Access_Friction_Biometric,0.10187122499575306,14
2025-09-01,Goa,Aging_Stress_Zone,0.10187092815218173,5
2025-09-01,Haryana,Localized_Shock_Proxy,0.10147720068267092,3
2025-09-01,Uttarakhand,Localized_Shock_Proxy,0.10126553789298065,3
2025-09-01,Rajasthan,Aging_Stress_Zone,0.10124014161068152,19
2025-09-01,Himachal Pradesh,Aging_Stress_Zone,0.10066396046696209,7
2025-09-01,Karnataka,Aging_Stress_Zone,0.10060795070925943,65
2025-09-01,Uttar Pradesh,Aging_Stress_Zone,0.1005341940811486,107
2025-09-01,Telangana,Aging_Stress_Zone,0.10044426045715779,13
2025-09-01,West Bengal,Aging_Stress_Zone,0.1002478618754725,162
2025-09-01,Mizoram,Routine_Lifecycle,0.10018700301194489,1
2025-09-01,Maharashtra,Localized_Shock_Proxy,0.1001679508601671,35
2025-09-01,Orissa,Education_Pressure,0.09961042017749651,1
2025-09-01,Maharashtra,Aging_Stress_Zone,0.09948187859698038,76
2025-09-01,Mizoram,Access_Friction_Biometric,0.09947521045144038,1
2025-09-01,Sikkim,Localized_Shock_Proxy,0.09916270434970524,5
2025-09-01,Tamil Nadu,Aging_Stress_Zone,0.09836255789019657,62
2025-09-01,Haryana,Aging_Stress_Zone,0.09805695941638878,5
2025-09-01,Karnataka,Elderly_Biometric_Refresh,0.09790582613885225,1
2025-09-01,Madhya Pradesh,Aging_Stress_Zone,0.0977564401161374,37
2025-09-01,Jammu and Kashmir,Routine_Lifecycle,0.09722526058148027,7
2025-09-01,Haryana,Routine_Lifecycle,0.09711728842496616,8
2025-09-01,Himachal Pradesh,Localized_Shock_Proxy,0.09650224216879533,6
2025-09-01,Telangana,Household_Split_Merge,0.09581860861782523,7
2025-09-01,Pondicherry,Aging_Stress_Zone,0.0957293373753141,3
2025-09-01,Jammu & Kashmir,Localized_Shock_Proxy,0.09523814757555757,1
2025-09-01,Jharkhand,Marriage_Cluster_Household_Restructure,0.0952199984461574,1
2025-09-01,Sikkim,Routine_Lifecycle,0.09416733878108974,5
2025-09-01,West Bengal,Elderly_Biometric_Refresh,0.09386302405662414,1
2025-09-01,Gujarat,Household_Split_Merge,0.09382581462127565,3
2025-09-01,Tamil Nadu,Urban_Spillover_PeriUrban,0.09373669297934392,1
2025-09-01,Maharashtra,Elderly_Biometric_Refresh,0.09369713532854024,1
2025-09-01,Nagaland,Aging_Stress_Zone,0.09280092463284619,1
2025-09-01,Delhi,Localized_Shock_Proxy,0.09256812576583355,1
2025-09-01,Jammu & Kashmir,System_Stabilization,0.0925056355680568,4
2025-09-01,Gujarat,Routine_Lifecycle,0.0917874004426713,36
2025-09-01,Chandigarh,Access_Friction_Biometric,0.09177739123416095,2
2025-09-01,Andhra Pradesh,Aging_Stress_Zone,0.09155860576688868,100
2025-09-01,Delhi,Disaster_Displacement_Proxy,0.09103262210187145,1
2025-09-01,Andaman & Nicobar Islands,Disaster_Displacement_Proxy,0.09082209576098281,5
2025-09-01,Goa,Localized_Shock_Proxy,0.09080641013736823,1
2025-09-01,Puducherry,Routine_Lifecycle,0.09051067406553322,1
2025-09-01,Assam,Routine_Lifecycle,0.08970880522321756,44
2025-09-01,West Bangal,Disaster_Displacement_Proxy,0.08970347691752353,4
2025-09-01,Jammu and Kashmir,Aging_Stress_Zone,0.08898736823215259,5
2025-09-01,Himachal Pradesh,Routine_Lifecycle,0.08842649005851135,16
2025-09-01,Kerala,Aging_Stress_Zone,0.08815076654962616,15
2025-09-01,Uttar Pradesh,Routine_Lifecycle,0.08800720027536849,61
2025-09-01,Karnataka,Routine_Lifecycle,0.08762339248415367,83
2025-09-01,Puducherry,Migration_Surge,0.08743796839733392,3
2025-09-01,Odisha,Routine_Lifecycle,0.08731340805743606,40
2025-09-01,Kerala,Routine_Lifecycle,0.08728212889273992,29
2025-09-01,Gujarat,Child_Enrolment_Drive,0.08726876035493691,2
2025-09-01,Dadra and Nagar Haveli and Daman and Diu,Routine_Lifecycle,0.08701827222035302,2
2025-09-01,Andhra Pradesh,Routine_Lifecycle,0.0868941987350673,176
2025-09-01,Himachal Pradesh,Household_Split_Merge,0.08686125467022647,6
2025-09-01,Orissa,Routine_Lifecycle,0.08680785513653874,85
2025-09-01,Gujarat,Marriage_Cluster_Household_Restructure,0.08676620535718237,2
2025-09-01,Jammu & Kashmir,Disaster_Displacement_Proxy,0.086744959432175,11
2025-09-01,Orissa,Disaster_Displacement_Proxy,0.08670637783646695,79
2025-09-01,Jharkhand,Routine_Lifecycle,0.08654397624189569,10
2025-09-01,West Bengal,Routine_Lifecycle,0.08627229793266972,140
2025-09-01,Tamil Nadu,Routine_Lifecycle,0.0862551940417925,102
2025-09-01,Odisha,Household_Split_Merge,0.08625340274189025,11
2025-09-01,Rajasthan,Routine_Lifecycle,0.08622412713790353,30
2025-09-01,Meghalaya,Marriage_Cluster_Household_Restructure,0.08614714990422068,1
2025-09-01,Orissa,Migration_Surge,0.08610942832907081,1
2025-09-01,Gujarat,Disaster_Displacement_Proxy,0.08602783224485808,35
2025-09-01,Uttar Pradesh,Household_Split_Merge,0.08584723739709943,19
2025-09-01,Uttarakhand,Routine_Lifecycle,0.08530541802252861,16
2025-09-01,Manipur,Routine_Lifecycle,0.08510884560727287,6
2025-09-01,Bihar,Routine_Lifecycle,0.08495901691830618,20
2025-09-01,Arunachal Pradesh,Aging_Stress_Zone,0.08495390751133776,5
2025-09-01,Pondicherry,Disaster_Displacement_Proxy,0.0848444302018204,10
2025-09-01,Tamil Nadu,Household_Split_Merge,0.08479707601851694,24
2025-09-01,Madhya Pradesh,Routine_Lifecycle,0.08440604631453036,29
2025-09-01,Andhra Pradesh,Disaster_Displacement_Proxy,0.08424162811842821,137
2025-09-01,Delhi,Access_Friction_Biometric,0.08400660794396951,2
2025-09-01,Goa,Routine_Lifecycle,0.08396387325325708,5
2025-09-01,Chhattisgarh,Migration_Surge,0.08380860899037167,1
2025-09-01,Kerala,Marriage_Cluster_Household_Restructure,0.08367598199350877,1
2025-09-01,Maharashtra,Routine_Lifecycle,0.08361423600546786,108
2025-09-01,Odisha,Child_Enrolment_Drive,0.08339805307583205,1
2025-09-01,Meghalaya,Routine_Lifecycle,0.08338995653483941,4
2025-09-01,Telangana,Routine_Lifecycle,0.08321866282492761,37
2025-09-01,Uttarakhand,Household_Split_Merge,0.08308669690861632,5
2025-09-01,Chhattisgarh,Routine_Lifecycle,0.08301561631299245,20
2025-09-01,Mizoram,Aging_Stress_Zone,0.08283181921203897,2
2025-09-01,Madhya Pradesh,Disaster_Displacement_Proxy,0.08281209701843524,35
2025-09-01,Nagaland,Routine_Lifecycle,0.08268411449399514,11
2025-09-01,Karnataka,Disaster_Displacement_Proxy,0.08244162589333062,56
2025-09-01,Punjab,Routine_Lifecycle,0.08228467553375883,11
2025-09-01,Uttar Pradesh,Migration_Surge,0.08228299160789443,5
2025-09-01,Karnataka,Household_Split_Merge,0.08147603014720069,20
2025-09-01,Puducherry,Disaster_Displacement_Proxy,0.08125601549280263,12
2025-09-01,Assam,Household_Split_Merge,0.08112373456022508,8
2025-09-01,Haryana,Disaster_Displacement_Proxy,0.08058380523119867,5
2025-09-01,Himachal Pradesh,Disaster_Displacement_Proxy,0.0801736998981084,19
2025-09-01,Jharkhand,Household_Split_Merge,0.08007410592182569,4
2025-09-01,Goa,ReKYC_Documentation_Drive,0.08005435551170925,7
2025-09-01,Delhi,Routine_Lifecycle,0.08001729165137454,6
2025-09-01,Mizoram,Disaster_Displacement_Proxy,0.07982605081282962,1
2025-09-01,Odisha,Disaster_Displacement_Proxy,0.07962945003750953,71
2025-09-01,Chhattisgarh,Disaster_Displacement_Proxy,0.07950575509086155,15
2025-09-01,Rajasthan,Marriage_Cluster_Household_Restructure,0.07903583407751864,2
2025-09-01,West Bengal,Migration_Surge,0.07898075040944523,4
2025-09-01,Kerala,Household_Split_Merge,0.07894290072721655,4
2025-09-01,Jharkhand,Disaster_Displacement_Proxy,0.07879242400449234,33
2025-09-01,Tamil Nadu,Disaster_Displacement_Proxy,0.07877335650241236,68
2025-09-01,Tamil Nadu,Marriage_Cluster_Household_Restructure,0.07822293384531055,1
2025-09-01,Assam,Disaster_Displacement_Proxy,0.07816475281490903,86
2025-09-01,Uttarakhand,Disaster_Displacement_Proxy,0.07800756228160903,15
2025-09-01,Kerala,Disaster_Displacement_Proxy,0.07781992808025116,27
2025-09-01,Andaman & Nicobar Islands,Routine_Lifecycle,0.07755218614596507,5
2025-09-01,Jammu & Kashmir,Routine_Lifecycle,0.07749211278944157,2
2025-09-01,Andhra Pradesh,Migration_Surge,0.07740966268878596,1
2025-09-01,Bihar,Migration_Surge,0.07739625892139755,3
2025-09-01,Arunachal Pradesh,Disaster_Displacement_Proxy,0.07737244119519278,18
2025-09-01,Dadra and Nagar Haveli and Daman and Diu,Admin_Cleanup_Campaign,0.0772243932799245,1
2025-09-01,West  Bengal,Admin_Cleanup_Campaign,0.07718613294580495,1
2025-09-01,West Bengal,Disaster_Displacement_Proxy,0.07711129090459609,411
2025-09-01,Kerala,Migration_Surge,0.07708844955419321,1
2025-09-01,Ladakh,Localized_Shock_Proxy,0.0769069295038579,1
2025-09-01,Arunachal Pradesh,Routine_Lifecycle,0.07688732487114366,3
2025-09-01,Andhra Pradesh,Marriage_Cluster_Household_Restructure,0.07679390702433386,5
2025-09-01,Telangana,Elderly_Biometric_Refresh,0.07676385185197125,1
2025-09-01,Goa,Admin_Cleanup_Campaign,0.07659617412069573,4
2025-09-01,Punjab,Disaster_Displacement_Proxy,0.07640497900209108,14
2025-09-01,Nagaland,Disaster_Displacement_Proxy,0.07617142786775363,5
2025-09-01,Jammu & Kashmir,Migration_Surge,0.07578430976101158,2
2025-09-01,West Bangal,Aging_Stress_Zone,0.0755884951109691,3
2025-09-01,West Bengal,Household_Split_Merge,0.07554879917467185,44
2025-09-01,Mizoram,Household_Split_Merge,0.07537891486622869,1
2025-09-01,Maharashtra,Disaster_Displacement_Proxy,0.07532791838888804,142
2025-09-01,WEST BENGAL,Seasonal_Labor_Circulation,0.07480745626338116,1
2025-09-01,Dadra and Nagar Haveli,Disaster_Displacement_Proxy,0.07476230474032204,3
2025-09-01,West Bengal,Marriage_Cluster_Household_Restructure,0.07444846298840997,6
2025-09-01,Telangana,Disaster_Displacement_Proxy,0.07440961796848584,103
2025-09-01,Rajasthan,Household_Split_Merge,0.07439157389188877,4
2025-09-01,Uttar Pradesh,Disaster_Displacement_Proxy,0.0743849633978871,240
2025-09-01,WEST BENGAL,Elderly_Biometric_Refresh,0.07434908648280743,1
2025-09-01,Andhra Pradesh,Elderly_Biometric_Refresh,0.07425536340987311,1
2025-09-01,Assam,Marriage_Cluster_Household_Restructure,0.07415474916305333,1
2025-09-01,Andhra Pradesh,Household_Split_Merge,0.07398152379692614,32
2025-09-01,West Bengal,Student_Mobility,0.07374883149483502,1
2025-09-01,Nagaland,Household_Split_Merge,0.07372810975665758,2
2025-09-01,Chhatisgarh,ReKYC_Documentation_Drive,0.07361296860120702,1
2025-09-01,Bihar,Disaster_Displacement_Proxy,0.07354579309070573,184
2025-09-01,Jammu & Kashmir,Household_Split_Merge,0.07348357431783184,2
2025-09-01,Daman and Diu,Admin_Cleanup_Campaign,0.07333841383656528,2
2025-09-01,Tripura,Aging_Stress_Zone,0.0732793700419633,4
2025-09-01,Andhra Pradesh,Admin_Cleanup_Campaign,0.07294265243962524,256
2025-09-01,Andaman and Nicobar Islands,Admin_Cleanup_Campaign,0.07230119849696647,2
2025-09-01,Meghalaya,Household_Split_Merge,0.07223816210717393,2
2025-09-01,Tripura,Disaster_Displacement_Proxy,0.07223403466372708,4
2025-09-01,Goa,Household_Split_Merge,0.07182449930411994,2
2025-09-01,Rajasthan,Disaster_Displacement_Proxy,0.07175973292194097,177
2025-09-01,Haryana,Admin_Cleanup_Campaign,0.07173682100368754,6
2025-09-01,Sikkim,Disaster_Displacement_Proxy,0.0717194557938419,4
2025-09-01,Uttarakhand,Admin_Cleanup_Campaign,0.07165438787708814,53
2025-09-01,Jammu & Kashmir,ReKYC_Documentation_Drive,0.07155127685273924,3
2025-09-01,Tamil Nadu,Admin_Cleanup_Campaign,0.0714783436434025,336
2025-09-01,Tripura,ReKYC_Documentation_Drive,0.07134959366574378,7
2025-09-01,Karnataka,Admin_Cleanup_Campaign,0.07131839557239694,126
2025-09-01,Tripura,Admin_Cleanup_Campaign,0.07131778780863102,18
2025-09-01,Punjab,Student_Mobility,0.07125613448720353,1
2025-09-01,Gujarat,Admin_Cleanup_Campaign,0.07113800042759214,42
2025-09-01,Ladakh,ReKYC_Documentation_Drive,0.07107423864179131,1
2025-09-01,Odisha,Admin_Cleanup_Campaign,0.07091491512865568,182
2025-09-01,Uttarakhand,ReKYC_Documentation_Drive,0.07076543347943887,16
2025-09-01,Manipur,Admin_Cleanup_Campaign,0.07075643601368978,4
2025-09-01,Sikkim,Admin_Cleanup_Campaign,0.07069395347916735,25
2025-09-01,Andhra Pradesh,ReKYC_Documentation_Drive,0.0705662949188172,87
2025-09-01,Chhattisgarh,Admin_Cleanup_Campaign,0.07056038614025485,76
2025-09-01,Meghalaya,Disaster_Displacement_Proxy,0.070353989289857,4
2025-09-01,Kerala,ReKYC_Documentation_Drive,0.07032554212857112,23
2025-09-01,Nagaland,ReKYC_Documentation_Drive,0.07025476955342815,5
2025-09-01,Jharkhand,Admin_Cleanup_Campaign,0.07016701158221773,146
2025-09-01,Himachal Pradesh,Admin_Cleanup_Campaign,0.07013912277625589,56
2025-09-01,Jammu and Kashmir,Household_Split_Merge,0.07012921539464671,2
2025-09-01,Ladakh,Admin_Cleanup_Campaign,0.07004246705147994,4
2025-09-01,Maharashtra,Household_Split_Merge,0.06990474768170635,15
2025-09-01,Kerala,Admin_Cleanup_Campaign,0.06989904818815926,40
2025-09-01,Haryana,ReKYC_Documentation_Drive,0.06986018770731127,5
2025-09-01,Punjab,ReKYC_Documentation_Drive,0.06983861086884603,11
2025-09-01,Sikkim,ReKYC_Documentation_Drive,0.06976825170865238,4
2025-09-01,Maharashtra,Admin_Cleanup_Campaign,0.06972630848713396,403
2025-09-01,Tamil Nadu,ReKYC_Documentation_Drive,0.06971096238947902,107
2025-09-01,Assam,Admin_Cleanup_Campaign,0.06964217426168572,301
2025-09-01,Punjab,Admin_Cleanup_Campaign,0.06956945004361109,8
2025-09-01,Jammu and Kashmir,Admin_Cleanup_Campaign,0.06950482759009699,13
2025-09-01,Telangana,Admin_Cleanup_Campaign,0.06941190714707013,381
2025-09-01,Karnataka,ReKYC_Documentation_Drive,0.06934597004767651,57
2025-09-01,Andhra Pradesh,Child_Enrolment_Drive,0.06934569339647835,1
2025-09-01,Uttar Pradesh,Admin_Cleanup_Campaign,0.06927789794673252,856
2025-09-01,Meghalaya,Admin_Cleanup_Campaign,0.06925387036022157,5
2025-09-01,Gujarat,ReKYC_Documentation_Drive,0.06916351028634787,9
2025-09-01,Himachal Pradesh,ReKYC_Documentation_Drive,0.06912837879894472,18
2025-09-01,Odisha,ReKYC_Documentation_Drive,0.06908794478657697,63
2025-09-01,Madhya Pradesh,Admin_Cleanup_Campaign,0.06908172439101211,36
2025-09-01,Bihar,Admin_Cleanup_Campaign,0.06896944352468969,555
2025-09-01,Mizoram,Admin_Cleanup_Campaign,0.0689202499767688,11
2025-09-01,Jammu and Kashmir,ReKYC_Documentation_Drive,0.06888694798472271,5
2025-09-01,Pondicherry,Routine_Lifecycle,0.06877893929584969,2
2025-09-01,Orissa,Admin_Cleanup_Campaign,0.06868377643761817,4
2025-09-01,Orissa,ReKYC_Documentation_Drive,0.06866147193821083,12
2025-09-01,Orissa,Household_Split_Merge,0.06862009349720104,12
2025-09-01,Nagaland,Admin_Cleanup_Campaign,0.06860292910195749,6
2025-09-01,Gujarat,Urban_Spillover_PeriUrban,0.06858014262866285,1
2025-09-01,Chhattisgarh,ReKYC_Documentation_Drive,0.06838723138178862,19
2025-09-01,West Bengal,Admin_Cleanup_Campaign,0.0683697170817385,668
2025-09-01,Chandigarh,Routine_Lifecycle,0.06822104059773451,2
2025-09-01,Assam,ReKYC_Documentation_Drive,0.06820429578776015,91
2025-09-01,Madhya Pradesh,ReKYC_Documentation_Drive,0.0681819420660645,19
2025-09-01,Maharashtra,ReKYC_Documentation_Drive,0.06816329693087235,134
2025-09-01,Pondicherry,Household_Split_Merge,0.06807696450201352,1
2025-09-01,Arunachal Pradesh,Admin_Cleanup_Campaign,0.06802660081035801,20
2025-09-01,Maharashtra,Migration_Surge,0.06789428797470873,2
2025-09-01,Rajasthan,Admin_Cleanup_Campaign,0.06775257741826096,338
2025-09-01,Puducherry,Admin_Cleanup_Campaign,0.06772152373106183,5
2025-09-01,Pondicherry,Admin_Cleanup_Campaign,0.0675410085115633,9
2025-09-01,Uttar Pradesh,ReKYC_Documentation_Drive,0.06750767136865476,230
2025-09-01,Meghalaya,ReKYC_Documentation_Drive,0.0674964997104489,3
2025-09-01,Jharkhand,ReKYC_Documentation_Drive,0.06737024666618847,59
2025-09-01,Mizoram,ReKYC_Documentation_Drive,0.06736400007723829,9
2025-09-01,Andaman & Nicobar Islands,ReKYC_Documentation_Drive,0.06735057269701893,1
2025-09-01,Telangana,ReKYC_Documentation_Drive,0.06734403089889061,102
2025-09-01,Bihar,ReKYC_Documentation_Drive,0.06728896095156432,152
2025-09-01,Jammu and Kashmir,Disaster_Displacement_Proxy,0.06724817691666561,7
2025-09-01,Puducherry,ReKYC_Documentation_Drive,0.06707225688239696,5
2025-09-01,West Bengal,ReKYC_Documentation_Drive,0.06701528017872156,204
2025-09-01,Madhya Pradesh,Household_Split_Merge,0.06700239872263644,5
2025-09-01,Rajasthan,ReKYC_Documentation_Drive,0.0666713956569663,88
2025-09-01,Goa,Disaster_Displacement_Proxy,0.06632739631138718,2
2025-09-01,Arunachal Pradesh,ReKYC_Documentation_Drive,0.0663181038801651,5
2025-09-01,Bihar,Household_Split_Merge,0.0662123662693211,1
2025-09-01,Telangana,Child_Enrolment_Drive,0.06603947081980983,1
2025-09-01,Rajasthan,Migration_Surge,0.06600198995948701,1
2025-09-01,Chhattisgarh,Household_Split_Merge,0.06573614227185394,3
2025-09-01,Karnataka,Education_Pressure,0.06572389340899447,1
2025-09-01,Delhi,Admin_Cleanup_Campaign,0.06527513741978633,1
2025-09-01,Punjab,Household_Split_Merge,0.06489036519749738,2
2025-09-01,Karnataka,Migration_Surge,0.0642997310301946,1
2025-09-01,Pondicherry,ReKYC_Documentation_Drive,0.06422101425100026,1
2025-09-01,West Bangal,System_Stabilization,0.06419153930113522,2
2025-09-01,Dadra and Nagar Haveli,Admin_Cleanup_Campaign,0.06362729775301808,1
2025-09-01,Bihar,Child_Enrolment_Drive,0.06322262835089368,1
2025-09-01,Assam,Child_Enrolment_Drive,0.06284434512541033,1
2025-09-01,Manipur,Household_Split_Merge,0.06044602020932481,1
2025-09-01,Uttarakhand,Child_Enrolment_Drive,0.05893068709766676,1
2025-09-01,Rajasthan,Child_Enrolment_Drive,0.05789986598615153,1
2025-09-01,West Bengal,Urban_Spillover_PeriUrban,0.04468878208532157,1
2025-10-01,west Bengal,System_Stabilization,0.5901963230467702,1
2025-10-01,Westbengal,System_Stabilization,0.5139000288911335,4
2025-10-01,WEST BENGAL,System_Stabilization,0.501755122215831,4
2025-10-01,West bengal,System_Stabilization,0.49384439766576643,3
2025-10-01,West  Bengal,System_Stabilization,0.49087713501500296,4
2025-10-01,Daman & Diu,System_Stabilization,0.4704212191182604,5
2025-10-01,Dadra & Nagar Haveli,System_Stabilization,0.46290434907515526,2
2025-10-01,ODISHA,System_Stabilization,0.46039012732568063,2
2025-10-01,Dadra and Nagar Haveli,System_Stabilization,0.4485244191357629,4
2025-10-01,Andaman and Nicobar Islands,System_Stabilization,0.44700072607253477,20
2025-10-01,Gujarat,System_Stabilization,0.4447030136016774,1274
2025-10-01,Dadra and Nagar Haveli and Daman and Diu,System_Stabilization,0.44156298262480154,9
2025-10-01,Daman and Diu,System_Stabilization,0.43965980960981277,6
2025-10-01,Delhi,System_Stabilization,0.4351368345296147,114
2025-10-01,Madhya Pradesh,System_Stabilization,0.4344491741713947,916
2025-10-01,Ladakh,System_Stabilization,0.4327495965164179,12
2025-10-01,Pondicherry,System_Stabilization,0.42879333147008686,32
2025-10-01,Punjab,System_Stabilization,0.4283313682088815,469
2025-10-01,Chandigarh,System_Stabilization,0.4233529793224171,21
2025-10-01,Rajasthan,System_Stabilization,0.42066762690627735,1081
2025-10-01,Jharkhand,System_Stabilization,0.420360232729987,485
2025-10-01,Chhattisgarh,System_Stabilization,0.4201482395881329,325
2025-10-01,Uttarakhand,System_Stabilization,0.420126117783718,258
2025-10-01,Haryana,System_Stabilization,0.41858969751252406,254
2025-10-01,Tripura,System_Stabilization,0.4145208249448358,71
2025-10-01,Tamil Nadu,System_Stabilization,0.41379037021352344,1351
2025-10-01,Uttar Pradesh,System_Stabilization,0.41338210350723886,2029
2025-10-01,Lakshadweep,System_Stabilization,0.4122950125904887,3
2025-10-01,Goa,System_Stabilization,0.41185493502761167,52
2025-10-01,Sikkim,System_Stabilization,0.41168705656465365,51
2025-10-01,West Bangal,System_Stabilization,0.4088988346543926,5
2025-10-01,Maharashtra,System_Stabilization,0.40726914826013244,1170
2025-10-01,Kerala,System_Stabilization,0.4063900656576149,811
2025-10-01,Himachal Pradesh,System_Stabilization,0.40484674613228916,271
2025-10-01,Karnataka,System_Stabilization,0.39978865479420456,1388
2025-10-01,Odisha,System_Stabilization,0.39750740386679184,733
2025-10-01,Puducherry,System_Stabilization,0.39661297487245273,37
2025-10-01,Jammu and Kashmir,System_Stabilization,0.3965066199533312,102
2025-10-01,WESTBENGAL,System_Stabilization,0.3943571920837803,1
2025-10-01,Arunachal Pradesh,System_Stabilization,0.3913503961519235,51
2025-10-01,West Bengal,System_Stabilization,0.38977066796856147,1823
2025-10-01,Bihar,System_Stabilization,0.38873789285791427,1031
2025-10-01,Andaman & Nicobar Islands,System_Stabilization,0.3880139279895445,11
2025-10-01,Meghalaya,System_Stabilization,0.38462302422441125,57
2025-10-01,Nagaland,System_Stabilization,0.3822089742488271,29
2025-10-01,Mizoram,System_Stabilization,0.3773546371157634,40
2025-10-01,Andhra Pradesh,System_Stabilization,0.37390125739828656,729
2025-10-01,odisha,System_Stabilization,0.3708172385048214,2
2025-10-01,Orissa,System_Stabilization,0.3697170423747373,270
2025-10-01,Assam,System_Stabilization,0.3656433180363912,455
2025-10-01,Telangana,System_Stabilization,0.3566848037893923,576
2025-10-01,Manipur,System_Stabilization,0.35467849451522643,22
2025-10-01,Jammu & Kashmir,System_Stabilization,0.34411164796995714,19
2025-10-01,andhra pradesh,System_Stabilization,0.3329355077831296,2
2025-10-01,Pondicherry,Elderly_Biometric_Refresh,0.21801112903335124,1
2025-10-01,Orissa,Child_Enrolment_Drive,0.1917293537023699,2
2025-10-01,Chhattisgarh,Elderly_Biometric_Refresh,0.18189161514020724,2
2025-10-01,Arunachal Pradesh,Elderly_Biometric_Refresh,0.1742682190650875,1
2025-10-01,Uttar Pradesh,Elderly_Biometric_Refresh,0.16715806477087167,12
2025-10-01,Bihar,Elderly_Biometric_Refresh,0.15420087192911242,10
2025-10-01,WESTBENGAL,Elderly_Biometric_Refresh,0.15325026860593932,1
2025-10-01,Sikkim,Elderly_Biometric_Refresh,0.15053794727337275,5
2025-10-01,Arunachal Pradesh,Localized_Shock_Proxy,0.1502115989730174,1
2025-10-01,Haryana,Elderly_Biometric_Refresh,0.1493391563461326,2
2025-10-01,Madhya Pradesh,Child_Enrolment_Drive,0.1488569118642405,1
2025-10-01,Andhra Pradesh,Elderly_Biometric_Refresh,0.14747582871293016,11
2025-10-01,Madhya Pradesh,Elderly_Biometric_Refresh,0.14612628191216248,10
2025-10-01,Punjab,Elderly_Biometric_Refresh,0.14488170665049097,3
2025-10-01,Rajasthan,Child_Enrolment_Drive,0.1448174218938183,3
2025-10-01,Uttar Pradesh,Child_Enrolment_Drive,0.1446777692969764,1
2025-10-01,Jharkhand,Elderly_Biometric_Refresh,0.1438003357541526,7
2025-10-01,Orissa,Elderly_Biometric_Refresh,0.14323891388169477,22
2025-10-01,Tamil Nadu,Elderly_Biometric_Refresh,0.1429028280562826,18
2025-10-01,Nagaland,Education_Pressure,0.14256922478404188,1
2025-10-01,Tripura,Elderly_Biometric_Refresh,0.13768898587484688,2
2025-10-01,West Bengal,Elderly_Biometric_Refresh,0.13655369982587812,31
2025-10-01,Telangana,Elderly_Biometric_Refresh,0.13575435245339315,4
2025-10-01,Uttarakhand,Elderly_Biometric_Refresh,0.13460458864177324,4
2025-10-01,Himachal Pradesh,Elderly_Biometric_Refresh,0.13273073974577948,3
2025-10-01,Maharashtra,Child_Enrolment_Drive,0.13240364853981565,1
2025-10-01,West Bengal,Child_Enrolment_Drive,0.1319136973917306,4
2025-10-01,Gujarat,Access_Friction_Biometric,0.1294348756004439,4
2025-10-01,Punjab,Child_Enrolment_Drive,0.12824912583764114,1
2025-10-01,Andaman & Nicobar Islands,Aging_Stress_Zone,0.12704400656492484,3
2025-10-01,Rajasthan,Elderly_Biometric_Refresh,0.12463485063723351,4
2025-10-01,Kerala,Elderly_Biometric_Refresh,0.12435991118843587,8
2025-10-01,Punjab,Localized_Shock_Proxy,0.12368524624204871,2
2025-10-01,Manipur,Localized_Shock_Proxy,0.12351204116704828,1
2025-10-01,Uttarakhand,Aging_Stress_Zone,0.12323137738892144,9
2025-10-01,Nagaland,Aging_Stress_Zone,0.12190074507231634,3
2025-10-01,Uttarakhand,Localized_Shock_Proxy,0.1218315831588394,1
2025-10-01,Manipur,Access_Friction_Biometric,0.12124524645190042,3
2025-10-01,Karnataka,Elderly_Biometric_Refresh,0.11990261735485758,13
2025-10-01,Maharashtra,Elderly_Biometric_Refresh,0.1193684875020236,10
2025-10-01,Tripura,Access_Friction_Biometric,0.11874803912084958,1
2025-10-01,WEST BENGAL,Access_Friction_Biometric,0.1183949999996719,1
2025-10-01,Assam,Elderly_Biometric_Refresh,0.1164236641542978,11
2025-10-01,Punjab,Access_Friction_Biometric,0.11551834979942983,11
2025-10-01,Haryana,Aging_Stress_Zone,0.11524710770202723,6
2025-10-01,Jammu and Kashmir,Aging_Stress_Zone,0.11439372559320717,1
2025-10-01,Jharkhand,Access_Friction_Biometric,0.11423349759363477,14
2025-10-01,Jharkhand,Localized_Shock_Proxy,0.11293684012556757,1
2025-10-01,Orissa,Household_Split_Merge,0.11200273088108403,3
2025-10-01,Jammu and Kashmir,Elderly_Biometric_Refresh,0.11155251072260543,2
2025-10-01,Karnataka,Aging_Stress_Zone,0.11140359106516964,39
2025-10-01,Orissa,Access_Friction_Biometric,0.11117964293428956,61
2025-10-01,Assam,Household_Split_Merge,0.11043802040066134,5
2025-10-01,Meghalaya,Aging_Stress_Zone,0.10961252487179979,13
2025-10-01,Telangana,Household_Split_Merge,0.1096094629577768,6
2025-10-01,West Bengal,Access_Friction_Biometric,0.109298733191202,68
2025-10-01,Assam,Student_Mobility,0.10927198457941395,1
2025-10-01,Telangana,Access_Friction_Biometric,0.10900404579175373,13
2025-10-01,Nagaland,Localized_Shock_Proxy,0.10889369417940827,1
2025-10-01,Odisha,Elderly_Biometric_Refresh,0.10866393608776763,13
2025-10-01,Odisha,Aging_Stress_Zone,0.10864427908676642,26
2025-10-01,Assam,Access_Friction_Biometric,0.10853915951782189,17
2025-10-01,West Bengal,Aging_Stress_Zone,0.10848758653101692,72
2025-10-01,Jammu and Kashmir,Education_Pressure,0.10823932862071516,1
2025-10-01,Jharkhand,Aging_Stress_Zone,0.10781258058954483,25
2025-10-01,Assam,Aging_Stress_Zone,0.1076261834352156,28
2025-10-01,Uttar Pradesh,Access_Friction_Biometric,0.10759240689454123,37
2025-10-01,Andhra Pradesh,Aging_Stress_Zone,0.10746661161160616,41
2025-10-01,Bihar,Access_Friction_Biometric,0.10732138161897688,28
2025-10-01,Kerala,Household_Split_Merge,0.1072708360670045,5
2025-10-01,Kerala,Aging_Stress_Zone,0.10718109420726064,9
2025-10-01,Chandigarh,Elderly_Biometric_Refresh,0.10698349787615866,2
2025-10-01,Maharashtra,Localized_Shock_Proxy,0.1064758471692142,14
2025-10-01,Gujarat,Aging_Stress_Zone,0.10618256199545557,14
2025-10-01,Maharashtra,Access_Friction_Biometric,0.10603071675751802,18
2025-10-01,Bihar,Aging_Stress_Zone,0.10590938041605179,25
2025-10-01,Pondicherry,Aging_Stress_Zone,0.10584772592152776,5
2025-10-01,Lakshadweep,Localized_Shock_Proxy,0.10566566552318467,1
2025-10-01,Chhattisgarh,Access_Friction_Biometric,0.10559241433869536,15
2025-10-01,Karnataka,Household_Split_Merge,0.10540046855019637,11
2025-10-01,Delhi,Elderly_Biometric_Refresh,0.10507360283017882,1
2025-10-01,Chhattisgarh,Migration_Surge,0.10471062905432195,1
2025-10-01,Chandigarh,Access_Friction_Biometric,0.10469953935523432,4
2025-10-01,Rajasthan,Access_Friction_Biometric,0.10453575213382638,20
2025-10-01,Maharashtra,Aging_Stress_Zone,0.10453419618204769,42
2025-10-01,Mizoram,Marriage_Cluster_Household_Restructure,0.10432456543183999,3
2025-10-01,Andhra Pradesh,Access_Friction_Biometric,0.10426221931594504,41
2025-10-01,Arunachal Pradesh,Routine_Lifecycle,0.10421946191381837,1
2025-10-01,Assam,Localized_Shock_Proxy,0.1041518854571271,10
2025-10-01,Uttarakhand,Access_Friction_Biometric,0.10410232504082631,4
2025-10-01,Karnataka,Access_Friction_Biometric,0.10326605785860596,18
2025-10-01,Goa,Aging_Stress_Zone,0.10295269326103743,7
2025-10-01,Jammu & Kashmir,Aging_Stress_Zone,0.10286947345832125,26
2025-10-01,Mizoram,Aging_Stress_Zone,0.10251246236707656,2
2025-10-01,Orissa,Aging_Stress_Zone,0.10250943322488333,63
2025-10-01,Orissa,Localized_Shock_Proxy,0.10224012261145891,1
2025-10-01,Tamil Nadu,Localized_Shock_Proxy,0.10210121142533427,7
2025-10-01,Kerala,Access_Friction_Biometric,0.1018717696219352,8
2025-10-01,Tamil Nadu,Access_Friction_Biometric,0.10175261578525337,32
2025-10-01,Andhra Pradesh,Localized_Shock_Proxy,0.10153029519995997,20
2025-10-01,Madhya Pradesh,Access_Friction_Biometric,0.1014116452883894,24
2025-10-01,Uttar Pradesh,Household_Split_Merge,0.10138983944454673,6
2025-10-01,Orissa,Migration_Surge,0.10122817615902002,1
2025-10-01,Tamil Nadu,Household_Split_Merge,0.10101002634218799,8
2025-10-01,Bihar,Localized_Shock_Proxy,0.10099947008779127,1
2025-10-01,Tamil Nadu,Aging_Stress_Zone,0.10092524296799497,38
2025-10-01,Punjab,Education_Pressure,0.10092010861555994,1
2025-10-01,Haryana,Access_Friction_Biometric,0.1008091450365067,4
2025-10-01,West Bengal,Household_Split_Merge,0.10059762100604991,3
2025-10-01,Himachal Pradesh,Household_Split_Merge,0.1005102025392105,3
2025-10-01,Odisha,Access_Friction_Biometric,0.10025195744796407,23
2025-10-01,Madhya Pradesh,Aging_Stress_Zone,0.09995177686053676,21
2025-10-01,Andhra Pradesh,Household_Split_Merge,0.09974675964658108,13
2025-10-01,Uttar Pradesh,Aging_Stress_Zone,0.09943168578794756,52
2025-10-01,Rajasthan,Aging_Stress_Zone,0.09938864226822554,15
2025-10-01,Sikkim,Access_Friction_Biometric,0.09910741353089406,4
2025-10-01,Punjab,Household_Split_Merge,0.09903405003513706,3
2025-10-01,Himachal Pradesh,Aging_Stress_Zone,0.09900510005657137,6
2025-10-01,West Bengal,Localized_Shock_Proxy,0.09875511795976029,20
2025-10-01,Telangana,Aging_Stress_Zone,0.09861820321385331,10
2025-10-01,Meghalaya,Household_Split_Merge,0.09857066012256407,2
2025-10-01,Jammu and Kashmir,Access_Friction_Biometric,0.09830182148930434,7
2025-10-01,Chhattisgarh,Aging_Stress_Zone,0.09776193160392635,14
2025-10-01,Himachal Pradesh,Access_Friction_Biometric,0.09749459265894336,4
2025-10-01,Maharashtra,Household_Split_Merge,0.09727515065081081,3
2025-10-01,Orissa,Student_Mobility,0.09701591264154452,1
2025-10-01,Karnataka,Localized_Shock_Proxy,0.09645818943403171,3
2025-10-01,Rajasthan,Routine_Lifecycle,0.09620990276655675,5
2025-10-01,Telangana,Localized_Shock_Proxy,0.09590165859442608,12
2025-10-01,Nagaland,Access_Friction_Biometric,0.09505346456156423,2
2025-10-01,Punjab,Aging_Stress_Zone,0.09445005535672282,8
2025-10-01,Gujarat,Household_Split_Merge,0.09415849630213563,1
2025-10-01,West Bengal,Marriage_Cluster_Household_Restructure,0.09404302376455763,13
2025-10-01,Bihar,Household_Split_Merge,0.09350995683442423,2
2025-10-01,Gujarat,Migration_Surge,0.0933528493984673,1
2025-10-01,Telangana,Routine_Lifecycle,0.09269593939910678,14
2025-10-01,Andhra Pradesh,Routine_Lifecycle,0.09203978622487342,39
2025-10-01,Karnataka,Migration_Surge,0.0920306738594095,2
2025-10-01,Assam,Routine_Lifecycle,0.09198474307501989,11
2025-10-01,Manipur,Elderly_Biometric_Refresh,0.09187613150923088,1
2025-10-01,Himachal Pradesh,Routine_Lifecycle,0.09177822297966881,6
2025-10-01,Tripura,Disaster_Displacement_Proxy,0.09160017022869335,1
2025-10-01,Rajasthan,Marriage_Cluster_Household_Restructure,0.0914727810408531,2
2025-10-01,Maharashtra,Routine_Lifecycle,0.09144865227777192,14
2025-10-01,Tripura,Routine_Lifecycle,0.0913695517754114,1
2025-10-01,West Bengal,Student_Mobility,0.09124957038257563,1
2025-10-01,Chhattisgarh,Routine_Lifecycle,0.09121002580137544,2
2025-10-01,Himachal Pradesh,Localized_Shock_Proxy,0.09090232824788147,3
2025-10-01,Odisha,Localized_Shock_Proxy,0.0907332650598903,7
2025-10-01,Sikkim,Routine_Lifecycle,0.08976963034775123,1
2025-10-01,Uttar Pradesh,Localized_Shock_Proxy,0.08938317736741508,1
2025-10-01,Bihar,Migration_Surge,0.08925397049742097,2
2025-10-01,Puducherry,Admin_Cleanup_Campaign,0.08924675291744309,1
2025-10-01,Jammu and Kashmir,Localized_Shock_Proxy,0.0891579548750863,3
2025-10-01,Assam,Education_Pressure,0.08908729355107105,1
2025-10-01,Odisha,Marriage_Cluster_Household_Restructure,0.08907231850639666,4
2025-10-01,Mizoram,Routine_Lifecycle,0.08904569265440633,2
2025-10-01,Arunachal Pradesh,Marriage_Cluster_Household_Restructure,0.0887636184847294,1
2025-10-01,Karnataka,Marriage_Cluster_Household_Restructure,0.08863227319629226,14
2025-10-01,Jammu & Kashmir,Marriage_Cluster_Household_Restructure,0.08808713434926914,3
2025-10-01,Karnataka,Seasonal_Labor_Circulation,0.08807826060082163,1
2025-10-01,Goa,Marriage_Cluster_Household_Restructure,0.08774161343544871,1
2025-10-01,West Bengal,Migration_Surge,0.08733934834495646,4
2025-10-01,Karnataka,Routine_Lifecycle,0.08730919369403131,42
2025-10-01,Himachal Pradesh,Seasonal_Labor_Circulation,0.08674109940114802,1
2025-10-01,Kerala,Routine_Lifecycle,0.08640179711097579,35
2025-10-01,Maharashtra,Marriage_Cluster_Household_Restructure,0.08621940847499308,14
2025-10-01,Bihar,Marriage_Cluster_Household_Restructure,0.0861672439303045,13
2025-10-01,Jammu & Kashmir,Household_Split_Merge,0.08603321988777345,3
2025-10-01,Tamil Nadu,Routine_Lifecycle,0.08601901375181643,49
2025-10-01,Rajasthan,Localized_Shock_Proxy,0.08593993083318742,1
2025-10-01,Uttar Pradesh,Routine_Lifecycle,0.08592627627430044,8
2025-10-01,Himachal Pradesh,Marriage_Cluster_Household_Restructure,0.08581390892436236,4
2025-10-01,Chandigarh,Admin_Cleanup_Campaign,0.08551086720105931,1
2025-10-01,Tamil Nadu,Marriage_Cluster_Household_Restructure,0.0854675506555469,19
2025-10-01,Puducherry,Marriage_Cluster_Household_Restructure,0.08539806863464491,1
2025-10-01,Jharkhand,Routine_Lifecycle,0.08522110964019562,3
2025-10-01,Gujarat,Marriage_Cluster_Household_Restructure,0.08510478693566192,4
2025-10-01,Uttarakhand,Child_Enrolment_Drive,0.08499624800051124,1
2025-10-01,Odisha,Household_Split_Merge,0.08484131737392725,2
2025-10-01,Orissa,Routine_Lifecycle,0.08478353583813086,18
2025-10-01,Andhra Pradesh,Marriage_Cluster_Household_Restructure,0.08411825729105218,26
2025-10-01,Goa,Routine_Lifecycle,0.0841143772984595,1
2025-10-01,Madhya Pradesh,Marriage_Cluster_Household_Restructure,0.08393538146392766,8
2025-10-01,Uttarakhand,Routine_Lifecycle,0.08386076454649322,4
2025-10-01,Odisha,Routine_Lifecycle,0.08356061850065977,16
2025-10-01,Orissa,Seasonal_Labor_Circulation,0.08353790968813472,1
2025-10-01,Goa,Disaster_Displacement_Proxy,0.08349469869677327,3
2025-10-01,Jammu and Kashmir,Routine_Lifecycle,0.08341171763595788,5
2025-10-01,Uttar Pradesh,Marriage_Cluster_Household_Restructure,0.08341046082707845,14
2025-10-01,Kerala,Marriage_Cluster_Household_Restructure,0.08315694970493222,15
2025-10-01,Jharkhand,Household_Split_Merge,0.08309232163189317,3
2025-10-01,WESTBENGAL,Admin_Cleanup_Campaign,0.08285777010460088,1
2025-10-01,Assam,Child_Enrolment_Drive,0.08280898236056923,1
2025-10-01,Nagaland,Disaster_Displacement_Proxy,0.08233545523747195,8
2025-10-01,Telangana,Marriage_Cluster_Household_Restructure,0.08196157412607698,1
2025-10-01,Jharkhand,Marriage_Cluster_Household_Restructure,0.08177697419156499,4
2025-10-01,Gujarat,Disaster_Displacement_Proxy,0.08168233287954954,2
2025-10-01,West Bengal,Routine_Lifecycle,0.08106425329111547,20
2025-10-01,Tamil Nadu,Child_Enrolment_Drive,0.08094852933660882,5
2025-10-01,Andhra Pradesh,Education_Pressure,0.08079753577231237,3
2025-10-01,Punjab,Marriage_Cluster_Household_Restructure,0.08067895425189507,5
2025-10-01,Punjab,Routine_Lifecycle,0.0804278772066956,10
2025-10-01,Gujarat,Admin_Cleanup_Campaign,0.08023027087212169,21
2025-10-01,Bihar,Child_Enrolment_Drive,0.07988006829954272,1
2025-10-01,Uttar Pradesh,Disaster_Displacement_Proxy,0.07978397633220448,14
2025-10-01,Madhya Pradesh,Routine_Lifecycle,0.07899379053158365,5
2025-10-01,Madhya Pradesh,Admin_Cleanup_Campaign,0.0781319540788679,23
2025-10-01,Odisha,Child_Enrolment_Drive,0.07810893444500458,2
2025-10-01,Andaman and Nicobar Islands,Household_Split_Merge,0.07806408724556572,1
2025-10-01,Meghalaya,Marriage_Cluster_Household_Restructure,0.07798415077095196,1
2025-10-01,Karnataka,Disaster_Displacement_Proxy,0.07791801676702803,25
2025-10-01,Jammu & Kashmir,Migration_Surge,0.07784918457356353,1
2025-10-01,Madhya Pradesh,ReKYC_Documentation_Drive,0.07777021330852811,5
2025-10-01,Assam,Marriage_Cluster_Household_Restructure,0.0777372810035584,4
2025-10-01,Rajasthan,Admin_Cleanup_Campaign,0.07745226575506468,9
2025-10-01,Orissa,Marriage_Cluster_Household_Restructure,0.07740436423766378,9
2025-10-01,Nagaland,Household_Split_Merge,0.07726624723069023,1
2025-10-01,Orissa,Disaster_Displacement_Proxy,0.07718122672178897,34
2025-10-01,Jammu and Kashmir,Marriage_Cluster_Household_Restructure,0.07700088587321251,3
2025-10-01,Kerala,Admin_Cleanup_Campaign,0.07696924487613793,456
2025-10-01,Jharkhand,Admin_Cleanup_Campaign,0.07694459082794453,11
2025-10-01,Karnataka,Admin_Cleanup_Campaign,0.07681916252159056,512
2025-10-01,Tripura,Admin_Cleanup_Campaign,0.07680250758912159,27
2025-10-01,Andhra Pradesh,Seasonal_Labor_Circulation,0.07663168475102866,2
2025-10-01,Lakshadweep,Admin_Cleanup_Campaign,0.0763647528522659,5
2025-10-01,Haryana,Admin_Cleanup_Campaign,0.07626081205459845,75
2025-10-01,Madhya Pradesh,Urban_Spillover_PeriUrban,0.07615248688000517,1
2025-10-01,Haryana,Routine_Lifecycle,0.07592137142689408,1
2025-10-01,Andhra Pradesh,Migration_Surge,0.0758596860235711,4
2025-10-01,Maharashtra,Education_Pressure,0.07581249733586869,1
2025-10-01,Goa,Admin_Cleanup_Campaign,0.07577625940866986,22
2025-10-01,Meghalaya,Disaster_Displacement_Proxy,0.07568288791781982,6
2025-10-01,Punjab,Admin_Cleanup_Campaign,0.07554260717804552,159
2025-10-01,Meghalaya,ReKYC_Documentation_Drive,0.07549940412140513,8
2025-10-01,Bihar,Disaster_Displacement_Proxy,0.0754583311615715,24
2025-10-01,Tripura,Aging_Stress_Zone,0.07542979099540124,1
2025-10-01,Goa,Access_Friction_Biometric,0.07542945914124291,3
2025-10-01,Uttarakhand,Admin_Cleanup_Campaign,0.07524168314002941,44
2025-10-01,Odisha,Admin_Cleanup_Campaign,0.07501093068316307,369
2025-10-01,Jammu and Kashmir,Admin_Cleanup_Campaign,0.07499541529444338,129
2025-10-01,Nagaland,Marriage_Cluster_Household_Restructure,0.0749700097194213,1
2025-10-01,Himachal Pradesh,Admin_Cleanup_Campaign,0.07487695040552829,141
2025-10-01,West Bangal,Admin_Cleanup_Campaign,0.0748221050147756,2
2025-10-01,Manipur,Aging_Stress_Zone,0.07481568583822694,1
2025-10-01,Madhya Pradesh,Household_Split_Merge,0.07479380691037806,1
2025-10-01,Karnataka,ReKYC_Documentation_Drive,0.07471695747834194,131
2025-10-01,Chhattisgarh,Admin_Cleanup_Campaign,0.07467698762972193,85
2025-10-01,Assam,Disaster_Displacement_Proxy,0.07465861924232255,32
2025-10-01,Tamil Nadu,Admin_Cleanup_Campaign,0.07462517525750846,987
2025-10-01,Odisha,Disaster_Displacement_Proxy,0.07461383038242297,46
2025-10-01,Jammu & Kashmir,Admin_Cleanup_Campaign,0.07439924852698411,2
2025-10-01,Uttarakhand,ReKYC_Documentation_Drive,0.07430821980346876,12
2025-10-01,Uttarakhand,Disaster_Displacement_Proxy,0.07427009276598615,4
2025-10-01,Andhra Pradesh,Admin_Cleanup_Campaign,0.07425214069787475,1518
2025-10-01,Sikkim,Disaster_Displacement_Proxy,0.0740983347430754,2
2025-10-01,Punjab,Disaster_Displacement_Proxy,0.0740938235622256,5
2025-10-01,Orissa,Admin_Cleanup_Campaign,0.074033283003288,64
2025-10-01,Uttarakhand,Marriage_Cluster_Household_Restructure,0.0740166433621978,1
2025-10-01,Punjab,ReKYC_Documentation_Drive,0.07401022909984008,31
2025-10-01,Jammu & Kashmir,Disaster_Displacement_Proxy,0.07398994445144207,8
2025-10-01,Nagaland,Admin_Cleanup_Campaign,0.0739504096560372,19
2025-10-01,Kerala,ReKYC_Documentation_Drive,0.0738749746756231,108
2025-10-01,West  Bengal,Admin_Cleanup_Campaign,0.07382054993752399,1
2025-10-01,Manipur,Admin_Cleanup_Campaign,0.0737140020247167,62
2025-10-01,Kerala,Disaster_Displacement_Proxy,0.07350032468117036,8
2025-10-01,Haryana,ReKYC_Documentation_Drive,0.07348356891512356,13
2025-10-01,WEST BENGAL,Admin_Cleanup_Campaign,0.07341948857454521,1
2025-10-01,Uttar Pradesh,ReKYC_Documentation_Drive,0.07340925560112525,9
2025-10-01,Orissa,ReKYC_Documentation_Drive,0.07340406228222969,15
2025-10-01,Haryana,Seasonal_Labor_Circulation,0.07338585317351368,1
2025-10-01,Andhra Pradesh,Disaster_Displacement_Proxy,0.07335295307782821,101
2025-10-01,Uttar Pradesh,Admin_Cleanup_Campaign,0.07328747806420614,36
2025-10-01,Tripura,ReKYC_Documentation_Drive,0.07328215998941288,15
2025-10-01,Tamil Nadu,Disaster_Displacement_Proxy,0.07311154606533819,47
2025-10-01,Jammu and Kashmir,ReKYC_Documentation_Drive,0.07297752527439787,23
2025-10-01,Bihar,ReKYC_Documentation_Drive,0.07297154582947055,18
2025-10-01,Bihar,Admin_Cleanup_Campaign,0.07294898830353341,58
2025-10-01,Madhya Pradesh,Disaster_Displacement_Proxy,0.072793244299313,12
2025-10-01,Maharashtra,Admin_Cleanup_Campaign,0.07272349823245917,625
2025-10-01,Meghalaya,Admin_Cleanup_Campaign,0.0726725369966086,12
2025-10-01,Odisha,ReKYC_Documentation_Drive,0.07257632455631648,94
2025-10-01,Andaman and Nicobar Islands,Admin_Cleanup_Campaign,0.07256460010131081,1
2025-10-01,Karnataka,Child_Enrolment_Drive,0.07247260101140507,5
2025-10-01,Gujarat,ReKYC_Documentation_Drive,0.07228467251912472,3
2025-10-01,Telangana,Admin_Cleanup_Campaign,0.07228243796120241,416
2025-10-01,Odisha,Migration_Surge,0.07224601834012735,2
2025-10-01,Himachal Pradesh,Disaster_Displacement_Proxy,0.07223708926382282,6
2025-10-01,Himachal Pradesh,ReKYC_Documentation_Drive,0.07221717417592123,31
2025-10-01,Rajasthan,Disaster_Displacement_Proxy,0.07219796553475077,2
2025-10-01,Mizoram,Admin_Cleanup_Campaign,0.07216765107470466,17
2025-10-01,Jharkhand,Disaster_Displacement_Proxy,0.07210547406877325,8
2025-10-01,Bihar,Routine_Lifecycle,0.0721006883989345,6
2025-10-01,Pondicherry,Admin_Cleanup_Campaign,0.07209531545697158,1
2025-10-01,West Bengal,Disaster_Displacement_Proxy,0.0720760351555463,93
2025-10-01,Uttarakhand,Household_Split_Merge,0.0720296400368936,1
2025-10-01,Maharashtra,Disaster_Displacement_Proxy,0.07198692701399431,60
2025-10-01,Chhattisgarh,ReKYC_Documentation_Drive,0.071984933681356,35
2025-10-01,Delhi,ReKYC_Documentation_Drive,0.07193944762295355,1
2025-10-01,Goa,ReKYC_Documentation_Drive,0.07188924863056978,11
2025-10-01,Andhra Pradesh,ReKYC_Documentation_Drive,0.07175893191603315,383
2025-10-01,West Bengal,Admin_Cleanup_Campaign,0.07174033557767973,260
2025-10-01,Tamil Nadu,ReKYC_Documentation_Drive,0.07161844342784884,225
2025-10-01,Assam,Admin_Cleanup_Campaign,0.07127638986353459,215
2025-10-01,Mizoram,ReKYC_Documentation_Drive,0.0710874591647101,8
2025-10-01,Andhra Pradesh,Child_Enrolment_Drive,0.0708879088965844,3
2025-10-01,Nagaland,ReKYC_Documentation_Drive,0.07078805506474732,11
2025-10-01,Chandigarh,ReKYC_Documentation_Drive,0.07062293195525988,1
2025-10-01,West bengal,Admin_Cleanup_Campaign,0.07057601272959813,1
2025-10-01,Maharashtra,ReKYC_Documentation_Drive,0.07050985262946638,131
2025-10-01,Ladakh,Admin_Cleanup_Campaign,0.07048153160752005,2
2025-10-01,Delhi,Admin_Cleanup_Campaign,0.0703470417336016,2
2025-10-01,Arunachal Pradesh,Disaster_Displacement_Proxy,0.07029685505582427,5
2025-10-01,Chhatisgarh,Marriage_Cluster_Household_Restructure,0.07029399429646288,1
2025-10-01,Telangana,ReKYC_Documentation_Drive,0.07026030036837125,116
2025-10-01,Himachal Pradesh,Child_Enrolment_Drive,0.07017231096682656,1
2025-10-01,Assam,ReKYC_Documentation_Drive,0.07015728149727492,63
2025-10-01,Mizoram,Disaster_Displacement_Proxy,0.07009616419512346,5
2025-10-01,Puducherry,Disaster_Displacement_Proxy,0.06988260015105358,1
2025-10-01,Kerala,Education_Pressure,0.06986055062616638,1
2025-10-01,Sikkim,Admin_Cleanup_Campaign,0.06973718148015717,2
2025-10-01,West Bengal,ReKYC_Documentation_Drive,0.06960605795982064,91
2025-10-01,Telangana,Disaster_Displacement_Proxy,0.06939714902526063,47
2025-10-01,Puducherry,ReKYC_Documentation_Drive,0.0693869493765422,1
2025-10-01,Telangana,Migration_Surge,0.06922488393300734,1
2025-10-01,Rajasthan,ReKYC_Documentation_Drive,0.0691745967366653,4
2025-10-01,Haryana,Education_Pressure,0.0689886402161104,1
2025-10-01,Arunachal Pradesh,Admin_Cleanup_Campaign,0.06875864109558998,8
2025-10-01,Jharkhand,ReKYC_Documentation_Drive,0.06845469503939967,8
2025-10-01,Manipur,Household_Split_Merge,0.06810093041046776,1
2025-10-01,Manipur,ReKYC_Documentation_Drive,0.06753005451266147,9
2025-10-01,Dadra and Nagar Haveli and Daman and Diu,Admin_Cleanup_Campaign,0.06749484705319726,1
2025-10-01,Arunachal Pradesh,ReKYC_Documentation_Drive,0.06729998538001936,4
2025-10-01,Jammu and Kashmir,Disaster_Displacement_Proxy,0.06646420420389973,4
2025-10-01,Tamil Nadu,Seasonal_Labor_Circulation,0.06643481058396529,1
2025-10-01,Andaman & Nicobar Islands,Routine_Lifecycle,0.06641019731370347,2
2025-10-01,Manipur,Disaster_Displacement_Proxy,0.06633996484588137,8
2025-10-01,Sikkim,ReKYC_Documentation_Drive,0.06621068916095268,1
2025-10-01,Jammu & Kashmir,ReKYC_Documentation_Drive,0.06569376887927242,1
2025-10-01,West Bengal,Education_Pressure,0.0655837444299984,1
2025-10-01,Himachal Pradesh,Education_Pressure,0.06467484698289719,1
2025-10-01,Bihar,Seasonal_Labor_Circulation,0.0632884662266648,2
2025-10-01,Odisha,Education_Pressure,0.0632106975903418,1
2025-10-01,Assam,Migration_Surge,0.062150461040703445,2
2025-10-01,West Bangal,Marriage_Cluster_Household_Restructure,0.06163716561571045,1
2025-10-01,Uttar Pradesh,Seasonal_Labor_Circulation,0.06062998484255059,1
2025-10-01,Gujarat,Routine_Lifecycle,0.05918966757456165,1
2025-10-01,Puducherry,Aging_Stress_Zone,0.05708896084078655,1
2025-10-01,Puducherry,Routine_Lifecycle,0.049641119127838716,1
2025-11-01,West bengal,System_Stabilization,0.5297648489358119,3
2025-11-01,WESTBENGAL,System_Stabilization,0.5017795903056311,1
2025-11-01,Westbengal,System_Stabilization,0.48661313540044365,7
2025-11-01,andhra pradesh,System_Stabilization,0.47512845968653683,2
2025-11-01,West  Bengal,System_Stabilization,0.4471858504940235,5
2025-11-01,Dadra and Nagar Haveli and Daman and Diu,System_Stabilization,0.4298183832219621,2
2025-11-01,Andaman and Nicobar Islands,System_Stabilization,0.41464450925446217,6
2025-11-01,Nagaland,System_Stabilization,0.4118513350642077,43
2025-11-01,Haryana,System_Stabilization,0.40669768875553763,24
2025-11-01,Punjab,System_Stabilization,0.402442145683367,222
2025-11-01,Odisha,System_Stabilization,0.4015267839877427,637
2025-11-01,Kerala,System_Stabilization,0.3961302349037655,410
2025-11-01,Tripura,System_Stabilization,0.3953822936870848,13
2025-11-01,WEST BENGAL,System_Stabilization,0.3922383851980544,5
2025-11-01,Karnataka,System_Stabilization,0.38834066865397526,646
2025-11-01,Mizoram,System_Stabilization,0.3857885666953434,48
2025-11-01,Pondicherry,System_Stabilization,0.3836690390599567,4
2025-11-01,Bihar,System_Stabilization,0.3832717736977769,210
2025-11-01,Meghalaya,System_Stabilization,0.3816355198812428,51
2025-11-01,Lakshadweep,System_Stabilization,0.3799027828919055,3
2025-11-01,Jharkhand,System_Stabilization,0.37637663717482395,46
2025-11-01,Goa,System_Stabilization,0.37519950439840843,18
2025-11-01,west Bengal,System_Stabilization,0.3744574429425555,1
2025-11-01,odisha,System_Stabilization,0.3737859416685674,3
2025-11-01,Assam,System_Stabilization,0.3712165891214495,487
2025-11-01,Telangana,System_Stabilization,0.3698887911488492,653
2025-11-01,Jammu and Kashmir,System_Stabilization,0.36953346554991895,61
2025-11-01,Himachal Pradesh,System_Stabilization,0.3690459168118914,106
2025-11-01,Andhra Pradesh,System_Stabilization,0.3679489727430477,1156
2025-11-01,Chhattisgarh,System_Stabilization,0.36243785074804385,49
2025-11-01,Orissa,System_Stabilization,0.35732449986988507,188
2025-11-01,Puducherry,System_Stabilization,0.35711728555492556,6
2025-11-01,Uttar Pradesh,System_Stabilization,0.3560788677896168,147
2025-11-01,Madhya Pradesh,System_Stabilization,0.35585364724589313,108
2025-11-01,Tamil Nadu,System_Stabilization,0.35454566140183985,408
2025-11-01,West Bengal,System_Stabilization,0.35446946538839347,448
2025-11-01,ODISHA,System_Stabilization,0.3541334922478746,2
2025-11-01,Gujarat,System_Stabilization,0.35107477225037353,49
2025-11-01,Andaman & Nicobar Islands,System_Stabilization,0.35022986804643835,2
2025-11-01,Jammu & Kashmir,System_Stabilization,0.35008500577359836,13
2025-11-01,Maharashtra,System_Stabilization,0.34540055840893674,88
2025-11-01,Manipur,System_Stabilization,0.3425052684739049,16
2025-11-01,Uttarakhand,System_Stabilization,0.3375961421913805,30
2025-11-01,Arunachal Pradesh,System_Stabilization,0.3348044984383379,21
2025-11-01,Sikkim,System_Stabilization,0.31362982063111905,10
2025-11-01,Ladakh,System_Stabilization,0.2973903547397428,3
2025-11-01,Delhi,System_Stabilization,0.28290348628183865,3
2025-11-01,Chandigarh,System_Stabilization,0.2815851854444538,3
2025-11-01,Rajasthan,System_Stabilization,0.2608747336798124,62
2025-11-01,Rajasthan,Child_Enrolment_Drive,0.210987014120082,2
2025-11-01,Sikkim,Elderly_Biometric_Refresh,0.18182131004949717,2
2025-11-01,Punjab,Elderly_Biometric_Refresh,0.17835998484893606,2
2025-11-01,Jammu and Kashmir,Education_Pressure,0.1743214491990588,1
2025-11-01,Madhya Pradesh,Elderly_Biometric_Refresh,0.16652513340664846,16
2025-11-01,Bihar,Elderly_Biometric_Refresh,0.16495217437626258,18
2025-11-01,West Bengal,Elderly_Biometric_Refresh,0.15490729252348834,44
2025-11-01,Gujarat,Elderly_Biometric_Refresh,0.15263946168693338,8
2025-11-01,Uttar Pradesh,Elderly_Biometric_Refresh,0.152085745405426,25
2025-11-01,Manipur,Elderly_Biometric_Refresh,0.14897911127383104,1
2025-11-01,Chandigarh,Elderly_Biometric_Refresh,0.1477265664807129,1
2025-11-01,Haryana,Elderly_Biometric_Refresh,0.1468467390401935,2
2025-11-01,Assam,Elderly_Biometric_Refresh,0.1442933163750573,6
2025-11-01,Telangana,Elderly_Biometric_Refresh,0.14361882211130292,7
2025-11-01,Orissa,Elderly_Biometric_Refresh,0.14301086682875733,39
2025-11-01,Uttarakhand,Elderly_Biometric_Refresh,0.14269804208618253,2
2025-11-01,Rajasthan,Elderly_Biometric_Refresh,0.14205908081505697,6
2025-11-01,Nagaland,Access_Friction_Biometric,0.14178367005203102,1
2025-11-01,West Bangal,Elderly_Biometric_Refresh,0.1400231698157699,2
2025-11-01,Jharkhand,Elderly_Biometric_Refresh,0.1387054549229306,13
2025-11-01,Jammu and Kashmir,Elderly_Biometric_Refresh,0.13714818382700394,4
2025-11-01,Odisha,Elderly_Biometric_Refresh,0.13325918240782436,16
2025-11-01,Himachal Pradesh,Elderly_Biometric_Refresh,0.1329378392190519,7
2025-11-01,Rajasthan,Education_Pressure,0.13150105292896647,1
2025-11-01,Chhattisgarh,Elderly_Biometric_Refresh,0.13006806243437952,14
2025-11-01,Jammu & Kashmir,Elderly_Biometric_Refresh,0.129659736842671,3
2025-11-01,Assam,Education_Pressure,0.12818363487409193,3
2025-11-01,Goa,Aging_Stress_Zone,0.12663554179220265,4
2025-11-01,Tamil Nadu,Elderly_Biometric_Refresh,0.12609044808398953,14
2025-11-01,Tripura,Access_Friction_Biometric,0.12588902888840922,1
2025-11-01,Maharashtra,Elderly_Biometric_Refresh,0.12524877529593367,10
2025-11-01,Manipur,Aging_Stress_Zone,0.12447691775379507,2
2025-11-01,Tripura,Elderly_Biometric_Refresh,0.12373782607820655,2
2025-11-01,Karnataka,Elderly_Biometric_Refresh,0.1235077269739576,23
2025-11-01,Goa,Access_Friction_Biometric,0.12148371175241468,1
2025-11-01,Madhya Pradesh,Household_Split_Merge,0.12120439885574198,1
2025-11-01,Arunachal Pradesh,Aging_Stress_Zone,0.12020624021747275,1
2025-11-01,Andhra Pradesh,Elderly_Biometric_Refresh,0.11932078091953677,20
2025-11-01,Arunachal Pradesh,Localized_Shock_Proxy,0.11872620666342246,2
2025-11-01,Kerala,Child_Enrolment_Drive,0.11729735254690994,3
2025-11-01,Assam,Household_Split_Merge,0.11720700417498253,2
2025-11-01,Goa,Household_Split_Merge,0.11710216774004346,2
2025-11-01,Chhattisgarh,Access_Friction_Biometric,0.11609591681428263,30
2025-11-01,Karnataka,Localized_Shock_Proxy,0.11464826652719332,4
2025-11-01,Dadra & Nagar Haveli,Access_Friction_Biometric,0.11310393854169894,1
2025-11-01,Madhya Pradesh,Aging_Stress_Zone,0.11218898650922572,28
2025-11-01,Manipur,Education_Pressure,0.11196064285964016,1
2025-11-01,Kerala,Aging_Stress_Zone,0.11182240299887589,7
2025-11-01,Karnataka,Household_Split_Merge,0.11149825782968607,3
2025-11-01,Uttarakhand,Aging_Stress_Zone,0.11148127470868836,14
2025-11-01,Uttarakhand,Access_Friction_Biometric,0.11145185610335928,9
2025-11-01,West Bengal,Aging_Stress_Zone,0.1113764390071708,85
2025-11-01,Odisha,Child_Enrolment_Drive,0.11119283978968417,2
2025-11-01,Jammu & Kashmir,Household_Split_Merge,0.11100603572921415,2
2025-11-01,Nagaland,Household_Split_Merge,0.110941229337268,1
2025-11-01,Telangana,Aging_Stress_Zone,0.1106119157715795,8
2025-11-01,Uttarakhand,Household_Split_Merge,0.11028493587976415,1
2025-11-01,West Bengal,Access_Friction_Biometric,0.10986307675453194,99
2025-11-01,Jharkhand,Household_Split_Merge,0.10980963250415253,1
2025-11-01,Rajasthan,Access_Friction_Biometric,0.10959572946735475,34
2025-11-01,Tamil Nadu,Migration_Surge,0.10932913361945729,1
2025-11-01,Manipur,Access_Friction_Biometric,0.10927502945728507,10
2025-11-01,Telangana,Access_Friction_Biometric,0.10904170461554856,21
2025-11-01,Uttar Pradesh,Access_Friction_Biometric,0.10869251892408076,54
2025-11-01,Andhra Pradesh,Household_Split_Merge,0.10836398922279175,20
2025-11-01,Andhra Pradesh,Access_Friction_Biometric,0.10829438552431869,32
2025-11-01,Jammu & Kashmir,Aging_Stress_Zone,0.10816027705899108,33
2025-11-01,Odisha,Household_Split_Merge,0.10794595775008699,3
2025-11-01,Mizoram,Aging_Stress_Zone,0.10789064080937641,1
2025-11-01,Jharkhand,Access_Friction_Biometric,0.1076967437527114,28
2025-11-01,Andhra Pradesh,Aging_Stress_Zone,0.1074325982905642,61
2025-11-01,Ladakh,Marriage_Cluster_Household_Restructure,0.1074072771368153,1
2025-11-01,Maharashtra,Household_Split_Merge,0.10712131938267232,3
2025-11-01,Maharashtra,Aging_Stress_Zone,0.10698251463631098,38
2025-11-01,Uttar Pradesh,Aging_Stress_Zone,0.10688905141020094,59
2025-11-01,Manipur,Localized_Shock_Proxy,0.10688114286096335,8
2025-11-01,Himachal Pradesh,Aging_Stress_Zone,0.10661907223537326,7
2025-11-01,Uttarakhand,Localized_Shock_Proxy,0.10644597426970692,9
2025-11-01,Gujarat,Household_Split_Merge,0.1063975007984448,1
2025-11-01,Maharashtra,Localized_Shock_Proxy,0.10630386149855926,304
2025-11-01,Orissa,Aging_Stress_Zone,0.10618564381250456,68
2025-11-01,Gujarat,Access_Friction_Biometric,0.10614063140289405,10
2025-11-01,Madhya Pradesh,Access_Friction_Biometric,0.10531995852603226,30
2025-11-01,Assam,Aging_Stress_Zone,0.10495319293522208,15
2025-11-01,Bihar,Aging_Stress_Zone,0.10452411202126852,27
2025-11-01,Tamil Nadu,Aging_Stress_Zone,0.10416400073375111,48
2025-11-01,Assam,Access_Friction_Biometric,0.10402689888056608,24
2025-11-01,Bihar,Access_Friction_Biometric,0.10379580684358526,36
2025-11-01,Jharkhand,Aging_Stress_Zone,0.10374823890157217,39
2025-11-01,Punjab,Household_Split_Merge,0.1034765016096749,1
2025-11-01,Tamil Nadu,Access_Friction_Biometric,0.10335431314886198,42
2025-11-01,Jammu and Kashmir,Household_Split_Merge,0.10287902012741099,1
2025-11-01,Odisha,Access_Friction_Biometric,0.10287815869352876,26
2025-11-01,Jammu and Kashmir,Aging_Stress_Zone,0.10274491152688732,7
2025-11-01,Tamil Nadu,Localized_Shock_Proxy,0.10227966523157968,43
2025-11-01,Orissa,Access_Friction_Biometric,0.10213374336595644,64
2025-11-01,Nagaland,Localized_Shock_Proxy,0.102046782126843,2
2025-11-01,Telangana,Household_Split_Merge,0.1018256087332103,6
2025-11-01,Odisha,Localized_Shock_Proxy,0.1018039052338352,12
2025-11-01,Orissa,Localized_Shock_Proxy,0.10173588892525545,5
2025-11-01,Gujarat,Localized_Shock_Proxy,0.10173215965984209,1
2025-11-01,Sikkim,Routine_Lifecycle,0.10171170326780989,1
2025-11-01,Karnataka,Access_Friction_Biometric,0.10159641300042238,25
2025-11-01,Chhattisgarh,Localized_Shock_Proxy,0.1015483257927929,14
2025-11-01,West Bengal,Localized_Shock_Proxy,0.10154538791009236,88
2025-11-01,Odisha,Aging_Stress_Zone,0.10129169683420831,37
2025-11-01,Dadra and Nagar Haveli and Daman and Diu,Access_Friction_Biometric,0.10056960277386179,2
2025-11-01,Chhattisgarh,Household_Split_Merge,0.10028857061225846,1
2025-11-01,Maharashtra,Access_Friction_Biometric,0.10024810314990323,22
2025-11-01,West Bengal,Household_Split_Merge,0.10019180976788443,14
2025-11-01,Haryana,Aging_Stress_Zone,0.10018989591252936,8
2025-11-01,Punjab,Access_Friction_Biometric,0.10000473368390364,13
2025-11-01,Haryana,Marriage_Cluster_Household_Restructure,0.09958153889040765,1
2025-11-01,Gujarat,Aging_Stress_Zone,0.09956416306610089,15
2025-11-01,Chhattisgarh,Aging_Stress_Zone,0.09925037976024467,20
2025-11-01,Andhra Pradesh,Localized_Shock_Proxy,0.09880652213345766,14
2025-11-01,Tamil Nadu,Household_Split_Merge,0.09876963176747222,13
2025-11-01,Himachal Pradesh,Routine_Lifecycle,0.09875733304385681,4
2025-11-01,Himachal Pradesh,Localized_Shock_Proxy,0.09870118515820156,7
2025-11-01,Haryana,Access_Friction_Biometric,0.09819764222588029,11
2025-11-01,Punjab,Aging_Stress_Zone,0.09815909319806364,12
2025-11-01,Uttar Pradesh,Localized_Shock_Proxy,0.0979802691573121,9
2025-11-01,Punjab,Marriage_Cluster_Household_Restructure,0.09797257963216946,4
2025-11-01,Telangana,Marriage_Cluster_Household_Restructure,0.09775688260273513,2
2025-11-01,Karnataka,Aging_Stress_Zone,0.09772791433414513,36
2025-11-01,Kerala,Access_Friction_Biometric,0.0975617552978035,20
2025-11-01,Assam,Localized_Shock_Proxy,0.0970437683195217,3
2025-11-01,Orissa,Household_Split_Merge,0.09651007603371864,8
2025-11-01,Uttarakhand,Marriage_Cluster_Household_Restructure,0.09627769428253737,5
2025-11-01,Sikkim,Localized_Shock_Proxy,0.09544043659874452,1
2025-11-01,Assam,Marriage_Cluster_Household_Restructure,0.09473007010183694,7
2025-11-01,West Bengal,Education_Pressure,0.09448896300988033,1
2025-11-01,Karnataka,Migration_Surge,0.09447192853701254,1
2025-11-01,Sikkim,Access_Friction_Biometric,0.09431440581019693,7
2025-11-01,Uttarakhand,Student_Mobility,0.09411805791527712,1
2025-11-01,Orissa,Child_Enrolment_Drive,0.0940301800395931,2
2025-11-01,Karnataka,Education_Pressure,0.09393906022127929,3
2025-11-01,Himachal Pradesh,Child_Enrolment_Drive,0.09365315488580613,1
2025-11-01,Rajasthan,Urban_Spillover_PeriUrban,0.09361823425894049,1
2025-11-01,Kerala,Elderly_Biometric_Refresh,0.09357370677783529,5
2025-11-01,Telangana,Localized_Shock_Proxy,0.09280098957052041,3
2025-11-01,Telangana,Routine_Lifecycle,0.09263445143073301,12
2025-11-01,Kerala,Routine_Lifecycle,0.09220384826211502,18
2025-11-01,Madhya Pradesh,Localized_Shock_Proxy,0.0920426491202748,1
2025-11-01,Jammu and Kashmir,Access_Friction_Biometric,0.09196566964316967,11
2025-11-01,Jammu and Kashmir,Localized_Shock_Proxy,0.09111383704157952,1
2025-11-01,Jammu & Kashmir,Marriage_Cluster_Household_Restructure,0.09063189379481745,8
2025-11-01,Uttar Pradesh,Routine_Lifecycle,0.09061655629174543,18
2025-11-01,Kerala,Household_Split_Merge,0.09059622917485195,3
2025-11-01,Jammu and Kashmir,Routine_Lifecycle,0.0904810787009465,5
2025-11-01,Delhi,Aging_Stress_Zone,0.090462101106021,1
2025-11-01,Kerala,Localized_Shock_Proxy,0.0903842339319092,3
2025-11-01,Maharashtra,Routine_Lifecycle,0.09028686298563611,7
2025-11-01,Jharkhand,Localized_Shock_Proxy,0.0898020086840406,2
2025-11-01,Tamil Nadu,Routine_Lifecycle,0.0895667245546436,33
2025-11-01,Arunachal Pradesh,Routine_Lifecycle,0.08874338926594108,1
2025-11-01,Sikkim,Disaster_Displacement_Proxy,0.08872637297549234,2
2025-11-01,Andhra Pradesh,Routine_Lifecycle,0.08836932848258439,43
2025-11-01,Andhra Pradesh,Migration_Surge,0.0882407246055871,2
2025-11-01,Odisha,Marriage_Cluster_Household_Restructure,0.08810653178135479,12
2025-11-01,Rajasthan,Aging_Stress_Zone,0.08783460596749394,54
2025-11-01,Kerala,Marriage_Cluster_Household_Restructure,0.08782617315180126,10
2025-11-01,Rajasthan,Migration_Surge,0.08736424315323149,1
2025-11-01,West Bangal,Disaster_Displacement_Proxy,0.08696904515963114,2
2025-11-01,Odisha,Routine_Lifecycle,0.08676779401547023,23
2025-11-01,Pondicherry,Routine_Lifecycle,0.08675830421228758,2
2025-11-01,Pondicherry,Marriage_Cluster_Household_Restructure,0.08657495329627414,3
2025-11-01,Andaman & Nicobar Islands,Marriage_Cluster_Household_Restructure,0.08651293342923422,2
2025-11-01,Maharashtra,Marriage_Cluster_Household_Restructure,0.0864049053271332,13
2025-11-01,Karnataka,Routine_Lifecycle,0.08634720459613314,48
2025-11-01,West Bangal,ReKYC_Documentation_Drive,0.08614504966080716,1
2025-11-01,Gujarat,Marriage_Cluster_Household_Restructure,0.08605195102876004,9
2025-11-01,Karnataka,Marriage_Cluster_Household_Restructure,0.08575126573969755,25
2025-11-01,Orissa,Marriage_Cluster_Household_Restructure,0.08568940048912614,28
2025-11-01,Himachal Pradesh,Marriage_Cluster_Household_Restructure,0.0849776234751175,6
2025-11-01,Uttarakhand,Routine_Lifecycle,0.08484665623930648,4
2025-11-01,Uttar Pradesh,Marriage_Cluster_Household_Restructure,0.08432884053499456,16
2025-11-01,Tamil Nadu,Marriage_Cluster_Household_Restructure,0.0841163790588171,19
2025-11-01,Andhra Pradesh,Child_Enrolment_Drive,0.0836279216849643,5
2025-11-01,West Bengal,Routine_Lifecycle,0.08348539306154762,31
2025-11-01,Lakshadweep,Routine_Lifecycle,0.08347084458792117,2
2025-11-01,Lakshadweep,Admin_Cleanup_Campaign,0.08316191432848984,4
2025-11-01,Meghalaya,Aging_Stress_Zone,0.08312546725806173,10
2025-11-01,Andhra Pradesh,Marriage_Cluster_Household_Restructure,0.08312421089347787,25
2025-11-01,Rajasthan,Marriage_Cluster_Household_Restructure,0.08303540189313754,10
2025-11-01,Bihar,Household_Split_Merge,0.08291869554439776,2
2025-11-01,Haryana,Routine_Lifecycle,0.08287521578926739,4
2025-11-01,Punjab,Routine_Lifecycle,0.08286676418209822,6
2025-11-01,Orissa,Routine_Lifecycle,0.08284211609576966,26
2025-11-01,Madhya Pradesh,Routine_Lifecycle,0.08275185824897734,11
2025-11-01,WESTBENGAL,Admin_Cleanup_Campaign,0.08269774852150305,2
2025-11-01,Punjab,Localized_Shock_Proxy,0.08256502095011681,2
2025-11-01,Chandigarh,Disaster_Displacement_Proxy,0.08234108600358643,1
2025-11-01,Chhattisgarh,Seasonal_Labor_Circulation,0.0822469298105856,1
2025-11-01,Sikkim,Seasonal_Labor_Circulation,0.0822141785272849,1
2025-11-01,Sikkim,Marriage_Cluster_Household_Restructure,0.08219059778123172,1
2025-11-01,West Bengal,Marriage_Cluster_Household_Restructure,0.08204828733823688,32
2025-11-01,Uttar Pradesh,Migration_Surge,0.08199155939777515,2
2025-11-01,Telangana,Child_Enrolment_Drive,0.08194557437577102,2
2025-11-01,Rajasthan,Localized_Shock_Proxy,0.08184767498042991,2
2025-11-01,Dadra and Nagar Haveli,ReKYC_Documentation_Drive,0.08159738464447505,1
2025-11-01,Jharkhand,Marriage_Cluster_Household_Restructure,0.081306041717877,11
2025-11-01,Nagaland,Disaster_Displacement_Proxy,0.08123540612253273,3
2025-11-01,Bihar,Localized_Shock_Proxy,0.08118914890338842,3
2025-11-01,Tamil Nadu,Child_Enrolment_Drive,0.08100188485632959,2
2025-11-01,Jammu and Kashmir,Marriage_Cluster_Household_Restructure,0.0808976789507324,3
2025-11-01,Goa,Marriage_Cluster_Household_Restructure,0.08079700870702353,1
2025-11-01,Pondicherry,Aging_Stress_Zone,0.08076281579641911,2
2025-11-01,Assam,Routine_Lifecycle,0.08059063029438393,10
2025-11-01,Gujarat,Routine_Lifecycle,0.08018940962470823,13
2025-11-01,Mizoram,Disaster_Displacement_Proxy,0.08006039645457716,1
2025-11-01,Andaman and Nicobar Islands,ReKYC_Documentation_Drive,0.08004563480649893,3
2025-11-01,West Bangal,Aging_Stress_Zone,0.07955931073942718,2
2025-11-01,Chhatisgarh,Education_Pressure,0.07937195528497537,1
2025-11-01,Jharkhand,Child_Enrolment_Drive,0.0788562155169086,2
2025-11-01,Daman & Diu,ReKYC_Documentation_Drive,0.0783439961023408,1
2025-11-01,Chhattisgarh,Marriage_Cluster_Household_Restructure,0.0783070006695603,6
2025-11-01,WEST BENGAL,Admin_Cleanup_Campaign,0.0782994022224821,1
2025-11-01,Maharashtra,Migration_Surge,0.07824850319299634,6
2025-11-01,Bihar,Routine_Lifecycle,0.07804850341681946,8
2025-11-01,Ladakh,Admin_Cleanup_Campaign,0.07798128044044453,10
2025-11-01,Tripura,Routine_Lifecycle,0.07794892903582794,1
2025-11-01,Dadra and Nagar Haveli,Admin_Cleanup_Campaign,0.0778633459520509,3
2025-11-01,Haryana,Localized_Shock_Proxy,0.07781228052993555,2
2025-11-01,Delhi,Disaster_Displacement_Proxy,0.07763725711672906,2
2025-11-01,Daman & Diu,Admin_Cleanup_Campaign,0.07748858105780373,4
2025-11-01,West  Bengal,Admin_Cleanup_Campaign,0.07748624881849471,1
2025-11-01,Mizoram,Routine_Lifecycle,0.07738389889771997,1
2025-11-01,Orissa,Disaster_Displacement_Proxy,0.07738230496306141,46
2025-11-01,Tripura,Aging_Stress_Zone,0.07734641359974058,7
2025-11-01,Jammu & Kashmir,ReKYC_Documentation_Drive,0.07723841316744308,6
2025-11-01,Andhra Pradesh,Disaster_Displacement_Proxy,0.07720572257669699,106
2025-11-01,West Bengli,Access_Friction_Biometric,0.07707965106701911,1
2025-11-01,Dadra and Nagar Haveli and Daman and Diu,ReKYC_Documentation_Drive,0.07689993802149214,1
2025-11-01,Madhya Pradesh,Marriage_Cluster_Household_Restructure,0.07672474860170285,6
2025-11-01,Meghalaya,Marriage_Cluster_Household_Restructure,0.0766654343441758,1
2025-11-01,Maharashtra,Child_Enrolment_Drive,0.07657017725209325,4
2025-11-01,Chhattisgarh,Routine_Lifecycle,0.0765466265609525,5
2025-11-01,Bihar,Seasonal_Labor_Circulation,0.0764487522023638,1
2025-11-01,Madhya Pradesh,Admin_Cleanup_Campaign,0.07644475079642729,682
2025-11-01,Chandigarh,Admin_Cleanup_Campaign,0.07636625347473078,20
2025-11-01,Bihar,Marriage_Cluster_Household_Restructure,0.07632761841587625,6
2025-11-01,Karnataka,Admin_Cleanup_Campaign,0.07619886005993211,1058
2025-11-01,Jharkhand,Routine_Lifecycle,0.0761202644309975,8
2025-11-01,Orissa,ReKYC_Documentation_Drive,0.07600714987858379,35
2025-11-01,Orissa,Admin_Cleanup_Campaign,0.07595717385981546,126
2025-11-01,Himachal Pradesh,Access_Friction_Biometric,0.07583740146242952,2
2025-11-01,Punjab,Admin_Cleanup_Campaign,0.07577809924588846,351
2025-11-01,Mizoram,ReKYC_Documentation_Drive,0.07576197675648108,8
2025-11-01,Gujarat,Admin_Cleanup_Campaign,0.07568452652985423,956
2025-11-01,Jammu and Kashmir,Disaster_Displacement_Proxy,0.0756527400601537,15
2025-11-01,Maharashtra,Urban_Spillover_PeriUrban,0.07555174171771059,1
2025-11-01,Chandigarh,ReKYC_Documentation_Drive,0.07539018690428753,2
2025-11-01,Goa,Disaster_Displacement_Proxy,0.07537936552008924,8
2025-11-01,Orissa,Migration_Surge,0.07537266691174209,1
2025-11-01,Haryana,Admin_Cleanup_Campaign,0.075334446957571,239
2025-11-01,Andaman & Nicobar Islands,Admin_Cleanup_Campaign,0.07529360010203316,9
2025-11-01,Odisha,Admin_Cleanup_Campaign,0.07528519303547303,440
2025-11-01,Delhi,Admin_Cleanup_Campaign,0.07526146903271345,84
2025-11-01,Kerala,Admin_Cleanup_Campaign,0.0752019208305121,750
2025-11-01,Mizoram,Admin_Cleanup_Campaign,0.07508033001864764,19
2025-11-01,Sikkim,Admin_Cleanup_Campaign,0.07494819473153376,41
2025-11-01,Bihar,Disaster_Displacement_Proxy,0.07480394064197136,43
2025-11-01,Daman and Diu,Admin_Cleanup_Campaign,0.07473008309418895,6
2025-11-01,Karnataka,Disaster_Displacement_Proxy,0.07459714667017699,53
2025-11-01,Assam,Disaster_Displacement_Proxy,0.07459641281929172,23
2025-11-01,Odisha,Disaster_Displacement_Proxy,0.07456690020356056,35
2025-11-01,Rajasthan,Disaster_Displacement_Proxy,0.07456064997586635,12
2025-11-01,Puducherry,Household_Split_Merge,0.07453182460754224,1
2025-11-01,Punjab,Disaster_Displacement_Proxy,0.0744933060307594,9
2025-11-01,Punjab,ReKYC_Documentation_Drive,0.07444791926691521,87
2025-11-01,Rajasthan,Admin_Cleanup_Campaign,0.07432865336950623,849
2025-11-01,Jharkhand,Disaster_Displacement_Proxy,0.07422512203612742,24
2025-11-01,Dadra & Nagar Haveli,Admin_Cleanup_Campaign,0.07406943904074913,1
2025-11-01,Tripura,Disaster_Displacement_Proxy,0.07403723225333066,4
2025-11-01,Gujarat,Migration_Surge,0.07402988922962042,1
2025-11-01,Rajasthan,Routine_Lifecycle,0.0740149330051143,6
2025-11-01,Himachal Pradesh,Admin_Cleanup_Campaign,0.0739977529817702,239
2025-11-01,Karnataka,ReKYC_Documentation_Drive,0.07399638445534511,288
2025-11-01,Meghalaya,Admin_Cleanup_Campaign,0.07390689972367673,21
2025-11-01,Assam,Seasonal_Labor_Circulation,0.07384182529015894,1
2025-11-01,Andhra Pradesh,Admin_Cleanup_Campaign,0.07381459389188692,1179
2025-11-01,Arunachal Pradesh,Household_Split_Merge,0.07373659308578387,2
2025-11-01,Arunachal Pradesh,Disaster_Displacement_Proxy,0.07370275081983027,7
2025-11-01,Madhya Pradesh,ReKYC_Documentation_Drive,0.07357644480812271,162
2025-11-01,Pondicherry,Disaster_Displacement_Proxy,0.07355313678596097,5
2025-11-01,Jammu and Kashmir,Admin_Cleanup_Campaign,0.07345511368960468,154
2025-11-01,Assam,Admin_Cleanup_Campaign,0.0733988344766973,216
2025-11-01,Uttar Pradesh,Disaster_Displacement_Proxy,0.07331949044326026,106
2025-11-01,Uttarakhand,Admin_Cleanup_Campaign,0.07329501486757392,208
2025-11-01,Gujarat,ReKYC_Documentation_Drive,0.07329216870326455,265
2025-11-01,Jharkhand,Admin_Cleanup_Campaign,0.0732704203299398,327
2025-11-01,Tripura,Admin_Cleanup_Campaign,0.0731985404278452,79
2025-11-01,Andhra Pradesh,Education_Pressure,0.07317424159469064,3
2025-11-01,Haryana,Disaster_Displacement_Proxy,0.07313214397691359,8
2025-11-01,Tamil Nadu,Disaster_Displacement_Proxy,0.07312962692441147,295
2025-11-01,Kerala,Disaster_Displacement_Proxy,0.07312794808270459,29
2025-11-01,Jammu & Kashmir,Disaster_Displacement_Proxy,0.07312505372377642,8
2025-11-01,Telangana,Disaster_Displacement_Proxy,0.07312331606948151,31
2025-11-01,Kerala,ReKYC_Documentation_Drive,0.07306746810545779,210
2025-11-01,Chhattisgarh,Disaster_Displacement_Proxy,0.07302152787872657,32
2025-11-01,Bihar,Admin_Cleanup_Campaign,0.07301630261022997,709
2025-11-01,West Bengal,Seasonal_Labor_Circulation,0.0729802750074157,3
2025-11-01,Goa,Admin_Cleanup_Campaign,0.0729560277150515,47
2025-11-01,Arunachal Pradesh,ReKYC_Documentation_Drive,0.07291445581012468,15
2025-11-01,Nagaland,Admin_Cleanup_Campaign,0.07291240959601358,16
2025-11-01,Telangana,Admin_Cleanup_Campaign,0.07288441471283508,402
2025-11-01,Delhi,ReKYC_Documentation_Drive,0.07287307282183446,28
2025-11-01,Maharashtra,Disaster_Displacement_Proxy,0.07285667939260894,702
2025-11-01,Odisha,ReKYC_Documentation_Drive,0.07284367297325053,110
2025-11-01,West Bengal,Disaster_Displacement_Proxy,0.07280561908982056,297
2025-11-01,West Bengal,Migration_Surge,0.0727201694348312,10
2025-11-01,Uttar Pradesh,Admin_Cleanup_Campaign,0.07268869617647723,1481
2025-11-01,Puducherry,Aging_Stress_Zone,0.07264542966048658,2
2025-11-01,Tamil Nadu,Admin_Cleanup_Campaign,0.07263083943216081,1539
2025-11-01,Meghalaya,ReKYC_Documentation_Drive,0.07258335883851953,13
2025-11-01,Puducherry,Admin_Cleanup_Campaign,0.07252650732385861,18
2025-11-01,Andaman and Nicobar Islands,Admin_Cleanup_Campaign,0.07251048848033922,11
2025-11-01,Haryana,ReKYC_Documentation_Drive,0.07245750599319853,69
2025-11-01,Uttarakhand,ReKYC_Documentation_Drive,0.0723252237796216,43
2025-11-01,Chhattisgarh,Admin_Cleanup_Campaign,0.07221537870714438,274
2025-11-01,Uttarakhand,Disaster_Displacement_Proxy,0.0720923283704909,35
2025-11-01,Himachal Pradesh,ReKYC_Documentation_Drive,0.07208291690889786,72
2025-11-01,West Bangal,Admin_Cleanup_Campaign,0.07197343303942481,2
2025-11-01,Pondicherry,Admin_Cleanup_Campaign,0.07189923322638886,16
2025-11-01,West bengal,Elderly_Biometric_Refresh,0.07185294711743097,1
2025-11-01,Rajasthan,ReKYC_Documentation_Drive,0.07180366201462153,215
2025-11-01,Mizoram,Elderly_Biometric_Refresh,0.07169725623852609,1
2025-11-01,Gujarat,Disaster_Displacement_Proxy,0.07160419847453504,24
2025-11-01,Andaman & Nicobar Islands,ReKYC_Documentation_Drive,0.07154254540005847,4
2025-11-01,Andhra Pradesh,ReKYC_Documentation_Drive,0.07143035736132157,288
2025-11-01,West Bengal,Admin_Cleanup_Campaign,0.07142309853624809,1109
2025-11-01,Chhattisgarh,Child_Enrolment_Drive,0.07140195347782131,1
2025-11-01,Jammu & Kashmir,Admin_Cleanup_Campaign,0.07135854731222845,4
2025-11-01,Himachal Pradesh,Disaster_Displacement_Proxy,0.07134696374387257,32
2025-11-01,Uttar Pradesh,Child_Enrolment_Drive,0.07126753750938489,5
2025-11-01,Jammu and Kashmir,Child_Enrolment_Drive,0.07123570752945875,1
2025-11-01,Andaman & Nicobar Islands,Disaster_Displacement_Proxy,0.07122565188122731,1
2025-11-01,Manipur,Disaster_Displacement_Proxy,0.07121121243545855,37
2025-11-01,Madhya Pradesh,Disaster_Displacement_Proxy,0.07104016663912886,20
2025-11-01,Orissa,Seasonal_Labor_Circulation,0.07102567780017277,5
2025-11-01,Assam,Child_Enrolment_Drive,0.07099154578051395,2
2025-11-01,Goa,ReKYC_Documentation_Drive,0.07098972104180941,20
2025-11-01,Jharkhand,ReKYC_Documentation_Drive,0.07091950146364202,120
2025-11-01,Uttar Pradesh,ReKYC_Documentation_Drive,0.07086018495235072,373
2025-11-01,Bihar,ReKYC_Documentation_Drive,0.07071548398403098,205
2025-11-01,Tamil Nadu,ReKYC_Documentation_Drive,0.07062742251066524,384
2025-11-01,Andaman and Nicobar Islands,Aging_Stress_Zone,0.07061031379084588,1
2025-11-01,Assam,ReKYC_Documentation_Drive,0.07058906330333135,54
2025-11-01,Karnataka,Child_Enrolment_Drive,0.07050783736087221,5
2025-11-01,Nagaland,Child_Enrolment_Drive,0.07047322684028393,1
2025-11-01,Gujarat,Child_Enrolment_Drive,0.07043736219767409,3
2025-11-01,Nagaland,ReKYC_Documentation_Drive,0.07035722913137107,8
2025-11-01,Telangana,ReKYC_Documentation_Drive,0.07032036173072015,76
2025-11-01,Arunachal Pradesh,Admin_Cleanup_Campaign,0.07021954329066339,24
2025-11-01,Dadra and Nagar Haveli and Daman and Diu,Admin_Cleanup_Campaign,0.07005069121985129,4
2025-11-01,Assam,Migration_Surge,0.0699065711338204,1
2025-11-01,Puducherry,ReKYC_Documentation_Drive,0.06987415947024593,13
2025-11-01,Chhattisgarh,ReKYC_Documentation_Drive,0.06973545777338053,82
2025-11-01,Jammu and Kashmir,ReKYC_Documentation_Drive,0.06967881673719016,26
2025-11-01,Madhya Pradesh,Education_Pressure,0.06965555233437642,1
2025-11-01,Pondicherry,ReKYC_Documentation_Drive,0.06961878749473635,8
2025-11-01,Meghalaya,Disaster_Displacement_Proxy,0.06961196358223509,4
2025-11-01,Andaman and Nicobar Islands,Disaster_Displacement_Proxy,0.06948469160371201,1
2025-11-01,Madhya Pradesh,Child_Enrolment_Drive,0.06947587524220367,1
2025-11-01,Maharashtra,Admin_Cleanup_Campaign,0.0693442224948503,738
2025-11-01,Manipur,Admin_Cleanup_Campaign,0.0692716872694642,36
2025-11-01,Tripura,ReKYC_Documentation_Drive,0.06921088205961311,19
2025-11-01,West Bengal,ReKYC_Documentation_Drive,0.06914335584623961,332
2025-11-01,Dadra and Nagar Haveli and Daman and Diu,Child_Enrolment_Drive,0.06910302212362433,1
2025-11-01,West Bengal,Child_Enrolment_Drive,0.0688692133121369,4
2025-11-01,Uttar Pradesh,Household_Split_Merge,0.06886098877197792,4
2025-11-01,Andhra Pradesh,Seasonal_Labor_Circulation,0.06852277963729148,1
2025-11-01,Meghalaya,Routine_Lifecycle,0.06851616926228467,1
2025-11-01,Chandigarh,Access_Friction_Biometric,0.06846183406416571,1
2025-11-01,Maharashtra,ReKYC_Documentation_Drive,0.06805867670014082,208
2025-11-01,Manipur,ReKYC_Documentation_Drive,0.0677270160738616,7
2025-11-01,Chandigarh,Marriage_Cluster_Household_Restructure,0.0674398431518615,2
2025-11-01,Bihar,Education_Pressure,0.06646644110919141,1
2025-11-01,Puducherry,Disaster_Displacement_Proxy,0.06631944725769466,3
2025-11-01,Bihar,Migration_Surge,0.06593779703237908,1
2025-11-01,Dadra & Nagar Haveli,Disaster_Displacement_Proxy,0.06559696889117189,1
2025-11-01,Maharashtra,Education_Pressure,0.06492814148737991,1
2025-11-01,Jammu and Kashmir,Migration_Surge,0.06418469631741591,1
2025-11-01,Odisha,Migration_Surge,0.0636170103088308,1
2025-11-01,Tamil Nadu,Education_Pressure,0.05986859530934141,1
2025-11-01,Uttar Pradesh,Seasonal_Labor_Circulation,0.05668112284720954,2
2025-11-01,Nagaland,Routine_Lifecycle,0.055945440368697384,1
2025-12-01,west Bengal,System_Stabilization,0.6000503100246616,1
2025-12-01,West  Bengal,System_Stabilization,0.5114336910631917,5
2025-12-01,Westbengal,System_Stabilization,0.49127551703322975,4
2025-12-01,ODISHA,System_Stabilization,0.46932982954355756,2
2025-12-01,Tamilnadu,System_Stabilization,0.44573545415085364,1
2025-12-01,andhra pradesh,System_Stabilization,0.43783327495025054,1
2025-12-01,Lakshadweep,System_Stabilization,0.4352990546953895,3
2025-12-01,Meghalaya,System_Stabilization,0.43314798133211035,68
2025-12-01,WEST BENGAL,System_Stabilization,0.42291087750855794,4
2025-12-01,Pondicherry,System_Stabilization,0.41794909951114345,26
2025-12-01,Sikkim,System_Stabilization,0.41351986529386886,40
2025-12-01,West bengal,System_Stabilization,0.41182819688665057,3
2025-12-01,Punjab,System_Stabilization,0.39981540094327633,211
2025-12-01,Daman & Diu,System_Stabilization,0.39900580971286326,2
2025-12-01,Andaman and Nicobar Islands,System_Stabilization,0.3986922588499943,6
2025-12-01,Nagaland,System_Stabilization,0.39681108025809375,44
2025-12-01,Odisha,System_Stabilization,0.3963255428900573,584
2025-12-01,Mizoram,System_Stabilization,0.39563071972595804,34
2025-12-01,odisha,System_Stabilization,0.39518747539470195,3
2025-12-01,Arunachal Pradesh,System_Stabilization,0.3951173980133654,49
2025-12-01,Himachal Pradesh,System_Stabilization,0.39295047316629017,286
2025-12-01,Telangana,System_Stabilization,0.3896058892749218,637
2025-12-01,Andhra Pradesh,System_Stabilization,0.38897742807112035,1608
2025-12-01,Goa,System_Stabilization,0.38382699232854056,50
2025-12-01,Assam,System_Stabilization,0.3822887982612866,255
2025-12-01,Jammu & Kashmir,System_Stabilization,0.38206502768919987,9
2025-12-01,Orissa,System_Stabilization,0.38150470011702164,179
2025-12-01,Manipur,System_Stabilization,0.3799463709218739,94
2025-12-01,Kerala,System_Stabilization,0.3791859323167982,492
2025-12-01,Madhya Pradesh,System_Stabilization,0.37800886041320225,187
2025-12-01,Chandigarh,System_Stabilization,0.37479517218479375,10
2025-12-01,Haryana,System_Stabilization,0.3738800963021781,61
2025-12-01,Gujarat,System_Stabilization,0.37061343838135263,277
2025-12-01,West Bengal,System_Stabilization,0.3702952801853082,1640
2025-12-01,Jharkhand,System_Stabilization,0.3694393229595243,278
2025-12-01,Karnataka,System_Stabilization,0.3650870605669876,481
2025-12-01,Tripura,System_Stabilization,0.3636252488304718,36
2025-12-01,Rajasthan,System_Stabilization,0.3619401894728755,247
2025-12-01,Daman and Diu,System_Stabilization,0.36008204212238504,4
2025-12-01,Tamil Nadu,System_Stabilization,0.3600052968555458,1235
2025-12-01,Puducherry,System_Stabilization,0.3585386810972834,19
2025-12-01,Maharashtra,System_Stabilization,0.35544887768803024,1640
2025-12-01,Jammu and Kashmir,System_Stabilization,0.35505118317207596,90
2025-12-01,Delhi,System_Stabilization,0.35483846513740275,12
2025-12-01,Bihar,System_Stabilization,0.35107797783888406,295
2025-12-01,Uttar Pradesh,System_Stabilization,0.35067580238220547,687
2025-12-01,Dadra and Nagar Haveli and Daman and Diu,System_Stabilization,0.3479646630774249,3
2025-12-01,Andaman & Nicobar Islands,System_Stabilization,0.3451498322283211,3
2025-12-01,Uttarakhand,System_Stabilization,0.3447959589808488,76
2025-12-01,Chhattisgarh,System_Stabilization,0.3295539979173106,87
2025-12-01,Ladakh,System_Stabilization,0.25675178649676567,3
2025-12-01,Manipur,Elderly_Biometric_Refresh,0.23513307852360776,1
2025-12-01,Dadra and Nagar Haveli and Daman and Diu,Elderly_Biometric_Refresh,0.23234788060961375,1
2025-12-01,West Bangal,System_Stabilization,0.22544701047507154,4
2025-12-01,WESTBENGAL,System_Stabilization,0.21042009481568974,2
2025-12-01,Meghalaya,Elderly_Biometric_Refresh,0.2049585863905912,1
2025-12-01,Dadra & Nagar Haveli,System_Stabilization,0.19273738883486602,1
2025-12-01,Tripura,Elderly_Biometric_Refresh,0.18626009233671278,2
2025-12-01,Chandigarh,Elderly_Biometric_Refresh,0.1794328858307877,1
2025-12-01,Assam,Child_Enrolment_Drive,0.17768491700205452,1
2025-12-01,West Bengli,Elderly_Biometric_Refresh,0.1731819695985241,1
2025-12-01,Gujarat,Elderly_Biometric_Refresh,0.1669839325604298,8
2025-12-01,Jharkhand,Elderly_Biometric_Refresh,0.166185470993025,18
2025-12-01,Tamil Nadu,Elderly_Biometric_Refresh,0.16441990555738867,27
2025-12-01,Odisha,Child_Enrolment_Drive,0.16421952603961906,3
2025-12-01,Bihar,Elderly_Biometric_Refresh,0.1594645170796895,20
2025-12-01,Odisha,Elderly_Biometric_Refresh,0.15856687640325856,18
2025-12-01,Maharashtra,Elderly_Biometric_Refresh,0.15469608509632138,15
2025-12-01,Assam,Elderly_Biometric_Refresh,0.1541764579311264,14
2025-12-01,Uttar Pradesh,Child_Enrolment_Drive,0.15413806286607337,7
2025-12-01,Mizoram,Elderly_Biometric_Refresh,0.1532973829071752,1
2025-12-01,Uttar Pradesh,Elderly_Biometric_Refresh,0.14933930251214325,34
2025-12-01,Tamil Nadu,Child_Enrolment_Drive,0.14898421224533334,2
2025-12-01,Sikkim,Elderly_Biometric_Refresh,0.1488755918658141,3
2025-12-01,Orissa,Elderly_Biometric_Refresh,0.14815346630569173,48
2025-12-01,Rajasthan,Elderly_Biometric_Refresh,0.14803235996994998,16
2025-12-01,Madhya Pradesh,Elderly_Biometric_Refresh,0.14776881161572217,17
2025-12-01,Jammu and Kashmir,Child_Enrolment_Drive,0.1475890437092517,1
2025-12-01,Arunachal Pradesh,Aging_Stress_Zone,0.14601264092530306,3
2025-12-01,Nagaland,Elderly_Biometric_Refresh,0.14565421649449878,1
2025-12-01,West Bengal,Elderly_Biometric_Refresh,0.1451880731859757,44
2025-12-01,Madhya Pradesh,Child_Enrolment_Drive,0.14159744577244518,3
2025-12-01,Orissa,Education_Pressure,0.14094171470738032,1
2025-12-01,Madhya Pradesh,Education_Pressure,0.1408378280612165,1
2025-12-01,Chhattisgarh,Elderly_Biometric_Refresh,0.13936301307352675,16
2025-12-01,Puttenahalli,Aging_Stress_Zone,0.1370402055618513,1
2025-12-01,Telangana,Elderly_Biometric_Refresh,0.13655426547135688,6
2025-12-01,Andaman and Nicobar Islands,Aging_Stress_Zone,0.13610386790425358,1
2025-12-01,Haryana,Elderly_Biometric_Refresh,0.13555101903557623,4
2025-12-01,Uttarakhand,Elderly_Biometric_Refresh,0.13228427055875822,6
2025-12-01,Jammu and Kashmir,Education_Pressure,0.13181985959217157,2
2025-12-01,Himachal Pradesh,Elderly_Biometric_Refresh,0.12977233503654512,4
2025-12-01,Kerala,Elderly_Biometric_Refresh,0.12923962247914797,7
2025-12-01,Sikkim,Aging_Stress_Zone,0.1290631942380307,1
2025-12-01,Andhra Pradesh,Elderly_Biometric_Refresh,0.12776835744933873,29
2025-12-01,Puducherry,Aging_Stress_Zone,0.1271538470414076,3
2025-12-01,Jammu and Kashmir,Elderly_Biometric_Refresh,0.1269208382187543,6
2025-12-01,Nagaland,Aging_Stress_Zone,0.12649154548668817,1
2025-12-01,Nagpur,Aging_Stress_Zone,0.12522843316397342,1
2025-12-01,Karnataka,Elderly_Biometric_Refresh,0.1236412384612451,16
2025-12-01,Jharkhand,Access_Friction_Biometric,0.12207660216324971,24
2025-12-01,Punjab,Elderly_Biometric_Refresh,0.12105786337292068,7
2025-12-01,Punjab,Localized_Shock_Proxy,0.12052356596050115,5
2025-12-01,Assam,Household_Split_Merge,0.12047329307893498,2
2025-12-01,Uttarakhand,Access_Friction_Biometric,0.11873831117340988,13
2025-12-01,Jammu & Kashmir,Elderly_Biometric_Refresh,0.11716761762201493,3
2025-12-01,Ladakh,Aging_Stress_Zone,0.11610646355006421,1
2025-12-01,Jharkhand,Household_Split_Merge,0.11593016243443338,3
2025-12-01,Gujarat,Aging_Stress_Zone,0.11550595931319262,26
2025-12-01,West Bengal,Education_Pressure,0.11536745866426233,1
2025-12-01,Karnataka,Aging_Stress_Zone,0.11535437279941131,41
2025-12-01,Punjab,Aging_Stress_Zone,0.1151860389215389,12
2025-12-01,Himachal Pradesh,Access_Friction_Biometric,0.11499392585109519,4
2025-12-01,Jammu and Kashmir,Aging_Stress_Zone,0.11492656854371919,6
2025-12-01,Telangana,Aging_Stress_Zone,0.1145286522307543,15
2025-12-01,Odisha,Aging_Stress_Zone,0.11410493291175383,30
2025-12-01,Rajasthan,Aging_Stress_Zone,0.11404935330915153,40
2025-12-01,Orissa,Child_Enrolment_Drive,0.11360184805190165,2
2025-12-01,Manipur,Household_Split_Merge,0.11316181650694106,1
2025-12-01,Jammu & Kashmir,Aging_Stress_Zone,0.11247348877702813,33
2025-12-01,Meghalaya,Aging_Stress_Zone,0.11239290319647684,4
2025-12-01,Himachal Pradesh,Aging_Stress_Zone,0.11212921925408587,4
2025-12-01,Haryana,Access_Friction_Biometric,0.11163184352751854,5
2025-12-01,Chhattisgarh,Access_Friction_Biometric,0.11149451811424359,39
2025-12-01,Tamil Nadu,Aging_Stress_Zone,0.11139877081256339,46
2025-12-01,Lakshadweep,Access_Friction_Biometric,0.11023097983407823,1
2025-12-01,Uttarakhand,Localized_Shock_Proxy,0.10999738385752807,27
2025-12-01,Madhya Pradesh,Aging_Stress_Zone,0.10994941875304887,28
2025-12-01,Tripura,Aging_Stress_Zone,0.10964813913561568,2
2025-12-01,Delhi,Localized_Shock_Proxy,0.10955581668816128,2
2025-12-01,Rajasthan,Access_Friction_Biometric,0.10927426209081419,23
2025-12-01,Tripura,Household_Split_Merge,0.1092390903138706,1
2025-12-01,Manipur,Access_Friction_Biometric,0.10920752138459106,6
2025-12-01,Andhra Pradesh,Access_Friction_Biometric,0.1087537997608058,34
2025-12-01,Mizoram,Marriage_Cluster_Household_Restructure,0.10829230335545371,1
2025-12-01,Assam,Aging_Stress_Zone,0.10816996497603681,22
2025-12-01,Bihar,Access_Friction_Biometric,0.10814783552942771,32
2025-12-01,West Bengal,Localized_Shock_Proxy,0.10794342878083653,22
2025-12-01,Assam,Access_Friction_Biometric,0.10783335991854044,29
2025-12-01,Uttarakhand,Household_Split_Merge,0.10782730062182339,1
2025-12-01,Uttar Pradesh,Access_Friction_Biometric,0.10771228395519014,47
2025-12-01,Goa,Household_Split_Merge,0.10770516148526774,1
2025-12-01,West Bengal,Access_Friction_Biometric,0.10765793158057836,79
2025-12-01,Darbhanga,Access_Friction_Biometric,0.10734565999816882,1
2025-12-01,Odisha,Access_Friction_Biometric,0.10731089239384588,26
2025-12-01,Jharkhand,Aging_Stress_Zone,0.10706754640370697,46
2025-12-01,Chhattisgarh,Aging_Stress_Zone,0.10686526440873421,22
2025-12-01,Nagaland,Access_Friction_Biometric,0.1065868884975656,4
2025-12-01,Karnataka,Access_Friction_Biometric,0.10656922075877161,25
2025-12-01,Telangana,Localized_Shock_Proxy,0.10648982491092791,14
2025-12-01,Andhra Pradesh,Aging_Stress_Zone,0.10633230490509163,40
2025-12-01,Dadra and Nagar Haveli and Daman and Diu,Localized_Shock_Proxy,0.10576075541761523,1
2025-12-01,Mizoram,Aging_Stress_Zone,0.10569684436768156,3
2025-12-01,Kerala,Household_Split_Merge,0.10567711558748162,7
2025-12-01,Orissa,Access_Friction_Biometric,0.10549019508607384,68
2025-12-01,Madanapalle,Access_Friction_Biometric,0.10542626924620387,1
2025-12-01,Rajasthan,Household_Split_Merge,0.10527260311975004,5
2025-12-01,Madhya Pradesh,Access_Friction_Biometric,0.10516993801680231,29
2025-12-01,West Bengal,Aging_Stress_Zone,0.10479214184307124,76
2025-12-01,Maharashtra,Localized_Shock_Proxy,0.10476080671929726,27
2025-12-01,Telangana,Household_Split_Merge,0.1045784216262731,7
2025-12-01,Haryana,Localized_Shock_Proxy,0.10425880976092608,2
2025-12-01,West Bengal,Household_Split_Merge,0.10391504931229927,17
2025-12-01,Haryana,Household_Split_Merge,0.10373706546896848,1
2025-12-01,Uttar Pradesh,Aging_Stress_Zone,0.10364574347108477,73
2025-12-01,Madhya Pradesh,Localized_Shock_Proxy,0.10355656102239716,9
2025-12-01,Himachal Pradesh,Household_Split_Merge,0.10327948109166993,2
2025-12-01,Andhra Pradesh,Household_Split_Merge,0.10320575404763994,21
2025-12-01,Maharashtra,Access_Friction_Biometric,0.10310677295278298,24
2025-12-01,Punjab,Access_Friction_Biometric,0.10299821867339394,17
2025-12-01,Sikkim,Access_Friction_Biometric,0.10278598324140938,3
2025-12-01,BALANAGAR,Access_Friction_Biometric,0.10263254568423422,1
2025-12-01,Karnataka,Migration_Surge,0.10244104176756948,1
2025-12-01,Tamil Nadu,Education_Pressure,0.10242730798902579,2
2025-12-01,Uttar Pradesh,Localized_Shock_Proxy,0.1023694956288511,17
2025-12-01,Gujarat,Access_Friction_Biometric,0.10228682133773663,9
2025-12-01,Karnataka,Localized_Shock_Proxy,0.10215629141126382,22
2025-12-01,Tamil Nadu,Localized_Shock_Proxy,0.10167005001700957,61
2025-12-01,Orissa,Aging_Stress_Zone,0.10160773782555846,72
2025-12-01,Tamil Nadu,Access_Friction_Biometric,0.10149415653435723,46
2025-12-01,Madhya Pradesh,Household_Split_Merge,0.101487897070571,5
2025-12-01,Tamil Nadu,Household_Split_Merge,0.10148505406024676,16
2025-12-01,Bihar,Household_Split_Merge,0.10121516626422215,3
2025-12-01,Uttarakhand,Aging_Stress_Zone,0.10101509721554351,17
2025-12-01,Orissa,Household_Split_Merge,0.10069828953703798,3
2025-12-01,Maharashtra,Aging_Stress_Zone,0.10062630926250932,116
2025-12-01,Andhra Pradesh,Localized_Shock_Proxy,0.10041985839654204,18
2025-12-01,Odisha,Localized_Shock_Proxy,0.10022033853242518,7
2025-12-01,Uttar Pradesh,Household_Split_Merge,0.09968403631233634,11
2025-12-01,Gujarat,Localized_Shock_Proxy,0.09921719473814436,9
2025-12-01,Karnataka,Household_Split_Merge,0.0991396373906269,16
2025-12-01,Assam,Localized_Shock_Proxy,0.099135033184505,12
2025-12-01,Chhattisgarh,Localized_Shock_Proxy,0.09887593244234819,21
2025-12-01,Bihar,Aging_Stress_Zone,0.09857206813296089,29
2025-12-01,Meghalaya,Routine_Lifecycle,0.09854581338372176,1
2025-12-01,Gujarat,Household_Split_Merge,0.09853205676928097,7
2025-12-01,Manipur,Marriage_Cluster_Household_Restructure,0.09834614506623056,1
2025-12-01,Bihar,Localized_Shock_Proxy,0.09748657657026047,10
2025-12-01,Kerala,Localized_Shock_Proxy,0.09714174883029397,3
2025-12-01,Maharashtra,Household_Split_Merge,0.096784449450549,13
2025-12-01,Tripura,Access_Friction_Biometric,0.09628380898052895,2
2025-12-01,Kerala,Aging_Stress_Zone,0.09599302560479474,5
2025-12-01,Himachal Pradesh,Routine_Lifecycle,0.09589093803937686,5
2025-12-01,Odisha,Household_Split_Merge,0.09583316908778557,3
2025-12-01,Kerala,Migration_Surge,0.09577783776669323,1
2025-12-01,Gujarat,Routine_Lifecycle,0.0955321806637459,17
2025-12-01,Raja Annamalai Puram,Aging_Stress_Zone,0.0954668914056969,1
2025-12-01,Orissa,Localized_Shock_Proxy,0.09532966936332944,5
2025-12-01,Telangana,Marriage_Cluster_Household_Restructure,0.09411061793552901,9
2025-12-01,Kerala,Access_Friction_Biometric,0.09407865309784147,12
2025-12-01,Jammu and Kashmir,Access_Friction_Biometric,0.09374981820158625,5
2025-12-01,Assam,Urban_Spillover_PeriUrban,0.09373669297934392,1
2025-12-01,Haryana,Marriage_Cluster_Household_Restructure,0.09360026188621,5
2025-12-01,West Bangal,Localized_Shock_Proxy,0.09322158894326657,1
2025-12-01,Andaman & Nicobar Islands,Aging_Stress_Zone,0.09316115481694424,1
2025-12-01,Haryana,Routine_Lifecycle,0.09308733865573016,3
2025-12-01,Haryana,Aging_Stress_Zone,0.09302744699178367,8
2025-12-01,Tripura,Routine_Lifecycle,0.09293469730183142,1
2025-12-01,Telangana,Access_Friction_Biometric,0.09280004912409368,15
2025-12-01,Rajasthan,Marriage_Cluster_Household_Restructure,0.09240019808404973,10
2025-12-01,Rajasthan,Localized_Shock_Proxy,0.09239186886705644,7
2025-12-01,Odisha,Routine_Lifecycle,0.09145412181478975,13
2025-12-01,Andhra Pradesh,Routine_Lifecycle,0.09097773122027705,34
2025-12-01,Karnataka,Routine_Lifecycle,0.09087285448555454,34
2025-12-01,Andaman & Nicobar Islands,Marriage_Cluster_Household_Restructure,0.09085987641178443,1
2025-12-01,Jaipur,Aging_Stress_Zone,0.09082242784422051,1
2025-12-01,Gujarat,Marriage_Cluster_Household_Restructure,0.09021332162615632,13
2025-12-01,WESTBENGAL,Marriage_Cluster_Household_Restructure,0.08998748221434405,1
2025-12-01,Uttaranchal,Aging_Stress_Zone,0.08976569890202789,3
2025-12-01,Rajasthan,Child_Enrolment_Drive,0.08975643134645542,4
2025-12-01,Pondicherry,Aging_Stress_Zone,0.08938801422377046,1
2025-12-01,Jharkhand,Child_Enrolment_Drive,0.08936451001971338,1
2025-12-01,Andaman & Nicobar Islands,Disaster_Displacement_Proxy,0.08919675336675204,2
2025-12-01,Manipur,Localized_Shock_Proxy,0.08896946963400307,1
2025-12-01,Jammu and Kashmir,Marriage_Cluster_Household_Restructure,0.08894383578939956,3
2025-12-01,Tamil Nadu,Routine_Lifecycle,0.0888307329595481,25
2025-12-01,Maharashtra,Marriage_Cluster_Household_Restructure,0.08879458329363338,9
2025-12-01,West Bengal,Marriage_Cluster_Household_Restructure,0.08876995285432884,34
2025-12-01,Karnataka,Marriage_Cluster_Household_Restructure,0.08849434811466331,8
2025-12-01,Dadra and Nagar Haveli,System_Stabilization,0.08830888909869261,1
2025-12-01,Bihar,Routine_Lifecycle,0.08785861783538171,11
2025-12-01,Kerala,Routine_Lifecycle,0.08759211641880985,25
2025-12-01,Punjab,Routine_Lifecycle,0.08742145246985884,6
2025-12-01,Tamil Nadu,Marriage_Cluster_Household_Restructure,0.08711906298617843,24
2025-12-01,Mizoram,Migration_Surge,0.0868292171431698,1
2025-12-01,Uttarakhand,Routine_Lifecycle,0.08680758192903658,1
2025-12-01,Punjab,Marriage_Cluster_Household_Restructure,0.08670938823794168,4
2025-12-01,Kerala,Marriage_Cluster_Household_Restructure,0.08646371608608808,10
2025-12-01,Odisha,Marriage_Cluster_Household_Restructure,0.0864608092712801,14
2025-12-01,Assam,Routine_Lifecycle,0.08637884308823661,11
2025-12-01,Andhra Pradesh,Marriage_Cluster_Household_Restructure,0.08634169153764192,28
2025-12-01,Chhattisgarh,Child_Enrolment_Drive,0.08624713625703645,1
2025-12-01,Goa,Aging_Stress_Zone,0.08610410621297394,6
2025-12-01,Jammu and Kashmir,Localized_Shock_Proxy,0.08606481901949231,3
2025-12-01,Meghalaya,Access_Friction_Biometric,0.08604452364662812,1
2025-12-01,Maharashtra,Routine_Lifecycle,0.08583923077966793,11
2025-12-01,Uttar Pradesh,Marriage_Cluster_Household_Restructure,0.0853532428650119,22
2025-12-01,Telangana,Child_Enrolment_Drive,0.08527205625767435,2
2025-12-01,Orissa,Marriage_Cluster_Household_Restructure,0.08527183619156674,22
2025-12-01,Delhi,Routine_Lifecycle,0.08472388380447225,1
2025-12-01,Meghalaya,Marriage_Cluster_Household_Restructure,0.0847032527624188,1
2025-12-01,Madhya Pradesh,Marriage_Cluster_Household_Restructure,0.08468402208042325,13
2025-12-01,Jharkhand,Routine_Lifecycle,0.0844850769929917,9
2025-12-01,Chandigarh,Routine_Lifecycle,0.08438866447593324,1
2025-12-01,West Bengal,Routine_Lifecycle,0.08432924168337538,35
2025-12-01,Himachal Pradesh,Localized_Shock_Proxy,0.08404706963882008,4
2025-12-01,Chandigarh,Disaster_Displacement_Proxy,0.08399109425346979,1
2025-12-01,Orissa,Routine_Lifecycle,0.08390948701557827,23
2025-12-01,Jammu and Kashmir,Routine_Lifecycle,0.0837976312808613,3
2025-12-01,Jammu & Kashmir,Routine_Lifecycle,0.0837969154502379,5
2025-12-01,Arunachal Pradesh,Disaster_Displacement_Proxy,0.0837590014980059,2
2025-12-01,Jharkhand,Localized_Shock_Proxy,0.08364057291328876,2
2025-12-01,Bihar,Marriage_Cluster_Household_Restructure,0.0828601874335848,13
2025-12-01,Pondicherry,Disaster_Displacement_Proxy,0.08281303029045237,2
2025-12-01,Meghalaya,Localized_Shock_Proxy,0.08262699305271132,1
2025-12-01,Himachal Pradesh,Marriage_Cluster_Household_Restructure,0.08244245896055816,4
2025-12-01,Chhattisgarh,Marriage_Cluster_Household_Restructure,0.08233326921909259,2
2025-12-01,Dadra and Nagar Haveli,ReKYC_Documentation_Drive,0.08213066462260331,1
2025-12-01,Arunachal Pradesh,Household_Split_Merge,0.08150982382563353,1
2025-12-01,Assam,Marriage_Cluster_Household_Restructure,0.08148890856365136,12
2025-12-01,Arunachal Pradesh,Marriage_Cluster_Household_Restructure,0.08148545906469412,1
2025-12-01,Ladakh,Access_Friction_Biometric,0.08097389120205865,1
2025-12-01,Sikkim,Marriage_Cluster_Household_Restructure,0.08083940384842037,1
2025-12-01,Goa,Marriage_Cluster_Household_Restructure,0.08063523870860259,1
2025-12-01,Jharkhand,Marriage_Cluster_Household_Restructure,0.08060967416060125,7
2025-12-01,Chhattisgarh,Routine_Lifecycle,0.08053771853624563,4
2025-12-01,Chandigarh,ReKYC_Documentation_Drive,0.08027009638127272,1
2025-12-01,Madhya Pradesh,Routine_Lifecycle,0.07985251302956091,11
2025-12-01,Andaman & Nicobar Islands,ReKYC_Documentation_Drive,0.07966825846847436,2
2025-12-01,Jammu & Kashmir,Marriage_Cluster_Household_Restructure,0.07966775460139659,10
2025-12-01,Delhi,Aging_Stress_Zone,0.07952412470475216,1
2025-12-01,Chhatisgarh,Seasonal_Labor_Circulation,0.07948312393768871,1
2025-12-01,Chandigarh,Household_Split_Merge,0.07945518620247571,1
2025-12-01,Punjab,Household_Split_Merge,0.07914743541265218,1
2025-12-01,Jammu & Kashmir,Disaster_Displacement_Proxy,0.07897063955822237,14
2025-12-01,Andhra Pradesh,Child_Enrolment_Drive,0.07794105618815331,2
2025-12-01,WEST BENGAL,Admin_Cleanup_Campaign,0.07792129251182697,2
2025-12-01,Tamil Nadu,Migration_Surge,0.07785576154083207,2
2025-12-01,Uttar Pradesh,Routine_Lifecycle,0.07781240449277647,14
2025-12-01,Gujarat,Migration_Surge,0.0774615234983074,1
2025-12-01,Puducherry,Disaster_Displacement_Proxy,0.07735792206023706,4
2025-12-01,Pondicherry,ReKYC_Documentation_Drive,0.07713203912477219,6
2025-12-01,Delhi,Disaster_Displacement_Proxy,0.07700309745949732,3
2025-12-01,Chandigarh,Admin_Cleanup_Campaign,0.07699360384102334,12
2025-12-01,Orissa,Disaster_Displacement_Proxy,0.07690308885832178,58
2025-12-01,Sikkim,Admin_Cleanup_Campaign,0.07661498961317832,16
2025-12-01,Jharkhand,Migration_Surge,0.07659509333572953,1
2025-12-01,Nagaland,Admin_Cleanup_Campaign,0.07657447007095221,14
2025-12-01,Uttarakhand,Marriage_Cluster_Household_Restructure,0.07636991246827785,2
2025-12-01,Meghalaya,ReKYC_Documentation_Drive,0.0761794914213514,6
2025-12-01,West Bengal,Disaster_Displacement_Proxy,0.07609986373567064,148
2025-12-01,Ladakh,ReKYC_Documentation_Drive,0.07596296853668891,2
2025-12-01,Rajasthan,Routine_Lifecycle,0.07584348443736287,6
2025-12-01,Dadra and Nagar Haveli and Daman and Diu,Admin_Cleanup_Campaign,0.07580048796484469,3
2025-12-01,Sikkim,Disaster_Displacement_Proxy,0.07564071010794148,3
2025-12-01,Meghalaya,Admin_Cleanup_Campaign,0.07560628441197284,8
2025-12-01,Jharkhand,Disaster_Displacement_Proxy,0.07559413468912687,23
2025-12-01,Pondicherry,Admin_Cleanup_Campaign,0.0755616785651392,1
2025-12-01,Daman and Diu,Admin_Cleanup_Campaign,0.07554758181176366,2
2025-12-01,Mizoram,Admin_Cleanup_Campaign,0.0754469424069199,22
2025-12-01,Punjab,Child_Enrolment_Drive,0.07542795346228984,1
2025-12-01,Daman & Diu,Admin_Cleanup_Campaign,0.07539078564456213,3
2025-12-01,Telangana,Routine_Lifecycle,0.07537514757235432,4
2025-12-01,Andhra Pradesh,Disaster_Displacement_Proxy,0.07526970171902819,125
2025-12-01,Mizoram,Disaster_Displacement_Proxy,0.07514517878316088,2
2025-12-01,West bengal,Admin_Cleanup_Campaign,0.07499045272642867,1
2025-12-01,West Bangal,Disaster_Displacement_Proxy,0.07495785436245264,2
2025-12-01,Punjab,Admin_Cleanup_Campaign,0.07488887555316821,358
2025-12-01,Gujarat,Disaster_Displacement_Proxy,0.07481684640779611,51
2025-12-01,Manipur,Disaster_Displacement_Proxy,0.07465455133821701,1
2025-12-01,Madhya Pradesh,Admin_Cleanup_Campaign,0.07459955802377316,585
2025-12-01,Orissa,Admin_Cleanup_Campaign,0.07459589064109699,137
2025-12-01,Lakshadweep,Admin_Cleanup_Campaign,0.07457946746262226,5
2025-12-01,Odisha,Admin_Cleanup_Campaign,0.07448397111824777,486
2025-12-01,West Bangal,Routine_Lifecycle,0.07439032640420885,1
2025-12-01,Karnataka,Disaster_Displacement_Proxy,0.074371636840354,145
2025-12-01,Dadra and Nagar Haveli,Admin_Cleanup_Campaign,0.07435388383570227,2
2025-12-01,Kerala,Admin_Cleanup_Campaign,0.07434431094080858,687
2025-12-01,Andhra Pradesh,Admin_Cleanup_Campaign,0.07430955458994855,790
2025-12-01,Andaman & Nicobar Islands,Admin_Cleanup_Campaign,0.07427223607170538,4
2025-12-01,Uttar Pradesh,Seasonal_Labor_Circulation,0.07414107934936948,1
2025-12-01,Madhya Pradesh,Disaster_Displacement_Proxy,0.0741410196325806,44
2025-12-01,Bihar,Disaster_Displacement_Proxy,0.07413341872559463,112
2025-12-01,Gujarat,Admin_Cleanup_Campaign,0.07392795916910973,751
2025-12-01,Uttar Pradesh,Disaster_Displacement_Proxy,0.07392453218905858,165
2025-12-01,Jammu and Kashmir,Disaster_Displacement_Proxy,0.07383644895382865,27
2025-12-01,Jammu & Kashmir,Admin_Cleanup_Campaign,0.07381418303595144,2
2025-12-01,Puducherry,Routine_Lifecycle,0.07380321790368426,2
2025-12-01,Karnataka,Admin_Cleanup_Campaign,0.07377709282723667,1143
2025-12-01,Kerala,Disaster_Displacement_Proxy,0.07368824449441215,57
2025-12-01,Andhra Pradesh,Migration_Surge,0.07367331327820559,1
2025-12-01,Meghalaya,Disaster_Displacement_Proxy,0.07358597971240084,2
2025-12-01,Himachal Pradesh,Admin_Cleanup_Campaign,0.07353245255094323,104
2025-12-01,Maharashtra,Disaster_Displacement_Proxy,0.073494527749524,130
2025-12-01,Tamil Nadu,Disaster_Displacement_Proxy,0.0734400609163302,301
2025-12-01,Haryana,Disaster_Displacement_Proxy,0.07339434754046738,15
2025-12-01,Uttarakhand,Disaster_Displacement_Proxy,0.07336072147620523,93
2025-12-01,Arunachal Pradesh,ReKYC_Documentation_Drive,0.07332817702261861,8
2025-12-01,Orissa,ReKYC_Documentation_Drive,0.07328348885946151,34
2025-12-01,Uttar Pradesh,Migration_Surge,0.07326442215619985,3
2025-12-01,Haryana,Admin_Cleanup_Campaign,0.07324720008106785,214
2025-12-01,Chhattisgarh,Disaster_Displacement_Proxy,0.07303420189962243,140
2025-12-01,West Bengal,Seasonal_Labor_Circulation,0.0729962095114994,1
2025-12-01,Delhi,Admin_Cleanup_Campaign,0.07294441980927534,75
2025-12-01,Odisha,Disaster_Displacement_Proxy,0.07281642091434293,39
2025-12-01,Mizoram,Routine_Lifecycle,0.0728064297850611,2
2025-12-01,West Bengal,Migration_Surge,0.07275117403868214,4
2025-12-01,Telangana,Admin_Cleanup_Campaign,0.07274010684793462,362
2025-12-01,Ladakh,Admin_Cleanup_Campaign,0.07266496668668512,8
2025-12-01,Jharkhand,Admin_Cleanup_Campaign,0.07265195706467419,165
2025-12-01,Goa,Admin_Cleanup_Campaign,0.07265182802757231,23
2025-12-01,Telangana,Disaster_Displacement_Proxy,0.07254181836646426,60
2025-12-01,Assam,Disaster_Displacement_Proxy,0.07242229639005368,77
2025-12-01,Goa,ReKYC_Documentation_Drive,0.07238920154269325,12
2025-12-01,Punjab,ReKYC_Documentation_Drive,0.07233751166073112,85
2025-12-01,Rajasthan,Disaster_Displacement_Proxy,0.07233619120254979,65
2025-12-01,Rajasthan,Admin_Cleanup_Campaign,0.07231263143422183,681
2025-12-01,Odisha,ReKYC_Documentation_Drive,0.07227836545423286,130
2025-12-01,Puducherry,Admin_Cleanup_Campaign,0.0722104508691948,11
2025-12-01,Punjab,Disaster_Displacement_Proxy,0.07220770491608895,23
2025-12-01,Kerala,ReKYC_Documentation_Drive,0.07213221981132582,161
2025-12-01,Westbengal,Admin_Cleanup_Campaign,0.07212869220265991,1
2025-12-01,Madhya Pradesh,ReKYC_Documentation_Drive,0.0720843934137566,146
2025-12-01,Assam,Migration_Surge,0.0720411648699445,3
2025-12-01,Dadra & Nagar Haveli,Admin_Cleanup_Campaign,0.07200395768768748,1
2025-12-01,West Bengal,Admin_Cleanup_Campaign,0.07199817374463827,386
2025-12-01,Himachal Pradesh,ReKYC_Documentation_Drive,0.0719270722776217,38
2025-12-01,Tamil Nadu,Admin_Cleanup_Campaign,0.07178920872851247,839
2025-12-01,Assam,Admin_Cleanup_Campaign,0.07177845887073352,366
2025-12-01,Andaman and Nicobar Islands,ReKYC_Documentation_Drive,0.07176223421517273,6
2025-12-01,Uttarakhand,Seasonal_Labor_Circulation,0.07166902180391474,1
2025-12-01,Goa,Disaster_Displacement_Proxy,0.0715756799259688,7
2025-12-01,Karnataka,ReKYC_Documentation_Drive,0.07153254816642922,290
2025-12-01,Gujarat,ReKYC_Documentation_Drive,0.07138503787824677,196
2025-12-01,Manipur,Admin_Cleanup_Campaign,0.0713828010944839,3
2025-12-01,Maharashtra,Education_Pressure,0.07132847228873405,1
2025-12-01,Andhra Pradesh,ReKYC_Documentation_Drive,0.0712107134961682,227
2025-12-01,Bihar,Admin_Cleanup_Campaign,0.0711990327909362,596
2025-12-01,Jammu and Kashmir,Admin_Cleanup_Campaign,0.07119423716248549,121
2025-12-01,Puducherry,ReKYC_Documentation_Drive,0.07114538167364,6
2025-12-01,Mizoram,ReKYC_Documentation_Drive,0.0710752753074958,13
2025-12-01,Andaman & Nicobar Islands,Routine_Lifecycle,0.07103600084573684,2
2025-12-01,Haryana,ReKYC_Documentation_Drive,0.07100943130146055,45
2025-12-01,West Bengal,ReKYC_Documentation_Drive,0.07094186794982292,101
2025-12-01,Maharashtra,Admin_Cleanup_Campaign,0.0709253057124118,177
2025-12-01,Andaman and Nicobar Islands,Admin_Cleanup_Campaign,0.07089766473570691,10
2025-12-01,Uttar Pradesh,Admin_Cleanup_Campaign,0.07087556128660603,1005
2025-12-01,Tripura,Admin_Cleanup_Campaign,0.07082979768065353,56
2025-12-01,Jammu & Kashmir,ReKYC_Documentation_Drive,0.07047682763408793,3
2025-12-01,Himachal Pradesh,Disaster_Displacement_Proxy,0.0703085701971338,28
2025-12-01,Delhi,ReKYC_Documentation_Drive,0.07029210756905589,25
2025-12-01,Uttarakhand,Admin_Cleanup_Campaign,0.07015918575203438,102
2025-12-01,Tripura,ReKYC_Documentation_Drive,0.07011337300313406,19
2025-12-01,Tripura,Disaster_Displacement_Proxy,0.07006081971623358,7
2025-12-01,Telangana,ReKYC_Documentation_Drive,0.07004479859020353,90
2025-12-01,Jharkhand,ReKYC_Documentation_Drive,0.06992370391742579,62
2025-12-01,Arunachal Pradesh,Admin_Cleanup_Campaign,0.06990247841612536,10
2025-12-01,Manipur,ReKYC_Documentation_Drive,0.0698365700099991,1
2025-12-01,Rajasthan,ReKYC_Documentation_Drive,0.06968322544586078,190
2025-12-01,Chhattisgarh,Household_Split_Merge,0.06959572603430055,1
2025-12-01,Assam,ReKYC_Documentation_Drive,0.06921036254177652,78
2025-12-01,Uttar Pradesh,ReKYC_Documentation_Drive,0.06920870514778472,236
2025-12-01,Bihar,ReKYC_Documentation_Drive,0.06918543807820841,156
2025-12-01,Tamil Nadu,ReKYC_Documentation_Drive,0.06912531635986204,219
2025-12-01,Uttarakhand,ReKYC_Documentation_Drive,0.06911917307171987,29
2025-12-01,Maharashtra,Migration_Surge,0.06909607978578469,1
2025-12-01,Maharashtra,ReKYC_Documentation_Drive,0.06885794806266733,68
2025-12-01,Chhattisgarh,Admin_Cleanup_Campaign,0.06881697431734952,172
2025-12-01,Chandigarh,Migration_Surge,0.06870260422826677,1
2025-12-01,Jammu and Kashmir,ReKYC_Documentation_Drive,0.06841865753693939,22
2025-12-01,Nagaland,ReKYC_Documentation_Drive,0.0683990285128929,9
2025-12-01,Maharashtra,Seasonal_Labor_Circulation,0.06831959120238584,2
2025-12-01,Odisha,Education_Pressure,0.0682891352504148,1
2025-12-01,Rajasthan,Migration_Surge,0.06803739816098957,5
2025-12-01,Chhattisgarh,ReKYC_Documentation_Drive,0.06771422923714178,44
2025-12-01,Uttarakhand,Migration_Surge,0.06711993818002102,2
2025-12-01,Nagaland,Disaster_Displacement_Proxy,0.06710004793352484,2
2025-12-01,Karnataka,Child_Enrolment_Drive,0.06688015916892204,7
2025-12-01,Gujarat,Child_Enrolment_Drive,0.06648076316122031,3
2025-12-01,Punjab,Education_Pressure,0.06609648717778598,1
2025-12-01,Andhra Pradesh,Education_Pressure,0.06582413805817529,1
2025-12-01,Orissa,Student_Mobility,0.06577565970743784,1
2025-12-01,Jammu & Kashmir,Household_Split_Merge,0.06572226154314237,1
2025-12-01,Telangana,Education_Pressure,0.06541608878187842,1
2025-12-01,andhra pradesh,Admin_Cleanup_Campaign,0.06514412094095866,1
2025-12-01,Dadra and Nagar Haveli and Daman and Diu,Disaster_Displacement_Proxy,0.06504601174671384,1
2025-12-01,Tamil Nadu,Seasonal_Labor_Circulation,0.06502282645950752,1
2025-12-01,Assam,Education_Pressure,0.06450235300046969,2
2025-12-01,Orissa,Seasonal_Labor_Circulation,0.06443256335814936,1
2025-12-01,Dadra and Nagar Haveli and Daman and Diu,Child_Enrolment_Drive,0.06422138531939342,1
2025-12-01,Punjab,Seasonal_Labor_Circulation,0.06298981536364227,1
2025-12-01,West Bengal,Child_Enrolment_Drive,0.06281743592228345,1
2025-12-01,Rajasthan,Seasonal_Labor_Circulation,0.06268325061531069,1
2025-12-01,Manipur,Education_Pressure,0.06166360496324432,1
2025-12-01,Jammu & Kashmir,Seasonal_Labor_Circulation,0.06156664694690861,1
2025-12-01,Chhattisgarh,Education_Pressure,0.06095217591198843,2
2025-12-01,Bihar,Education_Pressure,0.058871685774167536,1
2025-12-01,Westbengal,Routine_Lifecycle,0.05826744587991128,1
2025-12-01,Goa,Child_Enrolment_Drive,0.049747824147362764,1
