month,state,district_raw,pincode,IEI,IEI_rz,total_updates
2025-11-01,Madhya Pradesh,Ashok Nagar,473001,0.336878510762336,3465.8858371851425,2.0
2025-09-01,Gujarat,Ahmadabad,382430,0.29067555795615835,1385.9362550900134,2.0
2025-11-01,Gujarat,Devbhumi Dwarka,360530,0.5063974432040591,1385.311641191403,3.0
2025-09-01,Karnataka,Mysore,571313,0.2916356699777668,228.18148361346485,2.0
2025-12-01,Uttar Pradesh,Mahrajganj,273304,0.3063357013387586,177.96088106023385,2.0
2025-09-01,Gujarat,Mahesana,384540,0.28065107934525424,111.8414711515634,3.0
2025-12-01,Chhattisgarh,Baloda Bazar,496001,0.3525581154798462,94.85202818459004,2.0
2025-12-01,Bihar,Nalanda,803212,0.3398212377489522,93.90476985147296,2.0
2025-12-01,West Bengal,West Midnapore,721143,0.17108930118716098,90.00314554495871,1.0
2025-12-01,Orissa,Kendrapara,754213,0.4525474673426042,79.27379487326033,2.0
2025-12-01,West Bengal,Haora,711324,0.5365078578029564,77.01433967991042,3.0
2025-09-01,Karnataka,Davanagere,577223,0.2916356699777668,76.54871691513915,2.0
2025-09-01,Uttar Pradesh,Jyotiba Phule Nagar,244231,0.42475866288746067,73.54179332406314,5.0
2025-10-01,Kerala,Kasargod,671542,0.5078541136071196,63.38220782633391,10.0
2025-10-01,Maharashtra,Chhatrapati Sambhajinagar,431006,0.5435414772749938,62.40610119661573,4.0
2025-10-01,Bihar,Gaya,804422,0.2815123120255795,61.14073642683044,2.0
2025-09-01,Gujarat,Gandhinagar,382725,0.4566782350914351,53.17565446987794,4.0
2025-11-01,Uttar Pradesh,Sant Ravidas Nagar Bhadohi,221306,0.2979024277942659,49.06937247321493,3.0
2025-12-01,West Bengal,West Midnapore,721515,0.5489336398984299,48.210565849691335,3.0
2025-11-01,Tamil Nadu,Ariyalur,608703,0.604253735928622,47.33794230173567,15.0
2025-12-01,West Bengal,Medinipur,721211,0.3524963083950569,44.39048674725129,2.0
2025-12-01,West Bengal,North Twenty Four Parganas,700115,0.3681318123322722,42.0960556672283,2.0
2025-12-01,Jharkhand,Garhwa,829208,0.3303268678063747,40.03714363961649,2.0
2025-12-01,Rajasthan,Jhunjhunu,333303,0.32886920553263116,37.76587827886354,4.0
2025-09-01,Maharashtra,Pune,402301,0.2863531994392778,37.31681422657093,2.0
2025-12-01,Odisha,Ganjam,761025,0.38877170325652144,36.428197120740634,2.0
2025-11-01,Karnataka,Shimoga,577220,0.5374192851698767,36.29253365113127,6.0
2025-09-01,West Bengal,Hooghly,713166,0.4778485627413458,34.9610142231282,4.0
2025-11-01,Orissa,Baleshwar,756043,0.6369468944561284,33.44422434097768,4.0
2025-12-01,Madhya Pradesh,Barwani,450661,0.33176110500360906,33.318752434417036,2.0
2025-09-01,West Bengal,Bardhaman,713172,0.31073380469079154,32.46442220774801,2.0
2025-12-01,Orissa,Dhenkanal,759017,0.4200141635011992,32.11327572807611,2.0
2025-10-01,West Bengal,Darjeeling,734124,0.5477344918037034,31.940024872470584,11.0
2025-12-01,Karnataka,Davanagere,577005,0.6219615775431034,31.939575688909038,16.0
2025-11-01,West Bengal,Dakshin Dinajpur,733147,0.6254886982422322,31.932871941792246,5.0
2025-12-01,Orissa,Dhenkanal,759021,0.546020905599176,31.323682701627657,3.0
2025-12-01,Orissa,Sundargarh,770015,0.4521258856109599,31.080703486508018,2.0
2025-12-01,Orissa,Bargarh,768033,0.585678013515954,29.923712275436895,6.0
2025-09-01,Orissa,Nayagarh,752084,0.48261417241301957,29.869849544069652,3.0
2025-12-01,Bihar,Muzaffarpur,843130,0.5930610920156203,29.4181035885555,4.0
2025-09-01,Andaman & Nicobar Islands,Nicobars,744301,0.3581220810268134,28.58472612174537,2.0
2025-12-01,West Bengal,Bardhaman,713332,0.14972042111373235,26.841602641158918,1.0
2025-09-01,Gujarat,Ahmadabad,380018,0.6253226508043119,26.474619440573264,13.0
2025-12-01,Madhya Pradesh,Balaghat,481879,0.12369819386312553,26.3693112431413,1.0
2025-11-01,Rajasthan,Jhunjhunu,333011,0.5825500038885748,26.064511244578267,5.0
2025-10-01,Manipur,Bishnupur,795103,0.4307911166618028,25.868084427809915,5.0
2025-09-01,West Bengal,North Twenty Four Parganas,700101,0.40822353219468144,25.18818197899268,3.0
2025-09-01,West Bengal,Bardhaman,713520,0.31073380469079154,24.960470789278144,2.0
2025-09-01,Jammu & Kashmir,Baramula,193301,0.4673529928957936,24.78465109363806,2.0
2025-12-01,Kerala,Kasaragod,671534,0.5089795622285325,23.29572423091953,3.0
2025-11-01,West Bengal,East Midnapore,721467,0.4771018986983889,23.194873594978198,9.0
2025-12-01,Madhya Pradesh,Shivpuri,475001,0.4450833348748975,22.32351044603326,8.0
2025-12-01,Uttar Pradesh,Mau,276131,0.31013145774768397,21.202994807710347,2.0
2025-11-01,Uttar Pradesh,Mainpuri,215126,0.5869066406629366,20.97934009290482,4.0
2025-12-01,West Bengal,Bardhaman,713145,0.5247376315661,20.192606525322063,3.0
2025-10-01,Chhattisgarh,Khairagarh Chhuikhadan Gandai,491444,0.6147472508348657,19.92016636985579,15.0
2025-10-01,Orissa,Kendrapara,754239,0.38184665565073284,19.78765365465619,2.0
2025-10-01,Andhra Pradesh,N. T. R,521214,0.44384402462177536,19.763224164089713,5.0
2025-11-01,Odisha,Cuttack,753007,0.5570787481729187,19.236476337262836,7.0
2025-12-01,Telangana,Suryapet,508214,0.3804879919472955,19.062236229413145,2.0
2025-12-01,Maharashtra,Raigad,402115,0.5208964726077495,18.478824095771273,4.0
2025-12-01,West Bengal,Malda,733142,0.6962500716631113,18.379573143773374,16.0
2025-09-01,Jharkhand,Giridih,829144,0.39180176329128197,17.293770913332473,3.0
2025-12-01,Maharashtra,Latur,413603,0.5325355102986464,17.152901571700475,3.0
2025-09-01,Jammu & Kashmir,Kupwara,193224,0.4673529928957936,17.029668327648782,2.0
2025-12-01,Tamil Nadu,Tirunelveli,627131,0.5259480604153424,16.93654449363993,3.0
2025-12-01,Maharashtra,Solapur,413112,0.5943650063439985,16.65117070104094,834.0
2025-12-01,West Bengal,Uttar Dinajpur,733150,0.5620693239283254,16.577753355769318,27.0
2025-09-01,Karnataka,Uttara Kannada,581305,0.43021949705654833,16.57329038875982,6.0
2025-09-01,Orissa,Jagatsinghapur,754113,0.38184665565073284,16.502619819003517,2.0
2025-12-01,West Bengal,East Midnapore,721130,0.4190781945517093,16.46072970306512,4.0
2025-11-01,West Bengal,Barddhaman,713158,0.620766229468872,16.368700332386613,42.0
2025-12-01,Uttar Pradesh,Moradabad,244221,0.46921316000235597,16.110915099222147,7.0
2025-12-01,Jharkhand,Godda,816102,0.6638720444381907,16.10514949107865,57.0
2025-12-01,West Bengal,Barddhaman,713158,0.6142519243879313,15.852341420119465,15.0
2025-11-01,Tamil Nadu,Tenkasi,627951,0.5053199941245446,15.801655951256185,3.0
2025-12-01,West Bengal,Purba Bardhaman,712248,0.4022082406408889,15.676609597713464,2.0
2025-11-01,Andhra Pradesh,Medak,502257,0.4933539480124492,15.487341177744776,3.0
2025-12-01,West Bengal,Paschim Bardhaman,713130,0.4767235986909172,15.484869987353962,3.0
2025-12-01,Maharashtra,Washim,444405,0.5988797758639736,15.43765376838181,5.0
2025-12-01,Telangana,Hyderabad,500022,0.1360206498038674,15.009434074236447,1.0
2025-10-01,Andhra Pradesh,Mahabub Nagar,509412,0.44355311427510236,14.893327934444745,3.0
2025-11-01,Uttar Pradesh,Mau,276137,0.12262114057382073,14.822268812058818,1.0
2025-12-01,Odisha,Anugul,759116,0.32910295270505724,14.65382498894031,2.0
2025-12-01,Jammu & Kashmir,Jammu,181111,0.5967593904621523,14.64128367375862,5.0
2025-12-01,Karnataka,Dakshina Kannada,574274,0.5348993682217192,14.121298839346263,6.0
2025-12-01,Uttarakhand,Tehri Garhwal,249125,0.6702177664414367,13.939321569244667,182.0
2025-11-01,Gujarat,Surat,394130,0.6804573811237058,13.613405742796209,572.0
2025-09-01,Karnataka,Bengaluru,560028,0.6011081868380612,13.57855506992713,14.0
2025-12-01,Punjab,Muktsar,152115,0.5354993866215545,13.506273560624823,4.0
2025-12-01,West Bengal,Hooghly,713408,0.3314291262721344,13.44189629356354,2.0
2025-11-01,Telangana,Nagarkurnool,509301,0.6363075925613207,13.421785698414649,10.0
2025-11-01,Jharkhand,Godda,816102,0.6291138358837389,13.412658888719195,297.0
2025-12-01,Gujarat,Gir Somnath,362130,0.3224996319915917,13.386398862783198,2.0
2025-09-01,Jharkhand,Pakaur,816117,0.29513272294377596,13.152473862572641,2.0
2025-12-01,Sikkim,Namchi,737121,0.4081479037879585,13.082990315625489,4.0
2025-12-01,Kerala,Thrissur,680618,0.5592470202474337,13.050702655132719,9.0
2025-12-01,Tamil Nadu,Thiruvallur,600062,0.4709239537845009,12.963765225070693,5.0
2025-12-01,Gujarat,Ahmadabad,382463,0.3171302871131635,12.911918710486697,2.0
2025-12-01,Orissa,Jajapur,755003,0.449375562848584,12.727881444003142,2.0
2025-12-01,Gujarat,Ahmadabad,380006,0.4525981956966125,12.678786795032803,18.0
2025-12-01,Madhya Pradesh,Narmadapuram,461005,0.466551747619068,12.667921261987296,3.0
2025-12-01,Uttar Pradesh,Sultanpur,227811,0.4491400923054918,12.58822885039074,3.0
2025-12-01,Assam,Kamrup,781015,0.6096526275429202,12.55276508072115,8.0
2025-12-01,Bihar,Gopalganj,841503,0.6266910832590279,12.54884616309958,1117.0
2025-12-01,West Bengal,Hugli,712222,0.5910442248497965,12.40421864694826,4.0
2025-12-01,Maharashtra,Aurangabad,400009,0.33604466093961044,12.325896900874719,2.0
2025-11-01,West Bengal,Cooch Behar,735302,0.3646490509903323,12.236258836923609,2.0
2025-11-01,Orissa,Anugul,759100,0.7073777742242172,12.204429576517395,5.0
2025-09-01,West Bengal,Purba Bardhaman,712405,0.40822353219468144,12.17839317203205,3.0
2025-09-01,Uttar Pradesh,Basti,272131,0.673637975714444,12.108676862016626,1187.0
2025-10-01,Andhra Pradesh,Hyderabad,500031,0.5617671681808305,12.072202694082192,4.0
2025-09-01,Telangana,Warangal (urban),505476,0.47403104034583765,12.039402374716177,11.0
2025-10-01,Andhra Pradesh,Eluru,507121,0.5104360138361698,11.927076931050903,11.0
2025-09-01,Madhya Pradesh,Burhanpur,451115,0.2814582123113556,11.85490125987381,2.0
2025-09-01,Gujarat,Dohad,389175,0.632413382969552,11.630781852977243,36.0
2025-09-01,Madhya Pradesh,Hoshangabad,461110,0.6756269138288545,11.59345249272355,18.0
2025-11-01,Rajasthan,Jhunjhunu,333701,0.5827565423182812,11.588517221964738,5.0
2025-12-01,Karnataka,Davanagere,577513,0.32967307517649164,11.534063348642764,2.0
2025-09-01,Maharashtra,Solapur,413214,0.6259021618993751,11.332690560426053,273.0
2025-12-01,West Bengal,North Twenty Four Parganas,743287,0.5229311882853568,11.322223566670598,3.0
2025-12-01,Tamil Nadu,Tiruppur,641402,0.4510637741309822,11.243294187012639,3.0
2025-09-01,Karnataka,Shimoga,577213,0.3888009339972366,11.210403770975372,3.0
2025-09-01,Gujarat,Gandhinagar,382045,0.3875132354712711,11.16176863766933,3.0
2025-09-01,Goa,South Goa,403719,0.5965657303010138,11.082778223907027,6.0
2025-11-01,Karnataka,Bengaluru,560028,0.5703798570545383,11.033822418191122,16.0
2025-09-01,West Bengal,Kalimpong,734320,0.47784856274134574,11.026564590343629,4.0
2025-11-01,West Bengal,Bankura,722209,0.5286116788756458,11.025848102112112,31.0
2025-10-01,Tamil Nadu,Kancheepuram,603101,0.6031884331922892,10.966816561093795,61.0
2025-10-01,Karnataka,Kodagu,571253,0.6148908270768594,10.960366946553584,90.0
2025-12-01,Jharkhand,Pashchimi Singhbhum,833218,0.3567005801361685,10.903933585499498,2.0
2025-11-01,Tamil Nadu,Kancheepuram,603101,0.6005017952643539,10.8328096796857,96.0
2025-12-01,West Bengal,Kolkata,700048,0.531507122703449,10.82215669348092,9.0
2025-12-01,Orissa,Cuttack,754100,0.4422986196502019,10.80233485998228,2.0
2025-12-01,Odisha,Khordha,754008,0.37657827103029484,10.696068475219132,2.0
2025-11-01,Andhra Pradesh,K.V.Rangareddy,501301,0.5299096219494883,10.633466046791447,4.0
2025-12-01,Assam,West Karbi Anglong,782410,0.6625011501106253,10.629944066521029,8.0
2025-12-01,Uttar Pradesh,Unnao,209308,0.3388819716780962,10.56833132954924,2.0
2025-12-01,Tamil Nadu,Chengalpattu,603319,0.6763145781722725,10.546092297194022,6.0
2025-11-01,Odisha,Kendrapara,754248,0.7352680472496836,10.520643075715672,261.0
2025-10-01,Telangana,Suryapet,508212,0.6278895755859497,10.519122736019861,498.0
2025-12-01,Assam,Dhemaji,784164,0.16629758912142864,10.51411760081242,1.0
2025-12-01,Karnataka,Chamarajanagar,571457,0.350267943148515,10.486342707072469,2.0
2025-11-01,Orissa,Khordha,751025,0.6699584500333056,10.277785042881368,4.0
2025-09-01,Tamil Nadu,Kallakurichi,605766,0.6087991273396219,10.257633959202588,24.0
2025-12-01,Chhatisgarh,Raipur,493889,0.6445341768906719,10.256740781410592,2.0
2025-05-01,Punjab,Mansa,151501,0.7046460474947307,10.246891565968825,1257.0
2025-12-01,West Bengal,Barddhaman,713338,0.6352717035950923,10.134620813095044,127.0
2025-09-01,Jharkhand,Palamu,829201,0.39180176329128197,10.116129856009776,3.0
2025-11-01,Tamil Nadu,Kallakurichi,607101,0.33120762465849757,10.08820134981126,2.0
2025-12-01,Maharashtra,Solapur,413214,0.6086650668891062,10.067195553843108,273.0
2025-09-01,Punjab,Nawanshahr,144532,0.35984752779553447,10.04503647664267,5.0
2025-10-01,Uttar Pradesh,Unnao,209864,0.6798475322813822,10.031364249216207,33.0
2025-11-01,Karnataka,Chickmagalur,577127,0.5530144120512561,9.99241651562341,23.0
2025-10-01,West Bengal,Haora,711104,0.5059730957507681,9.923745458953,90.0
2025-12-01,Jharkhand,Kodarma,825132,0.3321899560234628,9.903101907667892,2.0
2025-12-01,Uttar Pradesh,Sultanpur,227801,0.4117664107717641,9.884911454949092,2.0
2025-10-01,Karnataka,Vijayanagara,583126,0.6749732198155874,9.729360837680368,68.0
2025-12-01,Uttarakhand,Tehri Garhwal,249141,0.5322507342975424,9.71766221820741,3.0
2025-11-01,Tamil Nadu,Coimbatore,641652,0.3801724891763734,9.698745673039758,2.0
2025-12-01,Maharashtra,Osmanabad,413505,0.5901625838913241,9.59553339262473,1008.0
2025-10-01,Uttar Pradesh,Basti,272131,0.6304165654011266,9.586492416800725,730.0
2025-10-01,Karnataka,Vijayanagara,583135,0.6894896270178588,9.528645406165708,137.0
2025-10-01,Odisha,Kendrapara,754248,0.7152254403943465,9.523030159096093,197.0
2025-12-01,Andhra Pradesh,Alluri Sitharama Raju,533352,0.396056280133467,9.519541241633354,2.0
2025-10-01,Karnataka,Bengaluru,560028,0.5519240597536095,9.505425973074914,11.0
2025-12-01,Rajasthan,Dausa,303602,0.14617496587964032,9.478339293999548,1.0
2025-11-01,Andhra Pradesh,Medak,502311,0.5414522137287925,9.432470302881885,38.0
2025-09-01,Tamil Nadu,Tenkasi,627757,0.6489611591030214,9.39318177647715,10.0
2025-11-01,Orissa,Jajapur,754296,0.24217634338019295,9.363090528730146,1.0
2025-11-01,Uttar Pradesh,Unnao,209864,0.6568336440718727,9.350097463637312,100.0
2025-04-01,Punjab,Ludhiana,141007,0.7598046052426298,9.330359071148907,5044.0
2025-11-01,Tamil Nadu,Ranipet,632507,0.6041430619427429,9.318556201034166,7.0
2025-12-01,Uttar Pradesh,Unnao,209864,0.6554715704815534,9.309776789088481,152.0
2025-12-01,Himachal Pradesh,Solan,173204,0.5992572267547757,9.308138447397846,10.0
2025-12-01,Maharashtra,Sindhudurg,416806,0.5519509307413102,9.264057097442459,44.0
2025-11-01,Madhya Pradesh,Shajapur,456440,0.5377868312016254,9.26274669618088,9.0
2025-09-01,Tamil Nadu,Kancheepuram,603101,0.5687308644697827,9.248106616074608,77.0
2025-12-01,Uttarakhand,Garhwal,246164,0.36054091391025306,9.224240201785877,2.0
2025-12-01,Andhra Pradesh,Mahbubnagar,509352,0.4583563311949354,9.212070201439694,17.0
2025-11-01,Tamil Nadu,Mayiladuthurai,609401,0.49737549414673543,9.126737178080496,8.0
2025-12-01,Chhattisgarh,Manendragarh–Chirmiri–Bharatpur,497335,0.5611707868420813,9.108817475238054,11.0
2025-10-01,West Bengal,Maldah,732208,0.5657510637461102,9.08994009309185,22.0
2025-11-01,Karnataka,Belgaum,590011,0.5132386266714004,9.049141461961788,9.0
2025-10-01,Assam,Barpeta,781312,0.6630485806884462,8.966599665721688,152.0
2025-12-01,Odisha,Jajapur,756121,0.4107386221392992,8.93100043694371,2.0
2025-12-01,Maharashtra,Satara,415107,0.6182527637182856,8.92007056634433,42.0
2025-09-01,West Bengal,Jalpaiguri,735222,0.5718848811734096,8.850367846974724,317.0
2025-10-01,Uttarakhand,Rudraprayag,246469,0.6739472777759283,8.843839696599845,24.0
2025-12-01,Maharashtra,Ahmadnagar,413728,0.629640409779388,8.821277816499574,682.0
2025-12-01,Tamil Nadu,Kancheepuram,603101,0.5590369513644521,8.76458367821274,80.0
2025-12-01,Tamil Nadu,Chennai,600104,0.3401500988718764,8.75929445486456,2.0
2025-12-01,Jharkhand,Sahibganj,816108,0.5540790626327662,8.67491259147019,8.0
2025-12-01,Orissa,Cuttack,754025,0.41945478981277223,8.653503282772771,2.0
2025-10-01,Uttar Pradesh,Amethi,229303,0.2720153759488567,8.610097497513523,2.0
2025-10-01,Maharashtra,Raigarh,410221,0.5937628203441185,8.60601858704366,359.0
2025-12-01,Tamil Nadu,Dharmapuri,635101,0.41992682314477836,8.592181860470882,3.0
2025-10-01,West Bengal,North 24 Parganas,743195,0.6459748496179138,8.577777840872068,4.0
2025-12-01,Orissa,Anugul,759104,0.5876362974240024,8.566739656880925,3.0
2025-12-01,West Bengal,Jalpaiguri,735207,0.5498100461569317,8.560673387785515,92.0
2025-09-01,West Bengal,South 24 Parganas,700153,0.6024422035737301,8.547001722629998,85.0
2025-12-01,Maharashtra,Osmanabad,413607,0.530336771099664,8.539344728404949,8.0
2025-05-01,Andhra Pradesh,Sri Potti Sriramulu Nellore,524004,0.6413719425070163,8.539231350354786,1145.0
2025-09-01,Andhra Pradesh,Alluri Sitharama Raju,531111,0.6529531437837193,8.534559104561524,119.0
2025-11-01,Andhra Pradesh,Alluri Sitharama Raju,531111,0.6522969126228945,8.50162324471716,155.0
2025-12-01,Madhya Pradesh,Shivpuri,475220,0.34905064643182665,8.48828312399157,2.0
2025-12-01,Uttarakhand,Pauri Garhwal,246147,0.6023262681838372,8.472485984241521,55.0
2025-12-01,Karnataka,Chamrajnagar,571444,0.584393467153078,8.447864196018173,16.0
2025-10-01,Jammu & Kashmir,Jammu,181102,0.670249910377445,8.42828942258186,5.0
2025-09-01,West Bengal,Paschim Medinipur,721127,0.6996945553019313,8.42687749922927,2463.0
2025-11-01,Andhra Pradesh,Y. S. R,516259,0.5679341104723883,8.391731339364656,17.0
2025-11-01,Maharashtra,Mumbai City,400035,0.5082521658111552,8.36526801935087,4.0
2025-10-01,Andhra Pradesh,Ananthapur,515291,0.6576728173918407,8.353189504901868,18.0
2025-09-01,Punjab,Amritsar,143103,0.6512613541497789,8.352768059180105,195.0
2025-12-01,Maharashtra,Satara,415014,0.6833503138030113,8.31756728989759,500.0
2025-11-01,Uttarakhand,Pauri Garhwal,246147,0.5969896366083102,8.277280045277086,124.0
2025-09-01,Madhya Pradesh,Damoh,470441,0.2814582123113556,8.208685449351039,2.0
2025-09-01,Uttar Pradesh,Bahraich,271851,0.7807561883727197,8.13150656704585,2721.0
2025-10-01,West Bengal,Hooghly,712706,0.6593392361107755,8.12931485149067,396.0
2025-12-01,Maharashtra,Sangli,415307,0.6052563962403724,8.097335781372342,206.0
2025-09-01,Jharkhand,Pashchimi Singhbhum,832107,0.29513272294377596,8.08956530593315,2.0
2025-09-01,Jharkhand,Pakur,816104,0.6655622807924491,8.078501749574519,1402.0
2025-11-01,Assam,Goalpara,783133,0.5075379498836033,8.076070162262033,4.0
2025-09-01,Uttarakhand,Pauri Garhwal,246147,0.591039555779164,8.059635057286124,39.0
2025-12-01,Andhra Pradesh,K.v. Rangareddy,500047,0.47383009350781585,8.056336528198354,4.0
2025-12-01,Maharashtra,Ahmed Nagar,422603,0.5924171935657571,8.04741399577686,61.0
2025-09-01,West Bengal,North Twenty Four Parganas,700155,0.4532010838331331,8.04036372753556,29.0
2025-11-01,Maharashtra,Satara,415107,0.5950106257278468,8.00080086320223,293.0
2025-11-01,West Bengal,Bardhaman,713380,0.49896883390148017,7.986765318424799,16.0
2025-09-01,Uttar Pradesh,Balrampur,271215,0.6795182828391175,7.976456004439131,586.0
2025-12-01,West Bengal,East Midnapore,721430,0.5723658929954825,7.947526290628019,26.0
2025-12-01,Uttar Pradesh,Basti,272131,0.6021738283334278,7.9383881183502,1392.0
2025-12-01,Orissa,Mayurbhanj,757020,0.44095936211887443,7.92691127165101,2.0
2025-11-01,Andaman & Nicobar Islands,Andamans,744207,0.40508844285008483,7.916909503834566,2.0
2025-09-01,Andhra Pradesh,Kakinada,533260,0.6416943724572113,7.864913438597239,12.0
2025-09-01,Tamil Nadu,Vellore,631152,0.2866408570573023,7.859716138957619,2.0
2025-12-01,Karnataka,Bellary,583135,0.6035305254989668,7.831260510740501,304.0
2025-11-01,Uttar Pradesh,Basti,272131,0.5994017380966028,7.776622853742427,1193.0
2025-11-01,Andhra Pradesh,Mahabub Nagar,509376,0.5553006028716567,7.773167627161123,4.0
2025-09-01,Mizoram,Mamit,796421,0.6269455856072358,7.751546887049293,4.0
2025-09-01,Telangana,Suryapet,508212,0.5860592481128721,7.72944742136975,557.0
2025-12-01,Karnataka,Chikkamagaluru,577114,0.5101519929244429,7.65861459733509,3.0
2025-12-01,Jammu & Kashmir,Jammu,181205,0.6609791024089724,7.657399920041797,3.0
2025-09-01,Maharashtra,Jalgaon,425121,0.2863531994392778,7.653733888969044,2.0
2025-11-01,Gujarat,Surat,394326,0.618809073172223,7.647860323281544,185.0
2025-10-01,West Bengal,North Twenty Four Parganas,700136,0.5564303966476112,7.618796931366629,7.0
2025-12-01,Maharashtra,Ahmadnagar,423604,0.6102195779058102,7.597360454848594,84.0
2025-09-01,Odisha,Cuttack,754118,0.2891814058970868,7.594230949809784,2.0
2025-12-01,Kerala,Kasargod,671322,0.535263185555851,7.576600886427145,15.0
2025-12-01,Bihar,Saran,841401,0.6134316881689297,7.568074062692197,815.0
2025-10-01,Karnataka,Chamarajanagar,571439,0.5725800881972565,7.5590385261893305,5.0
2025-10-01,West Bengal,Nadia,741252,0.5307731033399139,7.55552922957241,3.0
2025-10-01,Andhra Pradesh,Khammam,507125,0.5028965692400374,7.5422491503879385,10.0
2025-11-01,Madhya Pradesh,Narmadapuram,461122,0.6739498702835737,7.483165020214801,9.0
2025-12-01,Maharashtra,Nagpur,441112,0.620223916650761,7.471848246683548,172.0
2025-12-01,Uttar Pradesh,Farrukhabad,207503,0.6533662899876522,7.431970720186919,795.0
2025-09-01,West Bengal,Purba Medinipur,721457,0.40822353219468144,7.398405726939737,3.0
2025-11-01,Maharashtra,Ahmadnagar,413728,0.5934956803125125,7.380253985862002,1333.0
2025-11-01,Madhya Pradesh,Bhind,476335,0.34453496551209684,7.348112198413723,2.0
2025-12-01,Maharashtra,Thane,401502,0.5057518032001893,7.346246573263184,72.0
2025-12-01,Maharashtra,Wardha,442203,0.5789345353531083,7.334704135008184,1126.0
2025-05-01,Bihar,Bhagalpur,853201,0.6781458598529432,7.3199417891317,845.0
2025-12-01,Bihar,Pashchim Champaran,845451,0.527465727368511,7.316934453216242,6.0
2025-11-01,West Bengal,KOLKATA,700063,0.41186654797901995,7.305458938112111,12.0
2025-12-01,Karnataka,Chamrajnagar,571442,0.6227622093313259,7.30429217375889,52.0
2025-11-01,West Bengal,Paschim Bardhaman,713384,0.5869489060946707,7.2600131562180374,8.0
2025-12-01,Rajasthan,Deeg,321303,0.4426734310813457,7.188530316416728,9.0
2025-11-01,Assam,Sonitpur,784189,0.653364597861452,7.168161090490262,8.0
2025-12-01,Tamil Nadu,Coimbatore,642126,0.554702546672965,7.155502245664888,5.0
2025-09-01,West Bengal,Howrah,711314,0.6065743933478255,7.150820433402389,654.0
2025-12-01,West Bengal,Hugli,712221,0.5001151071631531,7.135729842053712,3.0
2025-09-01,Tamil Nadu,Sivaganga,630207,0.618574249527773,7.088469296049571,30.0
2025-12-01,Chhattisgarh,Bilaspur,495118,0.614450808929449,7.080264490573138,3198.0
2025-11-01,West Bengal,Paschim Bardhaman,713428,0.5299384101449859,7.070805720603431,6.0
2025-12-01,West Bengal,Darjeeling,734214,0.5995356039764532,7.041223687171165,254.0
2025-10-01,Sikkim,East Sikkim,737134,0.652003527559206,7.026287352344217,36.0
2025-09-01,Uttar Pradesh,Agra,202412,0.2720153759488567,6.999271976917922,2.0
2025-09-01,Maharashtra,Ahmadnagar,423604,0.5957563172819929,6.963787875903527,104.0
2025-09-01,Rajasthan,Bundi,323602,0.639547727240279,6.954820474269945,555.0
2025-10-01,Telangana,K.v. Rangareddy,509410,0.676447685937623,6.952129723642041,271.0
2025-12-01,Punjab,Barnala,148020,0.5098787564847944,6.945683180101201,6.0
2025-12-01,Jammu and Kashmir,Doda,182124,0.48184740798067344,6.929048725402781,3.0
2025-09-01,Maharashtra,Mumbai City,400064,0.6182989019001203,6.927364439403172,28.0
2025-10-01,West Bengal,North 24 Parganas,700116,0.5094537068059429,6.916953254669189,36.0
2025-10-01,West Bengal,Paschim Bardhaman,713128,0.5476062892033893,6.9032116420366165,3.0
2025-09-01,West Bengal,Howrah,711416,0.528894011825837,6.885706215686855,126.0
2025-09-01,Jharkhand,Godda,816102,0.5442582112260007,6.839449812354447,95.0
2025-12-01,Orissa,Ganjam,761010,0.4674543489843841,6.837009421529374,2.0
2025-12-01,Orissa,Anugul,759123,0.6902858955776124,6.834449329734908,5.0
2025-12-01,Orissa,Bhadrak,756171,0.4289316839626656,6.827490595810206,2.0
2025-10-01,Jammu & Kashmir,Jammu,180002,0.7857828155037276,6.806434982009961,7.0
2025-10-01,Karnataka,Bellary,583135,0.5955954565075664,6.8026561302351904,156.0
2025-10-01,Himachal Pradesh,Kangra,176083,0.6289185614842331,6.798033042586341,93.0
2025-09-01,Odisha,Nayagarh,752064,0.38567177499131716,6.78742998712141,3.0
2025-11-01,Nagaland,Zunheboto,798619,0.6459992930927175,6.78737329339732,81.0
2025-09-01,Karnataka,Kodagu,571253,0.5667365155981836,6.765195437074519,87.0
2025-12-01,Jharkhand,Ranchi,835302,0.21689070981959135,6.7644888069008875,3.0
2025-12-01,Maharashtra,Raigarh(MH),402109,0.4029683726014829,6.734173358543584,2.0
2025-10-01,Tamil Nadu,Mayiladuthurai,609402,0.598237311165947,6.706108742402231,10.0
2025-09-01,Assam,Barpeta,781312,0.6111801739337455,6.701461903195628,146.0
2025-12-01,Maharashtra,Solapur,413324,0.5863532871049272,6.697881368918864,422.0
2025-12-01,Chhattisgarh,Bilaspur,495003,0.3668823852363391,6.6952299794382135,2.0
2025-11-01,Madhya Pradesh,Shivpuri,475115,0.6335144643463366,6.678749119777279,7.0
2025-12-01,West Bengal,South Dinajpur,733155,0.5397294139278759,6.676293641702051,24.0
2025-09-01,West Bengal,East Midnapore,721653,0.40822353219468144,6.658873016256265,3.0
2025-11-01,Chhattisgarh,Bilaspur,495118,0.6024707847405042,6.656645301402274,1701.0
2025-10-01,Punjab,Shaheed Bhagat Singh Nagar,144513,0.6205857358581852,6.656621639048646,17.0
2025-11-01,Maharashtra,Nagpur,441112,0.5923412160526267,6.654630460210668,649.0
2025-09-01,West Bengal,Dakshin Dinajpur,733126,0.6233997666410218,6.643911307134702,175.0
2025-12-01,Maharashtra,Ahmadnagar,413713,0.6419993062087239,6.643340471111123,152.0
2025-10-01,Chandigarh,Chandigarh,160009,0.6521242473406023,6.640618859848047,17.0
2025-10-01,Uttar Pradesh,Bijnor,246765,0.5309422831134155,6.630682311831479,92.0
2025-11-01,West Bengal,Darjiling,734314,0.35601109022780825,6.618545745337896,2.0
2025-11-01,Maharashtra,Sangli,415307,0.563348101165791,6.6140724270835625,488.0
2025-10-01,Andhra Pradesh,Prakasam,523114,0.5988491098839183,6.585922168470963,128.0
2025-10-01,Bihar,Begusarai,851135,0.6662993281750723,6.582539102166243,135.0
2025-11-01,Uttar Pradesh,Banda,210205,0.42064740044678106,6.562139142840876,3.0
2025-12-01,Gujarat,Anand,387210,0.6086679326972257,6.561755061460588,60.0
2025-09-01,Odisha,Jagatsinghapur,754137,0.6271967408697336,6.5576948687281735,88.0
2025-11-01,Himachal Pradesh,Mandi,175020,0.48618963531223514,6.55047662980472,3.0
2025-11-01,Telangana,Medak,502324,0.42663295190697603,6.538651590929711,3.0
2025-11-01,Himachal Pradesh,Kangra,176083,0.6202954717538862,6.52933364735106,149.0
2025-09-01,Uttar Pradesh,Jaunpur,222143,0.631288319372468,6.52335832347786,2198.0
2025-10-01,West Bengal,Murshidabad,742301,0.6839911763843293,6.521811163143474,646.0
2025-11-01,Karnataka,Shimoga,577232,0.5092507066611021,6.517954316689819,6.0
2025-09-01,Uttar Pradesh,Fatehpur,212623,0.5436882940301556,6.515105650927791,94.0
2025-11-01,Karnataka,Hasan,573127,0.5846198584424255,6.510139480206023,25.0
2025-10-01,Maharashtra,Sangli,415307,0.5602948485164029,6.506008432636568,123.0
2025-12-01,Punjab,SAS Nagar (Mohali),140101,0.15905264830514124,6.504393725313403,1.0
2025-12-01,Himachal Pradesh,Kangra,176083,0.6191225274351443,6.492784169269966,79.0
2025-10-01,West Bengal,Hooghly,712137,0.7084783476841163,6.4882958839914995,26.0
2025-10-01,West Bengal,Dakshin Dinajpur,733123,0.42259990621652516,6.485306320063596,2.0
2025-09-01,Himachal Pradesh,Kangra,176083,0.6188336208875068,6.483781709936103,194.0
2025-11-01,Maharashtra,Ahmed Nagar,413708,0.5004499950163113,6.482850431248051,12.0
2025-11-01,Bihar,Banka,812004,0.4932686742240049,6.481788227251367,3.0
2025-09-01,Jharkhand,Pakur,816102,0.6330585104257455,6.450755055007398,429.0
2025-11-01,Uttar Pradesh,Farrukhabad,207503,0.6102268872241713,6.439069540393551,876.0
2025-12-01,Tamil Nadu,Kallakurichi,605401,0.4556392779805326,6.423651413068123,3.0
2025-10-01,Maharashtra,Dharashiv,413506,0.5211690665587764,6.396546136972417,3.0
2025-12-01,Andhra Pradesh,Prakasam,523114,0.5950599451810192,6.394878169450481,164.0
2025-10-01,West Bengal,Murshidabad,742168,0.712081880700778,6.391666835298298,291.0
2025-09-01,Jharkhand,Kodarma,825407,0.2951327229437759,6.382826281874213,2.0
2025-10-01,West Bengal,Bardhaman,741316,0.5899221652589897,6.3793180902766755,14.0
2025-09-01,Madhya Pradesh,Mandla,481879,0.2814582123113556,6.377013597356325,2.0
2025-11-01,Andhra Pradesh,Annamayya,517236,0.5954761627187325,6.369115285640139,19.0
2025-10-01,Andhra Pradesh,Sri Potti Sriramulu Nellore,524236,0.5550867658717322,6.36641257309336,10.0
2025-11-01,Bihar,Saharsa,852130,0.5820803615540292,6.349246056610118,93.0
2025-11-01,Uttar Pradesh,Muzaffarnagar,247777,0.4694882349884522,6.340153304534982,3.0
2025-12-01,Maharashtra,Nashik,422402,0.6069138100961551,6.325354630758342,1524.0
2025-11-01,Bihar,Patna,811302,0.5088149159494524,6.31426314480119,4.0
2025-11-01,Maharashtra,Raigad,402209,0.5830588449643657,6.305170525111091,56.0
2025-09-01,Uttar Pradesh,Unnao,209864,0.5534946412857,6.291012896433488,172.0
2025-12-01,Maharashtra,Parbhani,431503,0.6830620234986504,6.2770292431311505,2198.0
2025-09-01,Punjab,Sangrur,148022,0.5812552136400796,6.270655402049373,75.0
2025-09-01,West Bengal,Bankura,722102,0.5900489251334147,6.244765838768907,350.0
2025-09-01,Madhya Pradesh,Betul,461441,0.584568355055911,6.212015160187399,137.0
2025-10-01,Assam,Jorhat,785102,0.5541081695476309,6.1973387696737365,10.0
2025-11-01,Andhra Pradesh,Nizamabad,503114,0.5195323662597575,6.170353790843606,8.0
2025-12-01,West Bengal,Paschim Medinipur,721518,0.6491764302117348,6.166876594653724,31.0
2025-10-01,Uttar Pradesh,Jaunpur,222143,0.6186528157297725,6.166104884953591,872.0
2025-12-01,Karnataka,Gulbarga,585321,0.5145753491058958,6.157211591065271,3.0
2025-12-01,Maharashtra,Solapur,413218,0.5891275290937112,6.154338692506092,235.0
2025-10-01,Gujarat,Porbandar,360570,0.6383994681241371,6.14971755374783,83.0
2025-12-01,West Bengal,Haora,711105,0.4994911698917909,6.147915517228044,31.0
2025-11-01,Uttar Pradesh,Sultanpur,227809,0.3075926200773938,6.144428745476818,2.0
2025-10-01,Chhattisgarh,Bilaspur,495118,0.5879718013898354,6.143954552707454,1130.0
2025-10-01,Jharkhand,Chatra,825411,0.5914656768522938,6.14270196183033,11.0
2025-05-01,West Bengal,Kolkata,700023,0.6868048960305216,6.127338047672171,684.0
2025-11-01,Assam,Tamulpur District,781360,0.4293933980580421,6.123202747315167,26.0
2025-11-01,Bihar,Rohtas,821302,0.6005353962598733,6.116459980948162,56.0
2025-11-01,Gujarat,Porbandar,360570,0.6377455350016643,6.112917649980357,161.0
2025-09-01,Tamil Nadu,Tenkasi,627857,0.5986245076251393,6.108049798026361,22.0
2025-10-01,West Bengal,Paschim Bardhaman,713152,0.4960745124524796,6.103756189034396,3.0
2025-09-01,Uttar Pradesh,Bijnor,246765,0.5232951372763088,6.0968017442894995,136.0
2025-11-01,Himachal Pradesh,Mandi,176122,0.61276492516638,6.095443449491401,23.0
2025-10-01,Madhya Pradesh,Betul,461441,0.5813628348286687,6.073464152720955,131.0
2025-12-01,Orissa,Anugul,759126,0.4557776364980035,6.064502573438031,2.0
2025-12-01,Himachal Pradesh,Kangra,176038,0.6500802189860706,6.060050947245122,26.0
2025-10-01,Uttar Pradesh,Bulandshahar,203205,0.5764290667648247,6.055985676095731,4.0
2025-12-01,West Bengal,Bankura,722102,0.5873251373120407,6.053067223434806,211.0
2025-12-01,Madhya Pradesh,Ashok Nagar,473338,0.48646105770060866,6.049596433091905,3.0
2025-10-01,Andhra Pradesh,Mahabub Nagar,509204,0.5306548961352224,6.042867510725144,42.0
2025-12-01,Rajasthan,Bundi,323602,0.6176173753854326,6.040278630837188,539.0
2025-09-01,Odisha,Kendrapara,754248,0.645153405000912,6.035222005851806,720.0
2025-09-01,Bihar,Darbhanga,847123,0.36540736429912457,6.0148026144305256,4.0
2025-10-01,Karnataka,Bidar,585401,0.7246912156089245,6.013039312969569,622.0
2025-12-01,Maharashtra,Buldhana,443202,0.6207266432422525,6.004360723899057,789.0
2025-12-01,Himachal Pradesh,Kangra,176210,0.6216466949702906,5.998167100188217,63.0
2025-12-01,Andhra Pradesh,Eluru,534435,0.4619081077894325,5.994560849519383,3.0
2025-12-01,West Bengal,East Midnapore,721651,0.4773471754316979,5.994186143340431,3.0
2025-12-01,Maharashtra,Kolhapur,416501,0.6339185005338774,5.987130231858329,189.0
2025-11-01,Karnataka,Bangalore,562125,0.6296744773597158,5.986747275744834,92.0
2025-12-01,Maharashtra,Beed,431519,0.5920951603495582,5.971696765117492,614.0
2025-12-01,Gujarat,Surat,394370,0.3435990437437341,5.958808199650597,2.0
2025-09-01,Andhra Pradesh,Mahabub Nagar,509104,0.5093150295463645,5.954112924091411,23.0
2025-12-01,Bihar,Muzaffarpur,843141,0.5683612392463722,5.946536039196524,130.0
2025-11-01,Karnataka,Kodagu,571253,0.5573378497565089,5.946389935441125,109.0
2025-12-01,Chhattisgarh,Durg,491668,0.46123383674127477,5.946379102121432,3.0
2025-09-01,Uttar Pradesh,Amethi,227814,0.42475866288746067,5.938744761306305,5.0
2025-09-01,Uttar Pradesh,Gorakhpur,273003,0.6457497414133293,5.926817711233522,76.0
2025-09-01,Telangana,Warangal,506172,0.6101138714852319,5.925323567596638,120.0
2025-09-01,West Bengal,Purba Bardhaman,712310,0.40822353219468144,5.9238327408009575,3.0
2025-10-01,Karnataka,Belagavi,590018,0.5378932247190802,5.915891986956146,7.0
2025-10-01,West Bengal,Maldah,732141,0.604660720067787,5.909119117992574,33.0
2025-12-01,Jharkhand,Godda,814156,0.6241873127454478,5.901288934564709,1064.0
2025-09-01,West Bengal,Murshidabad,742301,0.6685697322624049,5.889522615264579,1253.0
2025-12-01,West Bengal,Paschim Medinipur,721222,0.6560420980264111,5.889488984669218,196.0
2025-12-01,Bihar,Arwal,804404,0.31789339811447775,5.882948994366049,2.0
2025-11-01,Kerala,Ernakulam,682003,0.533803340064333,5.881110142082166,3.0
2025-09-01,West Bengal,Howrah,711322,0.6123925166638301,5.871115893986691,739.0
2025-10-01,Mizoram,Lunglei,796101,0.5077730686166374,5.842281496365182,3.0
2025-12-01,Orissa,Khordha,752064,0.43144222183623293,5.840105991850466,2.0
2025-12-01,Maharashtra,Aurangabad,431137,0.6004870713645345,5.8352329573856245,356.0
2025-11-01,Karnataka,Udupi,576106,0.5978448997301616,5.829281728108501,40.0
2025-09-01,Uttar Pradesh,Chandauli,232118,0.6570321869465732,5.82570888199573,1231.0
2025-10-01,West Bengal,Barddhaman,713131,0.6334401290026679,5.814707269704124,60.0
2025-12-01,Bihar,Saharsa,852130,0.569331837918253,5.806869892215511,81.0
2025-12-01,West Bengal,Paschim Medinipur,721126,0.685584510318632,5.789601534741242,273.0
2025-09-01,West Bengal,Darjeeling,734004,0.6237591785666607,5.789433063991602,93.0
2025-10-01,Himachal Pradesh,Kangra,176402,0.560658555187862,5.783251539359572,26.0
2025-11-01,Telangana,Vikarabad,502321,0.506713976504245,5.782334025715222,4.0
2025-09-01,Gujarat,Anand,387210,0.5812984771515395,5.778868329917036,67.0
2025-10-01,Karnataka,Bangalore,562125,0.6213547119144361,5.761654512524537,61.0
2025-12-01,Maharashtra,Solapur,413217,0.6591445013102639,5.761046896947255,286.0
2025-12-01,Maharashtra,Beed,414202,0.6036548212158458,5.755660979021531,1662.0
2025-09-01,West Bengal,Purba Medinipur,721460,0.3796834644956143,5.730745340584371,5.0
2025-06-01,Telangana,Vikarabad,501141,0.6420297941612667,5.729925370079658,2115.0
2025-09-01,Kerala,Wayanad,673591,0.6748446005837879,5.723789290178727,144.0
2025-10-01,Andhra Pradesh,Alluri Sitharama Raju,531111,0.5969404976472533,5.723317010626485,154.0
2025-10-01,Kerala,Palakkad,679503,0.7090746691886728,5.7221806772858645,82.0
2025-09-01,Odisha,Baleswar,756049,0.6057401207013183,5.722048373133409,139.0
2025-12-01,Kerala,Malappuram,673647,0.6834260507926858,5.715771482967234,69.0
2025-10-01,Telangana,Nirmal,504104,0.6201623597221604,5.71240544720927,139.0
2025-12-01,Orissa,Kendujhar,758043,0.5632175954139349,5.702336634039829,3.0
2025-12-01,Bihar,Sheohar,843325,0.567342715321433,5.698800062422485,206.0
2025-12-01,Maharashtra,Solapur,413215,0.6535327814767908,5.694553587867755,642.0
2025-12-01,Maharashtra,Solapur,413202,0.6167898948240489,5.682911801380549,1393.0
2025-09-01,West Bengal,Bankura,722138,0.6462188940343305,5.6822634870774005,1279.0
2025-12-01,Karnataka,Belagavi,590009,0.5961709656233526,5.6764110187275625,9.0
2025-10-01,West Bengal,Malda,732144,0.5580970534958116,5.6741299993393,9.0
2025-11-01,Himachal Pradesh,Kangra,176038,0.6332814969805465,5.672454114418299,181.0
2025-11-01,Karnataka,Bellary,583275,0.6237237303362299,5.667283382832426,9.0
2025-12-01,Assam,Kamrup,781034,0.5343754360795077,5.664234389051967,4.0
2025-10-01,West Bengal,South 24 Parganas,743396,0.6102559007774786,5.63658267324421,88.0
2025-11-01,Karnataka,Bangalore Rural,562102,0.33359565130673263,5.62865502911056,2.0
2025-09-01,Madhya Pradesh,Sehore,466117,0.3772321413567494,5.626202616691518,3.0
2025-12-01,Bihar,Darbhanga,847223,0.4555815168977633,5.623010029451506,3.0
2025-12-01,Andhra Pradesh,K.v. Rangareddy,500019,0.3477403439853699,5.610785960340433,2.0
2025-12-01,Chandigarh,Chandigarh,160009,0.6127296030587772,5.609252834689818,38.0
2025-09-01,Madhya Pradesh,Sidhi,484334,0.2814582123113556,5.604324666607862,2.0
2025-12-01,Punjab,Shaheed Bhagat Singh Nagar,144513,0.5807484005948792,5.602500781640978,49.0
2025-09-01,Telangana,Vikarabad,504299,0.2773109219701832,5.6020761935477195,3.0
2025-11-01,West Bengal,Purba Bardhaman,713144,0.6543967871127605,5.600722968658413,8.0
2025-12-01,Maharashtra,Hingoli,431703,0.6232189081494766,5.591180595593629,1272.0
2025-11-01,Andhra Pradesh,Sri Potti Sriramulu Nellore,524407,0.5882146574973396,5.588297823845481,27.0
2025-12-01,Uttarakhand,Pauri Garhwal,246167,0.5554172516152959,5.585349494407921,64.0
2025-09-01,Himachal Pradesh,Kangra,176210,0.6058041603504732,5.583169272800718,67.0
2025-10-01,Assam,Dhemaji,787110,0.5201556621475647,5.576182467358122,21.0
2025-10-01,Karnataka,Bangalore Rural,560087,0.7258768973419404,5.553035006821791,33.0
2025-09-01,West Bengal,Darjeeling,734214,0.5594059635815454,5.552700563978522,46.0
2025-10-01,Uttar Pradesh,Balrampur,271215,0.6154448267580609,5.548514421006873,417.0
2025-12-01,West Bengal,South 24 Parganas,743396,0.6068528550635737,5.536049287000004,59.0
2025-11-01,West Bengal,Birbhum,731139,0.34242571346281186,5.523018399018939,2.0
2025-11-01,Tamil Nadu,Tirunelveli,627853,0.5966334042701431,5.517782126499973,202.0
2025-10-01,Rajasthan,Jhunjhunu,333034,0.4095889968739126,5.517631249080736,3.0
2025-12-01,Karnataka,Bangalore,562125,0.612121838172229,5.511857438704786,85.0
2025-10-01,Maharashtra,Beed,431519,0.5803149566112191,5.510652211023649,650.0
2025-12-01,Assam,Dibrugarh,786622,0.6565902083012558,5.501294342532843,9.0
2025-11-01,Andhra Pradesh,Karimnagar,505416,0.5816717229306632,5.4862821921418305,4.0
2025-12-01,Chhattisgarh,Durg,491337,0.5818561304840938,5.480313131456386,24.0
2025-12-01,Himachal Pradesh,Kullu,175103,0.6519645857631217,5.474917945949031,21.0
2025-11-01,Punjab,Rupnagar,140301,0.5654635516059141,5.469409582936577,4.0
2025-07-01,Maharashtra,Sangli,416412,0.6194787896013566,5.468355700884269,1448.0
2025-11-01,Andhra Pradesh,Eluru,534437,0.5537206213437105,5.466497856496342,7.0
2025-12-01,Jharkhand,Pakur,816102,0.5970434977552913,5.4555632528956925,92.0
2025-12-01,Maharashtra,Amravati,444701,0.5811249993423984,5.455166695737575,2145.0
2025-12-01,Maharashtra,Ahmadnagar,413711,0.6140339078265886,5.4541156478545005,254.0
2025-10-01,West Bengal,Kolkata,700035,0.6473458756039904,5.448085938167786,10.0
2025-09-01,Odisha,Cuttack,754105,0.6405266518426552,5.444144831096497,165.0
2025-11-01,Uttar Pradesh,Muzaffarnagar,247778,0.46967034540952557,5.443941534831103,3.0
2025-12-01,Karnataka,Mysore,570020,0.5423474819194026,5.438718576057616,10.0
2025-10-01,Uttarakhand,Garhwal,246128,0.3976017226454154,5.435056596082063,3.0
2025-09-01,Assam,Nagaon,782427,0.6932163087709072,5.428087645953242,836.0
2025-12-01,Jammu and Kashmir,Kargil,194103,0.6766549116078671,5.412829851257286,144.0
2025-09-01,West Bengal,South 24 Parganas,743363,0.6421751621729473,5.403902939104018,759.0
2025-12-01,Orissa,Sundargarh,770036,0.44639704170065525,5.399647978149255,2.0
2025-12-01,Bihar,Bhagalpur,853201,0.6410352631306689,5.39780947132937,1552.0
2025-12-01,Chhattisgarh,Surajpur,497231,0.6631684864853284,5.394234643498879,2353.0
2025-11-01,Gujarat,Valsad,396240,0.685169560536394,5.390497197125193,20.0
2025-09-01,Punjab,SAS Nagar (Mohali),160062,0.6273908534501402,5.38626859171403,309.0
2025-12-01,Telangana,Nalgonda,508113,0.5704386336824878,5.381388033091669,75.0
2025-09-01,Tripura,South Tripura,799045,0.2733587970263002,5.374288843827726,2.0
2025-10-01,Maharashtra,Bid,431519,0.5415412728986245,5.366189246177629,8.0
2025-10-01,Uttarakhand,Pauri Garhwal,246147,0.5173530137495853,5.364292419827446,45.0
2025-11-01,Sikkim,Mangan,737120,0.34891674613187623,5.360663689093919,2.0
2025-12-01,Maharashtra,Mumbai,400603,0.3251002112382164,5.360551200808234,2.0
2025-12-01,Uttar Pradesh,Kushinagar,274701,0.32755989774760413,5.3567531100907235,2.0
2025-10-01,Gujarat,Anand,387210,0.5663275558477716,5.350634175673882,9.0
2025-09-01,Telangana,Warangal,506015,0.5707245953470548,5.3402354368076885,24.0
2025-12-01,Orissa,Sambalpur,768200,0.4534756496237313,5.338037341875062,2.0
2025-10-01,Gujarat,Jamnagar,361335,0.6553373544740265,5.32618734136417,96.0
2025-05-01,West Bengal,Jalpaiguri,735212,0.6744594494829219,5.321460955064835,161.0
2025-09-01,Telangana,Hyderabad,500060,0.38417307809620005,5.3174271285829215,3.0
2025-09-01,Maharashtra,Sangli,416412,0.6159957994020117,5.3171470131378165,719.0
2025-12-01,Andhra Pradesh,Palnadu,522435,0.62735388036386,5.311440393115438,15.0
2025-10-01,Maharashtra,Ahmadnagar,413713,0.589464767187579,5.30976155631219,95.0
2025-09-01,Orissa,Bhadrak,756168,0.7372616075804437,5.306449961631331,5.0
2025-12-01,Jharkhand,Godda,814102,0.5938183121935502,5.306314788565551,32.0
2025-09-01,Uttar Pradesh,Farrukhabad,207503,0.5609682213056284,5.305326735150735,462.0
2025-11-01,Jammu & Kashmir,Jammu,180001,0.8123204937475136,5.304194871494871,5.0
2025-09-01,Maharashtra,Mumbai,400096,0.3823513428329758,5.302066477396402,3.0
2025-12-01,Maharashtra,Nashik,422007,0.6169832739800432,5.301564591058804,2155.0
2025-12-01,Odisha,Baleswar,756166,0.5634072246607776,5.298655233916913,87.0
2025-12-01,Maharashtra,Ahmadnagar,414303,0.6840182435874174,5.292371561298723,260.0
2025-11-01,Jharkhand,Palamu,822122,0.6843102804166835,5.286360911035353,2087.0
2025-09-01,West Bengal,Paschim Bardhaman,713204,0.6167832160975035,5.2856394672546205,41.0
2025-12-01,Maharashtra,Ahmadnagar,414701,0.6754389242397244,5.278149056483874,1246.0
2025-09-01,Andhra Pradesh,Prakasam,523114,0.572667955706275,5.26590765729334,111.0
2025-12-01,Andhra Pradesh,Medak,502310,0.4986327475795366,5.265730786487312,3.0
2025-11-01,Mizoram,Mammit,796431,0.583460627403592,5.262239304960225,12.0
2025-09-01,Andhra Pradesh,Alluri Sitharama Raju,535145,0.6412454662731627,5.261667737935147,47.0
2025-09-01,Punjab,Sri Muktsar Sahib,152112,0.6107438577085336,5.243791820312142,305.0
2025-12-01,Jammu and Kashmir,Jammu,180015,0.600840170113494,5.236501265776124,77.0
2025-12-01,Himachal Pradesh,Kangra,176402,0.5432461076585354,5.23216251571904,40.0
2025-11-01,Assam,Kamrup Metro,781029,0.6710054460798894,5.23078680564737,214.0
2025-11-01,Andhra Pradesh,Srikakulam,532290,0.705741563448149,5.223169922062671,294.0
2025-10-01,Maharashtra,Ahmadnagar,413728,0.5392999799951658,5.219571174638845,453.0
2025-11-01,West Bengal,Koch Bihar,736180,0.4530936350375776,5.217240378047468,9.0
2025-11-01,Maharashtra,Sangli,415415,0.558175206757563,5.2169396088889535,30.0
2025-11-01,Tamil Nadu,Thiruvarur,614711,0.6634353299700659,5.214354912717088,145.0
2025-11-01,Maharashtra,Raigad,402202,0.5403742667894805,5.207787424716141,7.0
2025-09-01,Maharashtra,Nagpur,441112,0.5428401768930435,5.203797908760876,178.0
2025-12-01,West Bengal,North 24 Parganas,700116,0.4805183335608173,5.201757005958567,41.0
2025-11-01,Jharkhand,Purbi Singhbhum,832104,0.5308499365424378,5.197004452445065,4.0
2025-10-01,Odisha,Kandhamal,762105,0.6783581995126116,5.195756009940618,624.0
2025-10-01,Himachal Pradesh,Mandi,175033,0.5543212047746291,5.193397603472861,86.0
2025-11-01,Maharashtra,Ratnagiri,415708,0.5667366560317764,5.192935822415399,97.0
2025-12-01,Kerala,Kollam,691534,0.6092845029091907,5.185748790047049,201.0
2025-11-01,Maharashtra,Mumbai,400039,0.15101480856187952,5.183325663954284,1.0
2025-11-01,Tamil Nadu,Dindigul,624702,0.6444690225735683,5.177825102930734,308.0
2025-11-01,Tamil Nadu,Thiruvallur,601206,0.4855830456606799,5.165920104350145,6.0
2025-11-01,Uttar Pradesh,Bulandshahar,203202,0.45696872477903866,5.160769687779625,3.0
2025-10-01,Andhra Pradesh,Eluru,521325,0.5693433680329489,5.160733538738674,10.0
2025-11-01,Andhra Pradesh,East Godavari,534218,0.5065325459405811,5.1564882888231685,6.0
2025-11-01,Chhattisgarh,Balod,495117,0.362799101345902,5.152474617649318,2.0
2025-09-01,Assam,Kokrajhar,783339,0.6047108877138124,5.151846791638366,4.0
2025-11-01,Assam,Tinsukia,786179,0.5845275809208559,5.1491623296648905,10.0
2025-09-01,West Bengal,Barddhaman,713368,0.5488160159849602,5.14740223509393,65.0
2025-11-01,Telangana,Karimnagar,506169,0.3409255928775374,5.14725871359318,2.0
2025-12-01,Odisha,Jharsuguda,768225,0.6248376821644196,5.144759494254791,107.0
2025-09-01,Gujarat,Surat,394690,0.29067555795615835,5.138048299379567,2.0
2025-12-01,Andhra Pradesh,Adilabad,504323,0.4574598754535052,5.1368430399329315,3.0
2025-12-01,Bihar,Gaya,804435,0.44147844232865807,5.1269629081594665,5.0
2025-12-01,Karnataka,Chikkaballapur,563161,0.4698503270660581,5.126261956555976,3.0
2025-11-01,West Bengal,Barddhaman,713131,0.6112050286709222,5.119937336707367,92.0
2025-11-01,Gujarat,Bharuch,393140,0.5014447829101256,5.110808519817289,6.0
2025-12-01,Maharashtra,Latur,413607,0.6437898515145349,5.106755945196828,960.0
2025-10-01,Maharashtra,Nagpur,441112,0.5394627553514217,5.104808610844208,326.0
2025-09-01,Tamil Nadu,Virudhunagar,626188,0.6450914118645837,5.104347802985355,15.0
2025-11-01,Punjab,Firozpur,142044,0.5504512499016366,5.101316738510882,24.0
2025-11-01,Rajasthan,Rajsamand,313708,0.592008496052882,5.097382244369525,14.0
2025-09-01,Chandigarh,Chandigarh,160009,0.593079214183741,5.094798551973785,25.0
2025-12-01,Maharashtra,Ahmadnagar,414403,0.5701055364438076,5.09247915048528,1001.0
2025-09-01,Gujarat,Porbandar,360570,0.6196050519721962,5.092067035691861,237.0
2025-11-01,Punjab,SAS Nagar (Mohali),140417,0.3813554393284462,5.0826815298050265,2.0
2025-12-01,West Bengal,Dakshin Dinajpur,733129,0.37777076401186993,5.078777196844418,4.0
2025-11-01,Gujarat,Anand,387210,0.5566196128100123,5.07294433335474,60.0
2025-10-01,Telangana,K.v. Rangareddy,509228,0.5963890505588181,5.072159853814602,397.0
2025-09-01,Bihar,Siwan,841504,0.5922581079032235,5.069644716360578,586.0
2025-12-01,Maharashtra,Satara,415501,0.6182856924767333,5.061568520667304,1013.0
2025-12-01,Punjab,Ferozepur,152123,0.41116472965239925,5.060012273157567,2.0
2025-10-01,Karnataka,Belagavi,591124,0.6788454510292774,5.059644306106586,46.0
2025-12-01,West Bengal,Barddhaman,713141,0.6472865970936506,5.056483283757642,495.0
2025-12-01,Telangana,Narayanpet,509350,0.4005431700489924,5.053167887307148,2.0
2025-11-01,Odisha,Balangir,767042,0.565660604140884,5.04804307264023,11.0
2025-10-01,Arunachal Pradesh,Changlang,792122,0.7255865494828859,5.047431880162794,374.0
2025-11-01,West Bengal,North Twenty Four Parganas,743412,0.5489336398984299,5.038742344829688,3.0
2025-09-01,Karnataka,Vijayanagara,583126,0.5906088088463941,5.038057408643971,109.0
2025-07-01,Maharashtra,Beed,431122,0.7503125627839637,5.032516110555138,9683.0
2025-12-01,West Bengal,Hugli,712124,0.17231576512036645,5.032463842843312,1.0
2025-12-01,Maharashtra,Nanded,431803,0.604296353459087,5.030643723665613,399.0
2025-11-01,Himachal Pradesh,Kangra,176210,0.5845888353256444,5.027430307798847,125.0
2025-10-01,Maharashtra,Satara,415020,0.5975652495508148,5.025436927937569,67.0
2025-10-01,Karnataka,Dakshina Kannada,574235,0.6266072770312934,5.016317273829391,8.0
2025-10-01,Kerala,Kollam,691534,0.6052992603231979,5.014081605669713,104.0
2025-11-01,Jharkhand,Deoghar,814133,0.3401838763038969,5.010879686223057,2.0
2025-12-01,Maharashtra,Thane,401405,0.5735153083089088,5.0020561923889035,40.0
2025-12-01,Madhya Pradesh,Ujjain,456771,0.6956409820858183,4.9832953471698325,1416.0
2025-12-01,West Bengal,South Dinajpur,733153,0.514755119362801,4.979280798738061,9.0
2025-12-01,Assam,Sibsagar,785670,0.627687870986893,4.978158085414447,17.0
2025-10-01,Uttar Pradesh,Gorakhpur,273003,0.6155024612327965,4.975341126967287,71.0
2025-12-01,West Bengal,Jalpaiguri,735223,0.6172153548756207,4.974338804851545,400.0
2025-11-01,Chandigarh,Chandigarh,160009,0.588415744372014,4.972707226849542,25.0
2025-12-01,Uttar Pradesh,Balrampur,271215,0.5997521140350567,4.953868960820701,1195.0
2025-11-01,Jammu and Kashmir,Kargil,194103,0.6515023597941545,4.949865955446761,114.0
2025-10-01,Madhya Pradesh,Anuppur,484001,0.6413383186040322,4.949079981994853,20.0
2025-09-01,Jharkhand,Dhanbad,826004,0.6397454406943552,4.943726495813901,466.0
2025-10-01,Jammu and Kashmir,Kargil,194103,0.6511658117082721,4.943671370733383,67.0
2025-10-01,Tamil Nadu,Theni,625522,0.6756579622559581,4.942306756495389,65.0
2025-11-01,Jharkhand,West Singhbhum,833212,0.5765898849814317,4.941724373672921,95.0
2025-12-01,Maharashtra,Mumbai,400604,0.47187706911100197,4.938254688182337,3.0
2025-11-01,West Bengal,Hooghly,712706,0.5966722476353161,4.93733130379798,614.0
2025-09-01,Maharashtra,Nashik,422402,0.5835920254431257,4.936688359875803,1588.0
2025-09-01,Assam,Barpeta,781328,0.6006628091622113,4.933489525451834,83.0
2025-12-01,Madhya Pradesh,Hoshangabad,461110,0.5272555110871601,4.9259555962035355,16.0
2025-09-01,Orissa,Kendrapara,754211,0.48261417241301957,4.92556861311031,3.0
2025-11-01,Andhra Pradesh,Srikakulam,532474,0.5989456561188062,4.921009561035345,127.0
2025-11-01,Uttarakhand,Pauri Garhwal,246121,0.6439513988509197,4.919394795044519,497.0
2025-10-01,Jharkhand,Palamu,822122,0.6716568276108177,4.919060300198626,743.0
2025-07-01,Maharashtra,Ahmednagar,414105,0.4047531625757774,4.9160381081929865,172.0
2025-09-01,Karnataka,Shivamogga,577423,0.6557821278083378,4.91438736683087,20.0
2025-11-01,Uttarakhand,Pauri Garhwal,246167,0.534300952654262,4.912426343351921,105.0
2025-09-01,Andhra Pradesh,Ananthapuramu,515774,0.6374653981400715,4.907988299330802,26.0
2025-12-01,Uttarakhand,Haridwar,246763,0.6075597312046107,4.906098096125144,964.0
2025-09-01,Karnataka,Bangalore,562125,0.5896402504837737,4.903614005923286,90.0
2025-11-01,Rajasthan,Bundi,323602,0.5902923753958251,4.900768602557673,387.0
2025-12-01,Sikkim,South Sikkim,737113,0.531028570252436,4.898675339679258,3.0
2025-11-01,Himachal Pradesh,Shimla,171214,0.6145188127410621,4.895998635558353,44.0
2025-11-01,Maharashtra,Nashik,423501,0.6730497510136879,4.894806933486893,3607.0
2025-09-01,Chhattisgarh,Surajpur,497231,0.6447906049785409,4.8920867445146765,1660.0
2025-11-01,West Bengal,Hugli,712233,0.48424987265470376,4.889075551855302,3.0
2025-11-01,West Bengal,Murshidabad,742301,0.6439987854023022,4.882098914387128,1293.0
2025-12-01,Karnataka,Vijayanagara,583126,0.5877338509305862,4.878187864439008,93.0
2025-12-01,Maharashtra,Nandurbar,425417,0.6094572370050244,4.878164874663523,164.0
2025-10-01,Andhra Pradesh,Annamayya,517305,0.5355217927431682,4.876984563295652,21.0
2025-09-01,Uttar Pradesh,Faizabad,224121,0.6643220248653634,4.874014843336239,485.0
2025-10-01,Bihar,Banka,813205,0.6241142863275918,4.869974948819969,488.0
2025-11-01,Punjab,Shaheed Bhagat Singh Nagar,144513,0.55284031465028,4.864035337351459,37.0
2025-10-01,Karnataka,Shimoga,577411,0.6217403067012295,4.857964310937628,7.0
2025-09-01,Karnataka,Dakshina Kannada,575028,0.6565429800519464,4.856225397113113,72.0
2025-11-01,Maharashtra,Thane,421304,0.48881360086880465,4.8561886202660505,3.0
2025-11-01,Sikkim,East Sikkim,737134,0.5797539817227895,4.8555935025308665,72.0
2025-12-01,Assam,Bajali,781326,0.48174514565314736,4.852798606200997,6.0
2025-09-01,West Bengal,Paschim Medinipur,721443,0.6776688583818251,4.847330502171558,538.0
2025-12-01,Maharashtra,Osmanabad,413504,0.6879756350630476,4.845535966853297,1487.0
2025-11-01,Andhra Pradesh,Tirupati,517641,0.725439021720146,4.844112183355707,24.0
2025-12-01,Maharashtra,Ratnagiri,415708,0.5538579687788292,4.843448093756941,44.0
2025-12-01,Gujarat,Bharuch,393040,0.45233237925837033,4.8427344679426385,4.0
2025-09-01,Karnataka,Kodagu,571237,0.703584268577817,4.842028773710831,68.0
2025-12-01,Maharashtra,Latur,413523,0.5960548541957917,4.841070468530015,662.0
2025-12-01,West Bengal,East Midnapore,721630,0.40823055110918693,4.83287289774153,2.0
2025-10-01,Punjab,Ludhiana,141203,0.572055445005113,4.826910873979106,23.0
2025-12-01,Andhra Pradesh,Y. S. R,516431,0.5861268417480413,4.818950540163372,16.0
2025-12-01,Jharkhand,Dhanbad,826004,0.6357840418368201,4.814702285835588,532.0
2025-12-01,Sikkim,East Sikkim,737134,0.5783305314832767,4.812826802136353,57.0
2025-09-01,Orissa,Puri,754004,0.48261417241301957,4.810825559877267,3.0
2025-09-01,Tamil Nadu,Nagapattinam,609310,0.6793094817797012,4.80636535012966,81.0
2025-12-01,Maharashtra,Jalgaon,425305,0.6584878898746664,4.803931535085375,599.0
2025-11-01,Uttar Pradesh,Jaunpur,222143,0.5704383681509955,4.802900245776132,1457.0
2025-09-01,Mizoram,Mammit,796431,0.5704398704225285,4.799085575563647,29.0
2025-09-01,Tamil Nadu,Tiruppur,641601,0.7013897408598002,4.792913376338678,116.0
2025-12-01,Uttar Pradesh,Allahabad,212203,0.48633446939090585,4.789617307551512,3.0
2025-09-01,Tamil Nadu,Villupuram,607209,0.6980321773994715,4.786716936457248,57.0
2025-12-01,Odisha,Mayurbhanj,757100,0.6815446962830585,4.786040777303302,84.0
2025-10-01,Rajasthan,Jhunjhunu,333029,0.548003631661806,4.786003000284796,9.0
2025-12-01,Madhya Pradesh,Balaghat,481885,0.33724217069817414,4.781958717155394,2.0
2025-09-01,Tamil Nadu,Dindigul,624702,0.6275740338199143,4.779704097128214,194.0
2025-12-01,Maharashtra,Ahmadnagar,413718,0.648496799373393,4.777589185099136,120.0
2025-12-01,Himachal Pradesh,Mandi,175075,0.37840879385659476,4.777583643410941,2.0
2025-10-01,Uttar Pradesh,Basti,272124,0.7114438120246304,4.775258720843982,479.0
2025-10-01,West Bengal,South 24 Parganas,743613,0.5791684534799857,4.768720928241556,62.0
2025-09-01,Tamil Nadu,Villupuram,605759,0.7006532061577461,4.766902215074842,44.0
2025-12-01,Manipur,Churachandpur,795006,0.6237051589110386,4.7660879402135565,76.0
2025-12-01,Maharashtra,Satara,415505,0.5891607809314319,4.763653306244241,163.0
2025-12-01,Himachal Pradesh,Hamirpur,176110,0.6137704439605807,4.76357439169973,48.0
2025-11-01,Telangana,K.v. Rangareddy,509228,0.5904490733588612,4.759222599180201,376.0
2025-12-01,Gujarat,Valsad,396240,0.6472326329878149,4.757248888689073,20.0
2025-09-01,Kerala,Kollam,691534,0.5993365089433098,4.757231810847879,115.0
2025-11-01,Telangana,K.v. Rangareddy,509410,0.6166236082986263,4.753849949085577,243.0
2025-11-01,Tamil Nadu,Sivaganga,630207,0.536837461834175,4.753726437377747,60.0
2025-10-01,Jharkhand,Gumla,835230,0.7133217710953834,4.753031581295822,290.0
2025-10-01,Punjab,SAS Nagar (Mohali),160062,0.6134097887740267,4.7500142494866635,252.0
2025-09-01,Himachal Pradesh,Kangra,176038,0.5929689817634488,4.7423236428090885,22.0
2025-10-01,West Bengal,Haora,711113,0.49125450341165305,4.741365425980876,31.0
2025-10-01,Tamil Nadu,Tiruchirappalli,620018,0.638628512802148,4.7404030645227255,33.0
2025-12-01,Maharashtra,Thane,401503,0.543124921834609,4.737990546138959,101.0
2025-11-01,Telangana,K.v. Rangareddy,500102,0.5662988827897837,4.7360644870514745,19.0
2025-10-01,Andhra Pradesh,Nandyal,518464,0.5355819902518609,4.735785546071304,4.0
2025-12-01,Andhra Pradesh,Anakapalli,531020,0.591802416544278,4.735445994472348,12.0
2025-12-01,West Bengal,Howrah,711322,0.5903465283193614,4.734928653418869,474.0
2025-12-01,Karnataka,Kodagu,571253,0.5434273994542232,4.734520779799363,122.0
2025-11-01,Punjab,Shaheed Bhagat Singh Nagar,144503,0.6918276568042329,4.7259058027917265,33.0
2025-09-01,Punjab,Patiala,147111,0.6553185783353537,4.7241258555758145,481.0
2025-12-01,West Bengal,South Twenty Four Parganas,743348,0.5830716767873605,4.720632728261194,19.0
2025-12-01,Maharashtra,Solapur,413212,0.5939862444333232,4.7194515979116485,214.0
2025-09-01,Karnataka,Vijayanagara,583135,0.6041767234436648,4.718605142336698,165.0
2025-09-01,Andhra Pradesh,Nellore,524142,0.6768415271503995,4.715715868882792,222.0
2025-10-01,Rajasthan,Jhunjhunu,333308,0.3706518238923127,4.7094206449436005,3.0
2025-12-01,West Bengal,Nadia,741316,0.6105293004627304,4.708851108150914,159.0
2025-11-01,Bihar,Nawada,805124,0.6289158644779258,4.705524915143539,1089.0
2025-12-01,Orissa,Kendujhar,758013,0.6478734428517884,4.704553211890781,4.0
2025-11-01,Maharashtra,Raigad,402111,0.4916378060582297,4.7024701928488835,9.0
2025-10-01,West Bengal,South 24 Parganas,743363,0.6191276656390279,4.696932473166562,716.0
2025-12-01,Himachal Pradesh,Una,174317,0.6477340183747614,4.695320153571433,12.0
2025-12-01,Maharashtra,Buldana,443401,0.4197720806042835,4.693778536731548,32.0
2025-10-01,Andhra Pradesh,East Godavari,534330,0.5355798586676925,4.693037615574508,28.0
2025-11-01,Maharashtra,Nanded,431803,0.5897224635378933,4.683960770329082,1613.0
2025-10-01,Tamil Nadu,Thiruvarur,614711,0.6368685305534215,4.680079804990521,58.0
2025-12-01,Andhra Pradesh,Medak,502210,0.5505171237908155,4.677526912077881,8.0
2025-09-01,West Bangal,Hooghly,712103,0.48405450618144785,4.674619615077363,4.0
2025-09-01,Sikkim,North Sikkim,737107,0.6060198596542841,4.669056129946932,3.0
2025-12-01,Maharashtra,Mumbai City,400036,0.38494213246876763,4.65880785899522,2.0
2025-11-01,Maharashtra,Mumbai,400606,0.3654877602976419,4.6582665184400485,2.0
2025-09-01,Madhya Pradesh,Mandla,481882,0.2814582123113556,4.658045922506214,2.0
2025-11-01,Maharashtra,Latur,413607,0.6222709425609704,4.657260859588214,1596.0
2025-10-01,Maharashtra,Satara,415019,0.6535385911735104,4.656316098486664,52.0
2025-11-01,Kerala,Thrissur,680015,0.5030125648233585,4.655667211080309,6.0
2025-09-01,Tamil Nadu,Theni,625522,0.6607228787082271,4.654867830129179,82.0
2025-12-01,Andhra Pradesh,Nizamabad,503180,0.3382607750998656,4.654632148077417,2.0
2025-09-01,Jharkhand,Gumla,835221,0.39180176329128197,4.649139099382314,3.0
2025-10-01,Andhra Pradesh,Tirupati,517561,0.5649188944910415,4.648600892803109,29.0
2025-12-01,West Bengal,Bardhaman,713144,0.5808899787409724,4.6477537604968475,13.0
2025-09-01,Uttar Pradesh,Sambhal,244001,0.2607818029110754,4.645968713517105,3.0
2025-09-01,Uttarakhand,Haridwar,246763,0.602433684655658,4.643797037469677,113.0
2025-12-01,West Bengal,Bankura,722182,0.6270495729214143,4.643273354642152,79.0
2025-09-01,Orissa,Khordha,751006,0.6659964627455189,4.637490946368703,54.0
2025-10-01,Himachal Pradesh,Kangra,176210,0.5696117769712072,4.635103775024705,52.0
2025-12-01,Telangana,Khammam,507118,0.5854622184997437,4.634954363759283,17.0
2025-12-01,West Bengal,Bankura,723121,0.6261620522585217,4.6345099773950835,10.0
2025-11-01,Uttar Pradesh,Balrampur,271215,0.5913128197013057,4.634077975583114,852.0
2025-11-01,Tamil Nadu,Salem,637503,0.5340100447511666,4.633691486384542,4.0
2025-10-01,Mizoram,Serchhip,796186,0.6894731293501754,4.633222909854119,35.0
2025-12-01,Himachal Pradesh,Lahaul and Spiti,172114,0.6113647041189066,4.62474333436542,7.0
2025-09-01,West Bengal,Hooghly,712706,0.5905350734634038,4.624730372069149,794.0
2025-09-01,West Bengal,Murshidabad,742185,0.4973354755312327,4.624040030198216,37.0
2025-06-01,Telangana,Medchal-malkajgiri,500055,0.7410448129314495,4.612053361677359,2558.0
2025-12-01,Maharashtra,Mumbai City,400032,0.5400522791158914,4.610201291696118,4.0
2025-10-01,West Bengal,Paschim Medinipur,721127,0.6105880452510815,4.608509646867339,1862.0
2025-09-01,West Bengal,Hugli,712223,0.40822353219468144,4.603913620547171,3.0
2025-09-01,Kerala,Palakkad,679503,0.6519659074072225,4.603487730718434,119.0
2025-12-01,Kerala,Pathanamthitta,689550,0.6044637640390653,4.602025890933949,21.0
2025-12-01,West Bengal,Jalpaiguri,735203,0.5623817961345003,4.598670372251163,202.0
2025-11-01,Himachal Pradesh,Kangra,176216,0.631836557596328,4.595938026887538,42.0
2025-11-01,West Bengal,Haora,711413,0.43366527501661745,4.594936841237481,3.0
2025-12-01,Tamil Nadu,Thiruvallur,600019,0.47137231634619015,4.594604024020248,3.0
2025-09-01,Uttar Pradesh,Ghazipur,232331,0.6418302136563873,4.5940844826869425,271.0
2025-12-01,Bihar,Sitamarhi,843311,0.5747630203331466,4.591794330586051,770.0
2025-12-01,Maharashtra,Nagpur,440028,0.5111269584024107,4.5914028014860335,15.0
2025-12-01,Madhya Pradesh,Shahdol,484330,0.5583201361377944,4.588945607556306,10.0
2025-10-01,Maharashtra,Raigarh(MH),410222,0.16842460907519885,4.587712823256532,1.0
2025-10-01,West Bengal,Murshidabad,742131,0.5381999174817705,4.5838426433457835,4.0
2025-10-01,Maharashtra,Sangli,416417,0.6312812089705289,4.576609206610909,45.0
2025-10-01,Jharkhand,Hazaribagh,829110,0.1686124317836874,4.570362898565248,1.0
2025-10-01,West Bengal,East Midnapore,721632,0.5708434509979174,4.5695273960738705,9.0
2025-09-01,Uttarakhand,Pauri Garhwal,246167,0.5234671492302224,4.567180372385185,71.0
2025-10-01,Karnataka,Kodagu,571237,0.6921919936718247,4.561289537579541,57.0
2025-10-01,Karnataka,Bangalore,560102,0.6476137268099439,4.5596677662952825,57.0
2025-12-01,Maharashtra,Solapur,413007,0.6213863810916883,4.5591623621415085,316.0
2025-11-01,Maharashtra,Nashik,423111,0.5670248323022781,4.558376881704814,751.0
2025-09-01,Odisha,Baleswar,756023,0.6276542868792169,4.55824849225464,110.0
2025-09-01,Rajasthan,Jalor,343002,0.27499356673485054,4.555012611952219,2.0
2025-09-01,Karnataka,Belgaum,591308,0.66055649660512,4.553077124715334,16.0
2025-10-01,Kerala,Thiruvananthapuram,695508,0.6364127192061146,4.552364373116172,44.0
2025-09-01,Kerala,Thiruvananthapuram,695508,0.6361269719892243,4.5469029904146625,36.0
2025-09-01,West Bengal,Paschim Medinipur,721222,0.6156007129379278,4.539970287783556,369.0
2025-12-01,Maharashtra,Parbhani,431516,0.6543794111960917,4.539822445247721,577.0
2025-10-01,Maharashtra,Satara,415107,0.5073690319508587,4.534413135557933,69.0
2025-11-01,Andhra Pradesh,Mahbubnagar,509206,0.6380174104830048,4.533382341289428,155.0
2025-10-01,Karnataka,Dakshina Kannada,575028,0.6466547688295653,4.532997789610582,80.0
2025-12-01,Puducherry,Pondicherry,605007,0.6031133109764094,4.532208219975739,4.0
2025-09-01,Chhattisgarh,Bilaspur,495118,0.5423844899955995,4.531966163975591,975.0
2025-10-01,Odisha,Cuttack,754105,0.613715603154349,4.529788374983831,120.0
2025-09-01,West Bengal,Howrah,711301,0.6584077651589907,4.528020641228111,374.0
2025-12-01,Madhya Pradesh,Jhabua,457001,0.3231653447738135,4.527688104673407,2.0
2025-12-01,Bihar,Samastipur,847301,0.5675280550374707,4.524351044263803,660.0
2025-09-01,Andhra Pradesh,K.V.Rangareddy,509325,0.3909115532680866,4.52200207914382,3.0
2025-12-01,Chhattisgarh,Bemetara,491338,0.6291894719068385,4.5217635267597585,857.0
2025-10-01,Telangana,Warangal,506015,0.5483391296593172,4.519193717548194,38.0
2025-10-01,Himachal Pradesh,Kangra,177113,0.6948559663073148,4.517682394630012,30.0
2025-09-01,Andhra Pradesh,Bapatla,522329,0.6411660942312402,4.510998608293715,10.0
2025-12-01,Karnataka,Vijayanagara,583117,0.46720438920898083,4.5098096356447055,3.0
2025-12-01,Uttarakhand,Nainital,244712,0.4573114343580761,4.501418112844471,3.0
2025-12-01,Gujarat,Bharuch,392215,0.5929750808620925,4.500444320429233,27.0
2025-09-01,Delhi,South East Delhi,110025,0.4972575908533604,4.500045702516126,125.0
2025-12-01,Odisha,Jajapur,755032,0.3216020731252755,4.497182201971033,5.0
2025-12-01,Maharashtra,Raigarh,410221,0.5520679853984738,4.497152573225,426.0
2025-12-01,Gujarat,Rajkot,360452,0.6043398667806715,4.494287037333239,63.0
2025-11-01,Andhra Pradesh,Y. S. R,516474,0.5424538541496541,4.48762336247389,10.0
2025-10-01,Sikkim,Namchi,737126,0.5357435933567442,4.484495464650267,5.0
2025-11-01,Telangana,Karimnagar,505505,0.5908408502750513,4.48440829900009,141.0
2025-12-01,Gujarat,Patan,384290,0.663611174634455,4.480163813755576,305.0
2025-10-01,Telangana,Adilabad,504311,0.6431994661739394,4.479559759798951,977.0
2025-09-01,Jammu and Kashmir,Kargil,194103,0.6259268565622385,4.4791171144839375,135.0
2025-09-01,Uttar Pradesh,Kanpur Nagar,209203,0.5836571736724304,4.476027293675794,605.0
2025-12-01,Uttarakhand,Pauri Garhwal,246121,0.6221988242807497,4.4751818701990365,392.0
2025-10-01,West Bengal,Barddhaman,713126,0.7028833203221083,4.47500993220944,157.0
2025-10-01,Telangana,Warangal,506172,0.5793315575947853,4.471511233665466,88.0
2025-09-01,Odisha,Malkangiri,764046,0.6884924887927293,4.469907589133465,78.0
2025-11-01,Uttar Pradesh,Sant Ravidas Nagar,221306,0.6024628642036483,4.466969814235267,331.0
2025-12-01,Tripura,West Tripura,799102,0.5777843250445305,4.465318142702104,980.0
2025-10-01,Karnataka,Belgaum,591241,0.6454215364355871,4.465299964404738,42.0
2025-11-01,Madhya Pradesh,West Nimar,451220,0.4559946063319077,4.462905325716862,3.0
2025-12-01,Maharashtra,Solapur,413301,0.6183000864753436,4.461433147660753,214.0
2025-12-01,Uttarakhand,Nainital,262401,0.5760062754351024,4.458827808276326,4.0
2025-10-01,West Bengal,Barddhaman,713341,0.6432199855132424,4.452376760032572,38.0
2025-11-01,Tamil Nadu,Dindigul,624706,0.6009210112080577,4.451012155349614,456.0
2025-09-01,Rajasthan,Jhunjhunu,333305,0.3706518238923127,4.449430889495709,3.0
2025-11-01,Uttar Pradesh,Kanpur Nagar,208006,0.5622339184709109,4.4489826410352,285.0
2025-12-01,Himachal Pradesh,Kinnaur,172104,0.6431689737391446,4.443848706925085,36.0
2025-09-01,Tamil Nadu,Thiruvarur,614711,0.6251003775987514,4.44341481990918,83.0
2025-09-01,Jharkhand,Palamu,822122,0.6552664023359117,4.443283979876329,2153.0
2025-10-01,Sikkim,West,737113,0.6347487154366895,4.441128998760144,53.0
2025-12-01,Andhra Pradesh,Khammam,507119,0.5780803469346516,4.437846589991484,13.0
2025-11-01,Jharkhand,Chatra,825408,0.7220398287991461,4.437227611559703,2356.0
2025-12-01,Bihar,Darbhanga,848209,0.6291845692465253,4.436518796104378,643.0
2025-12-01,Bihar,Rohtas,821309,0.5885488901546073,4.434219645132928,338.0
2025-09-01,Karnataka,Belagavi,591118,0.7214441221133189,4.433336571507968,17.0
2025-10-01,Kerala,Pathanamthitta,689105,0.6383953927029259,4.432831442850146,17.0
2025-10-01,Telangana,Nizamabad,503174,0.6231203689326207,4.430694964220399,7.0
2025-11-01,West Bengal,Barddhaman,713141,0.6303746168990175,4.429305418559729,793.0
2025-07-01,Telangana,Vikarabad,501141,0.6103781529131864,4.426786781857312,3541.0
2025-12-01,Delhi,North West Delhi,110086,0.6967929082134074,4.426696108149053,12224.0
2025-11-01,Bihar,Gaya,805124,0.43936357548578503,4.42475163159796,3.0
2025-10-01,Assam,Nagaon,782427,0.6475458592832586,4.41982569322671,632.0
2025-12-01,West Bengal,Cooch Behar,736132,0.6117891644530163,4.418005057487348,32.0
2025-11-01,Maharashtra,Solapur,413215,0.5961557469512202,4.415383214493893,892.0
2025-12-01,Maharashtra,Sangli,416406,0.6341708799646046,4.415182531919182,68.0
2025-11-01,Uttar Pradesh,Allahabad,211018,0.3233752234444545,4.413962901285091,2.0
2025-12-01,Bihar,Bhabua,821109,0.4479804715976126,4.412957281862195,3.0
2025-10-01,Assam,Udalguri,784504,0.29729824842740243,4.411610221624619,2.0
2025-12-01,Maharashtra,Kolhapur,416210,0.6039572290792485,4.411517795113913,402.0
2025-09-01,Madhya Pradesh,Anuppur,484001,0.6099433102835045,4.410920084250806,26.0
2025-10-01,Jammu and Kashmir,Jammu,181124,0.5225936394508193,4.409016408543093,7.0
2025-07-01,Maharashtra,Mumbai Suburban,400072,0.8123824184526383,4.408911328402097,3429.0
2025-12-01,Karnataka,Belgaum,591101,0.6567555246255995,4.40658851349035,158.0
2025-12-01,Karnataka,Shivamogga,577423,0.6370236422909392,4.4060998377782905,44.0
2025-12-01,Maharashtra,Parbhani,431508,0.6096899332531425,4.403266441614179,621.0
2025-07-01,Assam,Cachar,788030,0.6988008309307671,4.403241056707613,807.0
2025-12-01,Telangana,K.v. Rangareddy,509410,0.6068873469824221,4.396083859312109,176.0
2025-09-01,Telangana,Adilabad,504206,0.5916495709461952,4.395613756880146,26.0
2025-09-01,West Bengal,Dakshin Dinajpur,733155,0.598555090050262,4.394357843265196,28.0
2025-12-01,Himachal Pradesh,Bilaspur,174031,0.6109414633863468,4.392172144704319,41.0
2025-12-01,Uttar Pradesh,Kanpur Nagar,209203,0.5810305712713648,4.388174999911787,582.0
2025-12-01,Jammu and Kashmir,Samba,181143,0.5966237831092129,4.385772621334118,78.0
2025-09-01,Tamil Nadu,Krishnagiri,635119,0.6264041678510136,4.384095350883683,118.0
2025-10-01,Kerala,Thiruvananthapuram,695026,0.682955898206598,4.383495473412574,135.0
2025-10-01,Madhya Pradesh,Dewas,455116,0.6776594484594196,4.381303697922416,433.0
2025-09-01,Himachal Pradesh,Bilaspur,174031,0.6103839039029331,4.380503943508163,36.0
2025-11-01,Uttar Pradesh,Varanasi,221012,0.6171531452228165,4.37570937060737,5.0
2025-11-01,Karnataka,Tumkur,572134,0.564982133967286,4.37470379612531,12.0
2025-09-01,Gujarat,Jamnagar,361335,0.609163132389523,4.374122983042164,154.0
2025-09-01,Goa,South Goa,403712,0.7226864186147219,4.372485054370129,29.0
2025-12-01,Bihar,Lakhisarai,811304,0.5824524920045243,4.367351444557961,29.0
2025-11-01,Bihar,Purba Champaran,845413,0.4711475600648469,4.366163368668479,3.0
2025-10-01,Gujarat,Gir Somnath,362268,0.7178101292195412,4.365508310908049,175.0
2025-09-01,Orissa,Khordha,752038,0.38184665565073284,4.362503038041839,2.0
2025-09-01,Tamil Nadu,Villupuram,605107,0.6251798095435271,4.3601091594431,21.0
2025-12-01,West Bengal,Barddhaman,713122,0.6068049756719086,4.359699562606444,205.0
2025-11-01,Delhi,East Delhi,110094,0.5732696681061226,4.359168724839975,9.0
2025-10-01,Maharashtra,Kolhapur,416501,0.5689421085123055,4.356468625510176,171.0
2025-12-01,Haryana,Ambala,133105,0.36334425886081956,4.356025121445728,2.0
2025-11-01,Tamil Nadu,Thiruvallur,600087,0.47163428262075385,4.355425433975151,3.0
2025-10-01,Uttarakhand,Pauri Garhwal,246167,0.5167449038127622,4.352959377653273,55.0
2025-12-01,Andhra Pradesh,Alluri Sitharama Raju,531111,0.5696340544368216,4.352822526188337,158.0
2025-12-01,Himachal Pradesh,Chamba,176330,0.5083878090344136,4.3460876514790545,3.0
2025-10-01,Andhra Pradesh,Y. S. R,516361,0.36174256586647113,4.344284496122549,2.0
2025-09-01,Tamil Nadu,Krishnagiri,635102,0.6620080896716615,4.339656711706627,260.0
2025-12-01,Rajasthan,Bikaner,334604,0.6820592435672497,4.337795159644965,565.0
2025-12-01,Maharashtra,Ahmed Nagar,414602,0.5314676029064886,4.33567329321861,11.0
2025-11-01,Sikkim,West,737113,0.6315241792281028,4.335550783771836,53.0
2025-10-01,Gujarat,Valsad,396240,0.6217071811626735,4.331174606061938,8.0
2025-11-01,Orissa,Gajapati,761206,0.4778801522349222,4.331000008771494,2.0
2025-09-01,Odisha,Baleswar,756134,0.6594861309186835,4.330446430755666,204.0
2025-11-01,West Bengal,Barddhaman,713420,0.6368837814626434,4.3293039212627304,148.0
2025-10-01,Chhattisgarh,Surajpur,497231,0.6241166346674153,4.327201681371826,1278.0
2025-09-01,West Bengal,Paschim Medinipur,721135,0.6394033783616652,4.325027976507983,742.0
2025-10-01,West Bengal,Dakshin Dinajpur,733158,0.6527824463402436,4.319841347175288,47.0
2025-12-01,Maharashtra,Raigarh,410101,0.5829806376481438,4.316188062185404,664.0
2025-09-01,Uttar Pradesh,Kanpur Nagar,208006,0.5564630168541125,4.315926871428923,301.0
2025-09-01,Uttar Pradesh,Agra,283105,0.613732174249271,4.314051579369484,888.0
2025-10-01,Rajasthan,Barmer,344501,0.6778911618276144,4.313432578595092,102.0
2025-11-01,Andhra Pradesh,Vizianagaram,532168,0.614174883584815,4.309972787164835,21.0
2025-09-01,West Bengal,South 24 Parganas,743398,0.6536212025393355,4.304853228762962,25.0
2025-10-01,Gujarat,Amreli,364490,0.5509609403484635,4.294543916421858,6.0
2025-10-01,Tamil Nadu,Dindigul,624706,0.5940583712091746,4.29381363614765,281.0
2025-12-01,Orissa,Khordha,751006,0.6490153836179698,4.293712587846778,62.0
2025-10-01,Bihar,Jehanabad,804429,0.6436514492371012,4.2900474498749155,379.0
2025-12-01,Andhra Pradesh,Nizamabad,503207,0.4428013357223346,4.289221725541485,3.0
2025-12-01,Bihar,Madhubani,843319,0.6100894956329649,4.288941556492957,75.0
2025-09-01,Tamil Nadu,Ramanathapuram,623604,0.61187792657869,4.288134445476431,36.0
2025-12-01,West Bengal,Jalpaiguri,735222,0.49236034841213355,4.287617606502277,218.0
2025-10-01,Assam,Kamrup Metro,781029,0.6336154309604788,4.284118339863094,133.0
2025-11-01,West Bengal,Medinipur,721212,0.46511635847665467,4.28400202212858,3.0
2025-09-01,West Bengal,Nadia,741254,0.5315797279232349,4.276962952537882,117.0
2025-11-01,Gujarat,Surat,394520,0.6280235058183273,4.273100514584935,283.0
2025-09-01,Telangana,Warangal,506004,0.5831686769324069,4.2713520999955445,21.0
2025-09-01,Karnataka,Bangalore Rural,560087,0.6686577099845076,4.268947681988472,150.0
2025-11-01,Gujarat,Ahmedabad,363425,0.4940686324805951,4.268104185781683,37.0
2025-10-01,Tamil Nadu,Viluppuram,605201,0.6167141265886622,4.266358774276719,76.0
2025-10-01,Rajasthan,Pali,306116,0.6637636072390143,4.262845233904501,83.0
2025-10-01,Mizoram,Mammit,796431,0.5552613057833853,4.259177732284625,23.0
2025-09-01,Andhra Pradesh,Bapatla,522315,0.2934885424478276,4.2583673968773565,2.0
2025-12-01,Maharashtra,Nashik,423111,0.5608635454861265,4.256326188323803,457.0
2025-10-01,Rajasthan,Bharatpur,321205,0.684563160368834,4.255293866473525,451.0
2025-09-01,Punjab,Amritsar,143504,0.6369810012945781,4.254890483104214,117.0
2025-07-01,West Bengal,Alipurduar,736121,0.7284071500484328,4.250257508317461,546.0
2025-11-01,Kerala,Thrissur,680317,0.6901946342919274,4.247962908430188,67.0
2025-09-01,Uttar Pradesh,Rae Bareli,229203,0.6227291930919885,4.24724721344256,436.0
2025-09-01,Jammu and Kashmir,Udhampur,182312,0.29171347226500377,4.245863389507235,2.0
2025-12-01,Chhattisgarh,Gariyaband,491558,0.6443152298648067,4.245842645017023,80.0
2025-12-01,Bihar,Nawada,805124,0.6081131258237246,4.2452094523182655,1446.0
2025-10-01,Tamil Nadu,Tiruchirappalli,621215,0.6532255106684922,4.244113006268928,285.0
2025-12-01,Andhra Pradesh,Khammam,507135,0.34380854877291467,4.243848424411784,2.0
2025-10-01,Uttar Pradesh,Ghaziabad,201019,0.41723481788235844,4.242520954333869,14.0
2025-10-01,Maharashtra,Sangli,416401,0.577893284217589,4.23947412427123,190.0
2025-09-01,Andhra Pradesh,Alluri Sitharama Raju,507129,0.67540689589036,4.238903891717709,56.0
2025-10-01,Tamil Nadu,Nagapattinam,609309,0.6413455427481097,4.238515187943092,153.0
2025-12-01,Punjab,Fatehgarh Sahib,147006,0.3444795089992675,4.236493632006809,2.0
2025-12-01,Himachal Pradesh,Solan,173230,0.5573011305576203,4.2359877274470605,9.0
2025-12-01,Tamil Nadu,Krishnagiri,635112,0.6910663729898548,4.23381171116617,1081.0
2025-10-01,Punjab,Shaheed Bhagat Singh Nagar,144503,0.661931313436131,4.233574898871897,29.0
2025-09-01,Maharashtra,Raigarh,402102,0.5634261952324383,4.233382534389724,49.0
2025-11-01,Punjab,Amritsar,143103,0.5752210447414635,4.231867097588845,149.0
2025-11-01,Orissa,Ganjam,761116,0.662540416692006,4.230975829240608,26.0
2025-12-01,Himachal Pradesh,Una,177038,0.4671683315552809,4.230123150343541,3.0
2025-10-01,Bihar,Nawada,805124,0.6074270915978037,4.230029135559589,907.0
2025-10-01,Punjab,Nawanshahr,144417,0.4540532614968631,4.229751979598026,17.0
2025-12-01,Andhra Pradesh,Anakapalli,531031,0.5564143890193086,4.228795173635943,66.0
2025-12-01,Tamil Nadu,Vellore,632519,0.6495461493734611,4.227826489867279,82.0
2025-11-01,Andhra Pradesh,Nalgonda,508374,0.5231217654359898,4.227298656508322,74.0
2025-09-01,Assam,Kamrup Metro,781029,0.631307023057589,4.225672336007416,110.0
2025-10-01,Kerala,Wayanad,673591,0.6327758307632474,4.225466692995991,111.0
2025-09-01,Uttar Pradesh,Moradabad,244301,0.6717647419235239,4.223203596667681,871.0
2025-12-01,Bihar,Gaya,805236,0.3490669147673162,4.220521742954608,2.0
2025-09-01,Tamil Nadu,Viluppuram,605201,0.6143175257250155,4.218885189965326,77.0
2025-09-01,Uttar Pradesh,Basti,272302,0.6677360093281048,4.215951466708371,708.0
2025-11-01,Chhattisgarh,Surajpur,497231,0.6199494009188706,4.2133383032324625,1222.0
2025-11-01,Madhya Pradesh,Ujjain,456771,0.6610933927208696,4.210179362496101,1256.0
2025-10-01,Punjab,Amritsar,143504,0.6353348988252498,4.20935128881691,95.0
2025-10-01,Madhya Pradesh,Maihar,485773,0.4971844913666071,4.208611857982921,28.0
2025-09-01,Kerala,Ernakulam,683594,0.6768595640858683,4.208256022390962,82.0
2025-12-01,Chhattisgarh,Gariyaband,493890,0.5714361112012147,4.207580951824912,2356.0
2025-12-01,Madhya Pradesh,Dindori,481995,0.34969172445746344,4.204762387601731,2.0
2025-10-01,Uttar Pradesh,Kanpur Nagar,208006,0.5512871475983145,4.196590359919698,138.0
2025-09-01,Maharashtra,Pune,411073,0.2863531994392778,4.19541968527035,2.0
2025-11-01,Karnataka,Belagavi,591124,0.6313193454514873,4.195021470539237,64.0
2025-11-01,Orissa,Cuttack,754006,0.6821683252581783,4.190508754325444,4.0
2025-11-01,Maharashtra,Sangli,416303,0.6431546141900151,4.189912197809711,543.0
2025-11-01,Tamil Nadu,Namakkal,636301,0.6591884697839112,4.183127947376816,89.0
2025-11-01,Gujarat,Amreli,364510,0.5449818414488401,4.180787896201159,4.0
2025-12-01,Telangana,Warangal,506004,0.5798791584145192,4.1802378354652845,18.0
2025-12-01,Tamil Nadu,Tiruchirappalli,621018,0.38450303725536594,4.179589881083492,2.0
2025-11-01,Telangana,Nagarkurnool,509411,0.5401721848770867,4.177067663747709,7.0
2025-11-01,Gujarat,Surat,394105,0.6357444902096447,4.174832088976424,366.0
2025-10-01,Bihar,Vaishali,844131,0.6135207549782782,4.173644327694863,51.0
2025-12-01,Rajasthan,Chittaurgarh,312402,0.3431147820667125,4.171312425825328,2.0
2025-10-01,Jharkhand,Dhanbad,826004,0.615948436514593,4.168649364081976,388.0
2025-12-01,Odisha,Khordha,751022,0.37033394664626906,4.16491649173746,2.0
2025-09-01,Maharashtra,Jalna,431208,0.6342797725721765,4.164480160124384,701.0
2025-09-01,Uttar Pradesh,Pilibhit,262121,0.6421686384706488,4.16213361422,1104.0
2025-09-01,Uttar Pradesh,Sant Kabir Nagar,272271,0.6477198285560011,4.16198138711597,1450.0
2025-10-01,West Bengal,Paschim Medinipur,721135,0.6339464762314414,4.156889027914149,294.0
2025-12-01,Uttar Pradesh,Lalitpur,284125,0.5873680367857455,4.156628180120054,6.0
2025-09-01,Tamil Nadu,Mayiladuthurai,609311,0.5340743352775426,4.153913605717632,9.0
2025-12-01,Kerala,Palakkad,679503,0.6290040595786167,4.1536923507324595,191.0
2025-12-01,Tamil Nadu,Nagapattinam,609310,0.6400359008277335,4.152849218661635,45.0
2025-09-01,Karnataka,Ballari,583136,0.6146123038751141,4.1524722393262214,23.0
2025-09-01,Odisha,Kendrapara,754218,0.6458562327488333,4.149237090226271,113.0
2025-11-01,Maharashtra,Sangli,416406,0.6186913414793663,4.147602128432404,275.0
2025-09-01,West Bengal,South Twenty Four Parganas,700061,0.5327162491678008,4.146765704548147,157.0
2025-12-01,Tripura,Dhalai,799263,0.4652512997996637,4.146746176985448,6.0
2025-12-01,Bihar,Gaya,805129,0.5492324966301442,4.144156021754249,120.0
2025-09-01,Kerala,Thiruvananthapuram,695582,0.6553681753628722,4.140575038661832,113.0
2025-10-01,Telangana,Medchal-malkajgiri,500098,0.5497917748282083,4.139956647505065,147.0
2025-11-01,Telangana,Hanumakonda,506143,0.5853787047603095,4.139656608174878,8.0
2025-12-01,Uttar Pradesh,Agra,283105,0.6079672523903898,4.13702334191285,1025.0
2025-11-01,Tamil Nadu,Villupuram,605402,0.679374161133681,4.136659938138591,399.0
2025-12-01,Tamil Nadu,Chengalpattu,603110,0.5382513926090319,4.13466567894919,58.0
2025-09-01,Karnataka,Belgaum,591241,0.62711999196909,4.128163749896187,44.0
2025-10-01,Rajasthan,Bikaner,334604,0.6682204231143116,4.121653681878998,114.0
2025-09-01,Jammu and Kashmir,Samba,181143,0.5838555746979202,4.120810938079196,52.0
2025-12-01,West Bengal,Murshidabad,742185,0.48261999580933385,4.120405695979494,32.0
2025-12-01,West Bengal,Howrah,711416,0.4815068746293778,4.119892095796029,42.0
2025-10-01,Tamil Nadu,Ariyalur,612902,0.6373377775165144,4.119819508587246,112.0
2025-12-01,Maharashtra,Solapur,413227,0.6878497280728849,4.118251737241969,374.0
2025-12-01,Gujarat,Vadodara,391250,0.6589058225598781,4.117786135171153,138.0
2025-12-01,Maharashtra,Ratnagiri,415702,0.6363138766644694,4.117529074210305,78.0
2025-10-01,Tamil Nadu,Ariyalur,621702,0.37734515848669636,4.1174420569210595,2.0
2025-11-01,Andhra Pradesh,Nandyal,518165,0.619262633434299,4.114337205048226,13.0
2025-11-01,Kerala,Kasargod,671311,0.6477426013741594,4.114015886379958,8.0
2025-10-01,Punjab,Tarn Taran,143118,0.6340844886190273,4.110980207068175,67.0
2025-10-01,Orissa,Bhadrak,756163,0.710234519361345,4.110733243967794,5.0
2025-09-01,Jammu and Kashmir,Kulgam,192102,0.5497694217377298,4.1105306355990106,56.0
2025-12-01,Bihar,Banka,813205,0.5996262562670989,4.109856967763052,943.0
2025-11-01,Bihar,Vaishali,844131,0.6110207480929577,4.109428521035887,56.0
2025-07-01,Assam,Golaghat,785619,0.7375866035785594,4.109370462540643,186.0
2025-10-01,Jharkhand,Chatra,825408,0.7065908649422429,4.108911453370466,1032.0
2025-10-01,Bihar,Bhojpur,802166,0.6518037222849152,4.108655958687171,359.0
2025-12-01,West Bengal,Howrah,711408,0.6053326150265741,4.108619350108572,141.0
2025-11-01,West Bengal,Nadia,741401,0.5716054318578278,4.108445903551555,81.0
2025-09-01,Tamil Nadu,Villupuram,606115,0.6111350975918375,4.104427090744163,26.0
2025-09-01,West Bengal,Hugli,712138,0.3107338046907915,4.10399371118971,2.0
2025-07-01,Assam,Kamrup,781122,0.6740767353849263,4.10355586903118,186.0
2025-09-01,Tamil Nadu,Thanjavur,612201,0.630600361020472,4.102484274832009,15.0
2025-11-01,Tamil Nadu,Viluppuram,605203,0.6505612386568169,4.102166332371075,197.0
2025-12-01,Orissa,Balangir,767068,0.6858324386851982,4.100814987899677,4.0
2025-10-01,Maharashtra,Satara,415115,0.5318970304784303,4.098547844059485,94.0
2025-12-01,Chhattisgarh,Gariyaband,495449,0.5571412981363868,4.097946284684444,29.0
2025-09-01,Orissa,Kendrapara,754222,0.38184665565073284,4.097503393997027,2.0
2025-09-01,Haryana,Gurgaon,122502,0.5620231644145046,4.095261130238197,119.0
2025-10-01,Odisha,Anugul,759105,0.5238673618160954,4.093484427878531,3.0
2025-09-01,Andhra Pradesh,Kurnool,518301,0.6703427820343836,4.091669109360892,1192.0
2025-12-01,West Bengal,Koch Bihar,736175,0.5408852689637677,4.091213733715862,10.0
2025-09-01,Tamil Nadu,Thiruvarur,614015,0.6595319227181785,4.089939901080601,67.0
2025-09-01,Karnataka,Bangalore Rural,562122,0.6765070553501205,4.087750188778227,200.0
2025-10-01,Tamil Nadu,Tiruppur,641601,0.660059208852271,4.08671820287235,115.0
2025-11-01,West Bengal,Purba Bardhaman,712413,0.505295043761749,4.086520009516128,3.0
2025-09-01,Maharashtra,Solapur,413324,0.519884910758359,4.079424514727039,347.0
2025-10-01,Chhattisgarh,Koriya,497333,0.3615392910439659,4.0786509044633315,2.0
2025-10-01,Andhra Pradesh,Karimnagar,505480,0.5845883346284791,4.077865844840922,14.0
2025-12-01,Odisha,Baleshwar,757028,0.16557881245801187,4.076010078758219,1.0
2025-12-01,Uttar Pradesh,Jaunpur,222143,0.5447063171242715,4.075357919840166,1544.0
2025-09-01,West Bengal,Paschim Medinipur,721503,0.6418513374279662,4.0751434986980835,368.0
2025-11-01,Rajasthan,Bundi,323603,0.7030828348946767,4.07497515506428,637.0
2025-10-01,Uttar Pradesh,Lalitpur,284405,0.6971284105964982,4.074352105724332,800.0
2025-12-01,Bihar,Madhepura,852108,0.5610808032814604,4.0739925410454925,165.0
2025-12-01,West Bengal,Hooghly,712708,0.5694474491200794,4.0733626538315315,59.0
2025-10-01,Odisha,Baleswar,756084,0.6234391623938511,4.070817155988158,34.0
2025-12-01,Telangana,Jangaon,506143,0.44136897321356167,4.063818490597787,5.0
2025-11-01,Uttar Pradesh,Ghaziabad,201020,0.45306085741688107,4.063790855389881,8.0
2025-10-01,Odisha,Baleswar,756023,0.6035598358894456,4.062438026713485,205.0
2025-11-01,Bihar,Patna,800030,0.5215419631179627,4.061330191624995,9.0
2025-12-01,West Bengal,Hooghly,712411,0.5698633859323536,4.060016369371793,46.0
2025-10-01,Gujarat,Surat,394517,0.6366656839698112,4.059233292751343,19.0
2025-11-01,Karnataka,Chamarajanagar,571124,0.516368828520142,4.058071697961916,3.0
2025-09-01,Jammu and Kashmir,Samba,184121,0.6648068517421548,4.055641128183994,219.0
2025-10-01,Jammu and Kashmir,Pulwama,192303,0.5069395472318192,4.054536331389591,110.0
2025-09-01,Uttar Pradesh,Mathura,281305,0.5757327538859183,4.053868953393314,367.0
2025-12-01,Telangana,Adilabad,504311,0.6314826139665471,4.052538151403483,630.0
2025-10-01,Jharkhand,West Singhbhum,831013,0.38251491216717765,4.052377750603905,2.0
2025-06-01,Assam,Cachar,788030,0.6914551491601697,4.051718996284173,359.0
2025-12-01,Maharashtra,Ahmadnagar,422622,0.6690167079680716,4.04707849806438,606.0
2025-10-01,Odisha,Jharsuguda,768225,0.5722508106693305,4.047025344016484,55.0
2025-12-01,Maharashtra,Buldana,443303,0.591717047058939,4.045795608830838,81.0
2025-11-01,Karnataka,Udupi,574113,0.52524697111186,4.045610367414507,20.0
2025-10-01,Telangana,Jogulamba Gadwal,509135,0.6243038120184383,4.045118975563593,319.0
2025-10-01,Chhattisgarh,Bemetara,491338,0.6073542268644642,4.042808406866815,250.0
2025-09-01,Uttar Pradesh,Etawah,206123,0.6490168591915503,4.042313575827176,1757.0
2025-09-01,West Bengal,Bankura,722169,0.5469750969525549,4.040576233970469,60.0
2025-12-01,Maharashtra,Solapur,413223,0.6296839986733282,4.0343508535122945,238.0
2025-09-01,West Bengal,North 24 Parganas,743234,0.6734342784280927,4.033938520452456,411.0
2025-09-01,Jharkhand,Gumla,835230,0.6775512499144953,4.03296911928381,902.0
2025-12-01,West Bengal,Hooghly,712135,0.6796973450821037,4.0319949504203345,154.0
2025-09-01,Punjab,Jalandhar,144103,0.6194387755611463,4.031722164495254,25.0
2025-11-01,Maharashtra,Beed,431519,0.5425228478924699,4.031573724817569,1541.0
2025-12-01,Karnataka,Tumkur,572127,0.6124012124651013,4.031193057802605,161.0
2025-12-01,Himachal Pradesh,Mandi,176122,0.5669467821503401,4.031128336544206,29.0
2025-09-01,Tripura,Dhalai,799278,0.6290089623397845,4.029632829870023,94.0
2025-12-01,Himachal Pradesh,Shimla,171214,0.5860607292538363,4.029196721379567,56.0
2025-11-01,Uttarakhand,Hardwar,247664,0.5055296656743418,4.027096712965505,11.0
2025-10-01,West Bengal,West Midnapore,721121,0.42377125985553277,4.023543692857987,2.0
2025-10-01,Assam,Marigaon,782001,0.5391839382756443,4.021024773536628,4.0
2025-12-01,Rajasthan,Barmer,344501,0.662921706352747,4.019851606467133,662.0
2025-10-01,Telangana,Nizamabad,503245,0.6293536965153208,4.019745785570273,335.0
2025-10-01,Uttar Pradesh,Kanpur Nagar,208024,0.5946252010521837,4.018735738783037,51.0
2025-11-01,Maharashtra,Amravati,444701,0.548854670626091,4.017956551845651,3537.0
2025-12-01,Bihar,Nawada,805125,0.6544816277188676,4.01313111961071,1981.0
2025-11-01,Mizoram,Mamit,796471,0.6809423332628626,4.008671094552557,17.0
2025-12-01,West Bengal,Bankura,722148,0.6292608529579263,4.008132723486547,245.0
2025-10-01,Sikkim,South Sikkim,737139,0.7128610289819484,4.006692920132462,13.0
2025-09-01,Andhra Pradesh,Guntur,522510,0.2934885424478276,4.005999989424606,2.0
2025-09-01,Tamil Nadu,Tiruchirappalli,620018,0.6000690270249648,4.00542175156396,34.0
2025-09-01,Odisha,Baleswar,756043,0.6068527128252001,4.005346360341552,188.0
2025-12-01,Karnataka,Ramanagar,560060,0.3676712244583672,4.002495797995193,2.0
2025-11-01,Andhra Pradesh,Krishna,521402,0.6737444245431001,4.002262828687103,165.0
2025-07-01,Bihar,Nawada,805129,0.6224476399692881,4.001728935142788,597.0
2025-11-01,Gujarat,Amreli,365555,0.5474643589900582,4.001225589819787,6.0
2025-09-01,Punjab,Ludhiana,141415,0.6273626405224489,4.000072518352165,31.0
2025-12-01,Uttar Pradesh,Kanpur Nagar,208006,0.5426836729825425,3.9982258733449463,344.0
2025-10-01,Gujarat,Rajkot,360452,0.5789178333588639,3.9940167012465495,14.0
2025-11-01,Tamil Nadu,Nagapattinam,609309,0.628469782749498,3.9936452948089105,248.0
2025-11-01,Maharashtra,Nashik,422007,0.5895281831325893,3.9928466489295853,3674.0
2025-11-01,Rajasthan,Alwar,301707,0.7255800662577532,3.990315689408224,1410.0
2025-09-01,Andhra Pradesh,Ananthapur,515872,0.7522362451593368,3.9855601913248795,6.0
2025-12-01,West Bengal,Cooch Behar,736207,0.5973360812406112,3.985431712553417,130.0
2025-12-01,Madhya Pradesh,Rajgarh,465695,0.4925345976294448,3.984606977456661,5.0
2025-09-01,Kerala,Thiruvananthapuram,695026,0.6614294746770072,3.9822131394781595,166.0
2025-10-01,Orissa,Khordha,751006,0.6335918504548098,3.9814664182357102,28.0
2025-11-01,Andhra Pradesh,Mahabubnagar,509103,0.33562940347518727,3.9810461286240706,2.0
2025-09-01,Tamil Nadu,Tiruchirappalli,621215,0.6442369105878982,3.9808886513468225,293.0
2025-07-01,Rajasthan,Alwar,301001,0.7583948074885714,3.980254791907915,9932.0
2025-09-01,Assam,Lakhimpur,787053,0.5986603159317193,3.979752195500427,241.0
2025-11-01,Bihar,Madhubani,843319,0.5933685073213362,3.977685371751492,38.0
2025-09-01,Telangana,Nalgonda,508112,0.63122968740856,3.9769174875748807,79.0
2025-10-01,Andhra Pradesh,East Godavari,533288,0.6724405470844914,3.9702845958243596,169.0
2025-06-01,Andhra Pradesh,Alluri Sitharama Raju,507129,0.6658694469650016,3.9699943906030923,253.0
2025-12-01,West Bengal,Purulia,723147,0.5283117163454438,3.9688762234429142,9.0
2025-11-01,Andhra Pradesh,East Godavari,534330,0.5192684763320852,3.9681140177006182,33.0
2025-11-01,Tamil Nadu,Vellore,632519,0.6333030370189731,3.9672222512334394,126.0
2025-10-01,Karnataka,Shivamogga,577423,0.6207868980313234,3.966142432265773,19.0
2025-12-01,Maharashtra,Akola,444108,0.6348831650477929,3.966005945766729,1069.0
2025-10-01,Haryana,Rohtak,124411,0.6518987952318783,3.963588025035631,84.0
2025-10-01,Punjab,Ferozepur,152003,0.6854040109018548,3.962823594478795,257.0
2025-11-01,Maharashtra,Satara,415518,0.5629440645501491,3.95495941674269,207.0
2025-09-01,Odisha,Mayurbhanj,757051,0.5948683361697803,3.953482140364172,139.0
2025-10-01,Karnataka,Belagavi,591128,0.5785513283778444,3.953103109198675,38.0
2025-09-01,Uttar Pradesh,Rae Bareli,229204,0.6333130653587766,3.9513102942111558,795.0
2025-11-01,Madhya Pradesh,Panna,488443,0.48603619032171264,3.9500059968623398,3.0
2025-09-01,Maharashtra,Sindhudurg,416612,0.5522065377665762,3.9495988987012947,177.0
2025-10-01,Maharashtra,Ratnagiri,415722,0.6092857553663631,3.948996919074239,54.0
2025-12-01,West Bengal,South 24 Parganas,743363,0.5947437496986134,3.9489680082016143,644.0
2025-12-01,Uttar Pradesh,Basti,272271,0.4890395513486716,3.9487369143104094,3.0
2025-12-01,Maharashtra,Raigarh,402107,0.6207146176479704,3.9478097511821915,2233.0
2025-11-01,Rajasthan,Bikaner,334604,0.6570730550653247,3.9475486263576207,216.0
2025-09-01,Mizoram,Kolasib,796070,0.6672412616781945,3.9462349517766295,55.0
2025-09-01,Gujarat,Valsad,396240,0.5986217431419663,3.9458293627656795,67.0
2025-12-01,Maharashtra,Sindhudurg,416612,0.5519443068128597,3.94373743529057,166.0
2025-10-01,Maharashtra,Sindhudurg,416612,0.5519037713628466,3.9428313749886823,359.0
2025-09-01,Kerala,Palakkad,679302,0.6320864286740757,3.9421618113853585,69.0
2025-10-01,Chhattisgarh,Gariyaband,493890,0.5615557134485643,3.9421166690705953,962.0
2025-09-01,West Bengal,Paschim Bardhaman,713302,0.613559530276331,3.937415369624495,74.0
2025-11-01,Orissa,Khordha,751006,0.6313846193409508,3.9367814907642904,51.0
2025-09-01,Tamil Nadu,Villupuram,604303,0.7005328636535881,3.936698322498968,194.0
2025-09-01,Tamil Nadu,Pudukkottai,622504,0.6624931292372661,3.9343782862214063,334.0
2025-11-01,Tamil Nadu,Dharmapuri,635115,0.47796419305406024,3.9334571467368007,3.0
2025-09-01,West Bengal,Howrah,711413,0.6497045687158565,3.931359211026595,400.0
2025-09-01,Maharashtra,Latur,413523,0.574409373629734,3.929311457845069,733.0
2025-11-01,Tamil Nadu,Tiruchirappalli,620018,0.5960476407704377,3.9287702171958436,74.0
2025-12-01,Maharashtra,Solapur,413306,0.6187398113884488,3.928109967088814,1085.0
2025-09-01,Assam,Cachar,788164,0.46423276751602544,3.927628044884848,4.0
2025-10-01,West Bengal,Kolkata,700025,0.6533466344924944,3.9273796263701395,65.0
2025-10-01,Madhya Pradesh,Anuppur,484224,0.7157876166064195,3.9266986911777764,415.0
2025-11-01,West Bengal,Bardhaman,713427,0.5306522576026246,3.9265862989133704,3.0
2025-09-01,Odisha,Mayurbhanj,757043,0.669242129690697,3.9261842375594447,417.0
2025-12-01,Rajasthan,Bharatpur,321205,0.6700157917614478,3.924203202176792,1292.0
2025-12-01,Tamil Nadu,Thiruvarur,614711,0.5991526729518709,3.9215900988333052,138.0
2025-11-01,Rajasthan,Barmer,344501,0.6578875335850477,3.921121406328415,230.0
2025-11-01,Maharashtra,Dhule,425412,0.4689646634667686,3.9210939537833562,3.0
2025-11-01,Uttar Pradesh,Jhansi,285223,0.5762313691441231,3.9204507555633414,9.0
2025-12-01,West Bengal,Nadia,741506,0.6133617003226433,3.919914119007187,100.0
2025-09-01,Karnataka,Belagavi,591224,0.6482459320200812,3.91942516042228,97.0
2025-09-01,Tamil Nadu,Ariyalur,612902,0.6263630508297315,3.9193970252594155,96.0
2025-12-01,Bihar,Muzaffarpur,843147,0.5519595188415095,3.919097050613145,56.0
2025-10-01,Karnataka,Uttara Kannada,581336,0.568521989684021,3.9172333241007444,37.0
2025-10-01,Assam,Dibrugarh,785676,0.6321498413383188,3.914763717479891,112.0
2025-11-01,West Bengal,South Dinajpur,733101,0.47000752026289805,3.9117770285865787,2.0
2025-11-01,Kerala,Palakkad,679503,0.6166529843642595,3.911749428248835,168.0
2025-11-01,Odisha,Baleswar,756084,0.6133845124272946,3.9091838092964526,49.0
2025-10-01,Kerala,Idukki,685618,0.6775573323278108,3.9083289768417986,21.0
2025-12-01,Maharashtra,Sangli,416401,0.5656507759635018,3.9033760505893498,189.0
2025-10-01,Jharkhand,Palamu,822111,0.6193813992230298,3.9005657004341745,52.0
2025-11-01,Punjab,Tarn Taran,143111,0.6797218863419189,3.899368032772823,12.0
2025-12-01,Bihar,Muzaffarpur,843121,0.5851645897012193,3.897653038313791,472.0
2025-11-01,Rajasthan,Pali,306116,0.6463810761317826,3.897269032007771,221.0
2025-11-01,Orissa,Dhenkanal,759020,0.4280630581191319,3.896527390510233,2.0
2025-11-01,Rajasthan,Bharatpur,321205,0.6687825776262475,3.8961358796071095,1017.0
2025-05-01,Bihar,Muzaffarpur,843108,0.6243951982132916,3.895965348211241,593.0
2025-12-01,Odisha,Baleswar,756084,0.61246299890893,3.894370035123273,22.0
2025-10-01,Andhra Pradesh,Srikakulam,532474,0.5644959907018452,3.8935590264877757,147.0
2025-09-01,Maharashtra,Dhule,425406,0.6689886646532078,3.888754678090564,926.0
2025-11-01,Tamil Nadu,Kallakurichi,605701,0.4678988481854873,3.8882246241003156,3.0
2025-09-01,Punjab,Shaheed Bhagat Singh Nagar,144503,0.6408357173235244,3.886174088847462,61.0
2025-10-01,Odisha,Balangir,767038,0.7047975113465829,3.8835238910958614,287.0
2025-10-01,Maharashtra,Sangli,416303,0.6262448037343995,3.8834594644321356,132.0
2025-11-01,Tamil Nadu,Theni,625522,0.6205264721396131,3.881252342078064,74.0
2025-12-01,Jharkhand,Chatra,825408,0.6957641497225209,3.8788257609141557,2893.0
2025-09-01,Maharashtra,Raigarh,402107,0.6186179820431392,3.8781556284814114,1836.0
2025-09-01,Kerala,Malappuram,673647,0.5838665725017634,3.8772683153915657,31.0
2025-10-01,Karnataka,Vijayanagara,583129,0.21710544862935321,3.8760748441907675,1.0
2025-11-01,Bihar,Bhojpur,802312,0.6746723244022228,3.875878953312281,728.0
2025-12-01,Maharashtra,Palghar,401609,0.5120720499996188,3.8746746113903847,7.0
2025-12-01,Maharashtra,Satara,415312,0.6070006540973077,3.8745915694299473,115.0
2025-12-01,West Bengal,Hugli,712410,0.5760656943123222,3.872142037902362,11.0
2025-12-01,Andhra Pradesh,N. T. R,521403,0.596420976533355,3.871724100860904,20.0
2025-12-01,Gujarat,Surat,394305,0.607816964940669,3.8691602177278153,533.0
2025-11-01,Andhra Pradesh,Eluru,521111,0.5391203224327401,3.868127754706867,11.0
2025-09-01,Odisha,NUAPADA,766107,0.7342691200105285,3.862988527901691,786.0
2025-11-01,Tamil Nadu,Mayiladuthurai,609302,0.6019883543988825,3.8621027311372287,12.0
2025-10-01,Uttar Pradesh,Kanpur Nagar,209203,0.5652434880864395,3.8601424857116187,311.0
2025-11-01,Tamil Nadu,Namakkal,621003,0.35934514722841776,3.8597536392066534,2.0
2025-12-01,Tamil Nadu,Nagapattinam,609309,0.6213814389834237,3.858839894530859,258.0
2025-11-01,Kerala,Kollam,691510,0.6758586287322774,3.858831553020055,81.0
2025-11-01,Bihar,Rohtas,821303,0.553976818406422,3.8585145607760984,92.0
2025-12-01,Andhra Pradesh,Srikakulam,532474,0.5633056942770752,3.858058806584396,121.0
2025-12-01,West Bengal,Koch Bihar,736131,0.536922214058102,3.8559841231422767,179.0
2025-10-01,Andhra Pradesh,Mahbubnagar,509327,0.37095612599152683,3.855190764758136,2.0
2025-10-01,Punjab,Amritsar,143103,0.5681614005267508,3.8492792983114206,185.0
2025-09-01,Karnataka,Bangalore,560102,0.6087155987994378,3.8476381351051865,60.0
2025-10-01,Telangana,Karimnagar,505172,0.5947794206716974,3.845006625391665,380.0
2025-09-01,Uttar Pradesh,Basti,272124,0.6662784459839045,3.8409462152155514,1250.0
2025-10-01,Madhya Pradesh,Hoshangabad,461551,0.6617850825569752,3.839453309288997,10.0
2025-12-01,Bihar,Patna,801112,0.5490101860957167,3.8377795311773566,437.0
2025-11-01,Mizoram,Serchhip,796161,0.6534975105410595,3.8368707704518967,20.0
2025-12-01,Maharashtra,Ahmadnagar,413739,0.6549973847849953,3.8348033884347728,426.0
2025-09-01,West Bengal,Bankura,722182,0.5887225629081494,3.834089747271584,71.0
2025-10-01,Karnataka,Mysuru,571103,0.6705581357625554,3.832724711155456,32.0
2025-12-01,Chhattisgarh,Mahasamund,493555,0.5956445309025471,3.832445997279656,620.0
2025-12-01,Kerala,Pathanamthitta,689515,0.4440793649974616,3.8309262816114313,7.0
2025-10-01,West Bengal,Howrah,711114,0.663578457474757,3.8308692539167772,80.0
2025-09-01,Odisha,Jharsuguda,768225,0.5618886166072492,3.830717851862183,99.0
2025-12-01,Maharashtra,Bid,431130,0.32564899536391373,3.8298622193987204,2.0
2025-11-01,Kerala,Thiruvananthapuram,695508,0.5985689687238954,3.8290705244725207,72.0
2025-12-01,Maharashtra,Solapur,413314,0.5790543259058752,3.828952452921237,237.0
2025-10-01,Telangana,K.v. Rangareddy,509358,0.6244969304566406,3.828429916190062,139.0
2025-10-01,Bihar,Saran,841224,0.5594810185523278,3.828186874195883,159.0
2025-12-01,Maharashtra,Solapur,413255,0.6328694198724767,3.826870782314421,377.0
2025-09-01,Uttar Pradesh,Kaushambi,212218,0.6321727009974341,3.8242084132077707,753.0
2025-10-01,Delhi,Central Delhi,110011,0.5317073170300546,3.823242068948527,13.0
2025-11-01,Karnataka,Bangalore Rural,560087,0.6487672535391547,3.8225749845386003,46.0
2025-11-01,West Bengal,Darjeeling,734321,0.6134066479410776,3.8220324230225224,8.0
2025-09-01,Andhra Pradesh,Parvathipuram Manyam,535523,0.6471755017125619,3.820621308876639,48.0
2025-12-01,Himachal Pradesh,Kangra,176032,0.6464013920265655,3.8190054306051815,43.0
2025-12-01,Telangana,Jogulamba Gadwal,509135,0.6112685805884542,3.8189158451708605,87.0
2025-11-01,Odisha,Jharsuguda,768225,0.5612406053261203,3.8171908232938208,50.0
2025-10-01,Bihar,Darbhanga,848213,0.7111242296089149,3.817066556232924,1522.0
2025-12-01,Tamil Nadu,Vellore,635701,0.693166026973284,3.8152913189317146,221.0
2025-10-01,Himachal Pradesh,Shimla,171208,0.6761651154204231,3.8152311551703093,128.0
2025-12-01,Rajasthan,Ganganagar,335037,0.6244945851035124,3.813804873970178,236.0
2025-10-01,Tripura,Dhalai  *,799273,0.723990497432177,3.8121089538910584,329.0
2025-12-01,West Bengal,Bankura,722138,0.5997591604194501,3.8118334767279842,467.0
2025-09-01,Tamil Nadu,Dindigul,624706,0.5730053266175525,3.81156373887277,357.0
2025-12-01,Rajasthan,Jhunjhunu,331027,0.37028120018809163,3.810490810848054,4.0
2025-11-01,Telangana,K.v. Rangareddy,509202,0.6112350137766821,3.8103983792175207,95.0
2025-09-01,Telangana,Adilabad,504301,0.5919825154816182,3.8086444280342246,32.0
2025-12-01,Bihar,Samstipur,848209,0.45439904484072646,3.807834536817441,3.0
2025-11-01,Karnataka,Dakshina Kannada,574225,0.6209252207946092,3.8075609706031406,30.0
2025-09-01,Goa,South Goa,403716,0.6704328095720287,3.8070782638851752,39.0
2025-10-01,Maharashtra,Satara,415505,0.5581377842183223,3.8065792481460394,144.0
2025-09-01,Madhya Pradesh,Ujjain,456771,0.642850781734114,3.801940917635032,1120.0
2025-12-01,Jharkhand,Palamu,822122,0.6330601393572185,3.7986872771728635,2056.0
2025-12-01,Gujarat,Jamnagar,361335,0.5812182590134811,3.7979288050339104,229.0
2025-10-01,Andhra Pradesh,Parvathipuram Manyam,535523,0.6461961037551334,3.797036789328209,155.0
2025-09-01,West Bengal,Koch Bihar,736131,0.5351462990634457,3.7963460230639066,503.0
2025-12-01,Karnataka,Bangalore,560102,0.6058073339360488,3.7944023917932537,91.0
2025-12-01,Karnataka,Bangalore,560019,0.6468633539898934,3.7932291292994726,31.0
2025-10-01,Maharashtra,Satara,412804,0.6665125498524525,3.7893591684973074,40.0
2025-12-01,Himachal Pradesh,Kangra,176211,0.5827058674784392,3.787854838141681,58.0
2025-12-01,Maharashtra,Satara,415115,0.520337299043283,3.7874153882578034,153.0
2025-09-01,Odisha,Ganjam,761055,0.6385844979210232,3.786050146094902,233.0
2025-10-01,Haryana,Kurukshetra,136135,0.6958652844336507,3.7858605234937666,1008.0
2025-11-01,Himachal Pradesh,Mandi,175033,0.5291660129251067,3.7849342220334217,77.0
2025-11-01,Bihar,Jehanabad,804454,0.582122087682892,3.782930386848507,92.0
2025-09-01,Uttar Pradesh,Bulandshahr,203397,0.5880085532790267,3.782010458560061,19.0
2025-12-01,Maharashtra,Washim *,444105,0.6564739760661011,3.780349113154857,1882.0
2025-12-01,West Bengal,East Midnapore,721668,0.34588768839159834,3.780140998045299,2.0
2025-12-01,Maharashtra,Aurangabad,423701,0.6805681619097725,3.7793061926983205,1574.0
2025-11-01,Gujarat,Rajkot,360452,0.5679881216253398,3.778935142995969,39.0
2025-12-01,Maharashtra,Pune,410513,0.5903231626178048,3.778148440902313,70.0
2025-11-01,Karnataka,Belgaum,591101,0.6222493667259389,3.7767935732542735,65.0
2025-06-01,West Bengal,Birbhum,731204,0.7933366658513199,3.7761292567744955,1853.0
2025-12-01,Andhra Pradesh,Karim Nagar,505307,0.39795677837895316,3.774143131145661,2.0
2025-10-01,Himachal Pradesh,Sirmaur,173025,0.7000159666446665,3.7721701249177193,484.0
2025-11-01,Orissa,Anugul,759125,0.49837324054684884,3.772044623735429,2.0
2025-09-01,Maharashtra,Amravati,444701,0.5432699672820072,3.76923295292277,2587.0
2025-09-01,Uttar Pradesh,Auraiya,206251,0.6059532023356388,3.769053784283548,248.0
2025-11-01,Telangana,K.v. Rangareddy,501106,0.6292593043195165,3.7688091956323784,629.0
2025-11-01,West Bengal,Barddhaman,713368,0.5271654808125059,3.7686780874648282,31.0
2025-12-01,Maharashtra,Solapur,413216,0.6329935939857154,3.768136508557781,1687.0
2025-09-01,Jammu and Kashmir,Pulwama,192303,0.49396393956430273,3.7651417661596045,191.0
2025-11-01,Jammu and Kashmir,Pulwama,192303,0.4939546569187525,3.7649347356110536,168.0
2025-10-01,Himachal Pradesh,Bilaspur,174031,0.580941589580041,3.7643565055763184,48.0
2025-10-01,Punjab,Jalandhar,144103,0.6023481581425262,3.7601536947049152,21.0
2025-10-01,Uttarakhand,Udham Singh Nagar,263146,0.5489035796942071,3.7594652212111503,7.0
2025-10-01,West Bengal,Malda,732101,0.6459784577156193,3.759321771642307,354.0
2025-09-01,Uttar Pradesh,Muzaffarnagar,251202,0.6274492754134141,3.7568177000576264,517.0
2025-12-01,Tamil Nadu,Thiruvallur,600058,0.5188125122761412,3.756285016603205,8.0
2025-10-01,Gujarat,Surat,394651,0.5746746151034517,3.7547569356299424,9.0
2025-09-01,Karnataka,Uttara Kannada,581336,0.5608995195201177,3.752672649963747,47.0
2025-11-01,Uttar Pradesh,Faizabad,224120,0.3247964099321735,3.747930691928081,2.0
2025-10-01,Haryana,Faridabad,121013,0.6348226500379424,3.742640964297183,214.0
2025-11-01,Maharashtra,Ratnagiri,415629,0.5856962206372186,3.740987662218954,130.0
2025-10-01,Tamil Nadu,Vellore,632519,0.6191627484336711,3.7403556840131995,46.0
2025-12-01,Tamil Nadu,Namakkal,636301,0.6322641929570101,3.7398209852314626,80.0
2025-11-01,Maharashtra,Solapur,413007,0.578163922704152,3.7381004987657853,270.0
2025-09-01,Uttar Pradesh,Kanpur Dehat,209202,0.5670627007004286,3.7378314335769662,269.0
2025-09-01,Punjab,Jalandhar,144419,0.6276450242488831,3.737759709767927,44.0
2025-12-01,Tamil Nadu,Nagapattinam,612503,0.5550476239640479,3.7371797736106656,7.0
2025-12-01,West Bengal,Nadia,741254,0.517047252681423,3.7371526622378433,96.0
2025-10-01,Gujarat,Rajkot,364490,0.5877241397589035,3.736805868082395,24.0
2025-12-01,Tamil Nadu,Chengalpattu,603304,0.5931726136108355,3.733168706977495,24.0
2025-12-01,Odisha,Baleswar,756023,0.5874092438552089,3.7300945938351164,187.0
2025-12-01,Maharashtra,Ahmadnagar,413205,0.6228214607390554,3.7300719577814276,354.0
2025-09-01,Goa,Bardez,403101,0.2871948491803541,3.7296077086797004,2.0
2025-11-01,Andhra Pradesh,Kakinada,533428,0.3679599825394826,3.728654067019805,2.0
2025-11-01,Karnataka,Mysore,570006,0.4693621210568777,3.7279285518289327,5.0
2025-11-01,Uttar Pradesh,Sonbhadra,231224,0.3858284295885555,3.727612846072102,3.0
2025-12-01,Tamil Nadu,Sivaganga,630207,0.5008971874908085,3.7271226127151627,79.0
2025-12-01,Maharashtra,Parbhani,431720,0.6139151596279255,3.7264873945132417,882.0
2025-12-01,Karnataka,Hasan,573126,0.6234116196743711,3.7224115767765267,11.0
2025-12-01,Orissa,Anugul,759127,0.45071345454059825,3.720416988440435,2.0
2025-10-01,Bihar,Kaimur (Bhabua),821105,0.6560957589656432,3.718859996933553,1151.0
2025-12-01,Bihar,Supaul,852123,0.586605635733561,3.7155407785004018,90.0
2025-10-01,Maharashtra,Satara,415511,0.550156666250045,3.715383472750541,279.0
2025-09-01,Karnataka,Ballari,583219,0.5766238840704351,3.71528925018915,45.0
2025-12-01,Karnataka,Tumkur,572112,0.6577301095061097,3.7152683907682924,210.0
2025-11-01,Karnataka,Hasan,573121,0.47776030506597117,3.7144981018537866,6.0
2025-11-01,Uttar Pradesh,Lalitpur,284405,0.679712827105579,3.7111379393361767,2150.0
2025-09-01,Kerala,Ernakulam,682501,0.5879033400407675,3.7073198599547816,25.0
2025-09-01,Uttar Pradesh,Ballia,277210,0.6260455810528471,3.7070711181351284,368.0
2025-11-01,Telangana,Warangal,506134,0.5796312386675179,3.7061967134634433,91.0
2025-12-01,Uttar Pradesh,Ballia,277504,0.6012941709479475,3.7058595496896065,167.0
2025-12-01,Orissa,Kendrapara,754214,0.4232041268820634,3.705752301189073,2.0
2025-09-01,Uttar Pradesh,Saharanpur,247002,0.5874663531549627,3.7047835602065433,31.0
2025-11-01,Jammu and Kashmir,Samba,181143,0.5638036200139036,3.704699335379371,126.0
2025-11-01,West Bengal,South 24 Parganas,743392,0.5930793216635568,3.7032100358438127,7.0
2025-12-01,Maharashtra,Solapur,413322,0.5927718262525385,3.7029870231768443,677.0
2025-10-01,Karnataka,Raichur,584133,0.7261351449643391,3.70002077840836,138.0
2025-11-01,Orissa,Ganjam,761052,0.46024575429423464,3.6989565781176634,2.0
2025-10-01,Uttar Pradesh,Deoria,274401,0.17972611855225096,3.698789579072647,1.0
2025-12-01,West Bengal,Hooghly,713404,0.5567925429920545,3.698435893129442,4.0
2025-09-01,Himachal Pradesh,Una,177206,0.6349911860449533,3.6974810703083625,37.0
2025-09-01,Gujarat,Kachchh,370601,0.6059358297408991,3.6968426294595145,18.0
2025-11-01,Mizoram,Aizawl,796036,0.6538864252764098,3.695476577113768,39.0
2025-12-01,Chhattisgarh,Kanker,494635,0.6318732771612351,3.6940482447548644,1105.0
2025-11-01,Tamil Nadu,Thiruvallur,601201,0.5819753120288328,3.693296410785468,58.0
2025-09-01,Kerala,Pathanamthitta,686511,0.6340511510698286,3.6927490561545504,35.0
2025-11-01,Jharkhand,Dhanbad,826004,0.6013225897943473,3.692280185867542,852.0
2025-10-01,Odisha,Khorda,752022,0.6524023131647082,3.691785989970404,59.0
2025-09-01,West Bengal,Paschim Medinipur,721505,0.6705898279226142,3.691249537277822,777.0
2025-10-01,Kerala,Thrissur,680615,0.5920221727489562,3.6911504586938952,30.0
2025-10-01,Bihar,Bhagalpur,813112,0.6138277182826247,3.690432488511254,64.0
2025-12-01,West Bengal,Paschim Medinipur,721129,0.5920203474020768,3.6893329051080035,248.0
2025-12-01,Gujarat,Navsari,396406,0.6059840049182146,3.686707706090642,33.0
2025-11-01,Himachal Pradesh,Kangra,176211,0.5781155813491559,3.685551944182393,48.0
2025-09-01,Karnataka,Belagavi,591317,0.6982145866988585,3.68545896049385,202.0
2025-11-01,Gujarat,Amreli,365665,0.6083279061406871,3.6831980404850992,23.0
2025-12-01,Uttar Pradesh,Sant Kabir Nagar,272173,0.6173443391790382,3.6818679977658793,624.0
2025-11-01,Maharashtra,Ahmadnagar,413713,0.5253321748341715,3.6817683444658695,295.0
2025-11-01,Maharashtra,Amravati,444908,0.5584300749423659,3.680466896679608,1039.0
2025-10-01,Chhattisgarh,Kabeerdham,491995,0.665195813945856,3.679974873582913,1352.0
2025-11-01,Karnataka,Bangalore,560102,0.5994521953663638,3.6780716786362464,64.0
2025-09-01,Orissa,Kendujhar,758079,0.48261417241301957,3.678015672415696,3.0
2025-12-01,West Bengal,Hugli,712301,0.5136661180090144,3.6768508799471826,3.0
2025-10-01,Bihar,Nalanda,803116,0.7102490498907617,3.676635855566114,950.0
2025-09-01,Uttarakhand,Almora,263665,0.6252473741996512,3.6762963690792203,16.0
2025-07-01,Telangana,K.v. Rangareddy,509216,0.6916278471020482,3.6757028109879912,1698.0
2025-09-01,Arunachal Pradesh,Namsai,792102,0.671369454010729,3.675496254054457,87.0
2025-09-01,Rajasthan,Chittaurgarh,323306,0.37065182389231266,3.675349220711337,3.0
2025-12-01,Tamil Nadu,Theni,625522,0.60977745449496,3.6743779659558142,170.0
2025-10-01,West Bengal,Bardhaman,713367,0.48953898000781015,3.673899478753111,3.0
2025-11-01,Kerala,Ernakulam,682031,0.5760188871661417,3.673443571531702,9.0
2025-11-01,Uttarakhand,Bageshwar,263624,0.4808516777481304,3.6730806973415717,5.0
2025-12-01,Himachal Pradesh,Kangra,176216,0.5893959077535849,3.6730697868078748,61.0
2025-12-01,Andhra Pradesh,Mahbubnagar,509340,0.5484786195282916,3.6730650867493053,11.0
2025-10-01,Uttar Pradesh,Mathura,281305,0.5618031974593375,3.672373920447634,188.0
2025-11-01,Andhra Pradesh,Adilabad,504110,0.4556568740245926,3.670858861471143,10.0
2025-10-01,Tamil Nadu,Nagapattinam,609310,0.6109563010788746,3.6689619063293293,21.0
2025-10-01,West Bengal,Barddhaman,713141,0.6098696052195334,3.668880601182144,367.0
2025-05-01,Assam,Karimganj,788712,0.720209660266313,3.668320336931948,326.0
2025-09-01,Uttar Pradesh,Ballia,277504,0.5995854244444873,3.6682895318021975,207.0
2025-11-01,Tamil Nadu,Tiruchirappalli,621215,0.6335436118586867,3.6677434858317848,278.0
2025-10-01,Jharkhand,Lohardaga,835214,0.6678954087919882,3.6668154434669873,85.0
2025-09-01,Haryana,Faridabad,121013,0.6318761219198088,3.6658016375648845,230.0
2025-09-01,Telangana,Mulugu,506172,0.6360715114476244,3.665176459184085,343.0
2025-11-01,Andhra Pradesh,Prakasam,523114,0.5409116382499635,3.664801778634633,108.0
2025-12-01,Maharashtra,Satara,415122,0.5910737915025078,3.663827101156915,52.0
2025-09-01,Telangana,Medchal-malkajgiri,500037,0.6511577801722513,3.662861056172896,540.0
2025-11-01,Gujarat,Kheda,387530,0.6291081651152588,3.6627484851985823,282.0
2025-09-01,Maharashtra,Latur,413607,0.5745949372623522,3.661386480946483,485.0
2025-10-01,Karnataka,Haveri,583217,0.688592801772855,3.6602453717049483,6.0
2025-09-01,Gujarat,Gandhinagar,382729,0.6476194795758355,3.659952045312623,103.0
2025-09-01,West Bengal,Bankura,722147,0.6421851880679679,3.655551357457512,104.0
2025-09-01,Uttar Pradesh,Budaun,243636,0.5812668608300599,3.6555262672817936,524.0
2025-10-01,Uttar Pradesh,Kaushambi,212218,0.6250227140447423,3.654532957791278,297.0
2025-09-01,Punjab,Jalandhar,144303,0.6443261380687214,3.65002099611806,52.0
2025-10-01,Karnataka,Vijayanagara,583132,0.5449441843423729,3.649894094582389,5.0
2025-12-01,Tamil Nadu,Dindigul,624706,0.5659113433537153,3.6490659735083897,336.0
2025-11-01,Madhya Pradesh,Dewas,455116,0.6464106109210952,3.6467772804904115,1086.0
2025-04-01,Gujarat,Surat,394520,0.6066003401354144,3.6462480552984284,297.0
2025-12-01,Madhya Pradesh,Narsimhapur,487551,0.6011078438654701,3.6458535497742455,190.0
2025-07-01,Bihar,Pashchim Champaran,845106,0.46841516972074715,3.644941129617154,818.0
2025-09-01,Maharashtra,Nagpur,441105,0.6279703574307095,3.6437854516418575,427.0
2025-11-01,Rajasthan,Ajmer,305623,0.7035327797344735,3.6433326377378163,1042.0
2025-09-01,Uttar Pradesh,Faizabad,225407,0.6608363803821167,3.6433022834197986,770.0
2025-09-01,Odisha,Jagatsinghapur,754132,0.6545927593328557,3.6432810184784734,158.0
2025-10-01,Karnataka,Ballari,583136,0.5951951513441103,3.642862564354914,19.0
2025-12-01,Maharashtra,Pune,411032,0.6670331338090969,3.64274190608533,195.0
2025-04-01,West Bengal,Barddhaman,713338,0.5431215304583277,3.6414682972513144,91.0
2025-11-01,Gujarat,Navsari,396406,0.6032863608984281,3.6376891753595535,54.0
2025-10-01,Telangana,Warangal,506352,0.5892656584535214,3.637669144540558,25.0
2025-11-01,Assam,Nagaon,782427,0.6121076624405298,3.637460160358018,499.0
2025-12-01,West Bengal,Puruliya,723104,0.3806672074107367,3.635879335338227,2.0
2025-12-01,West Bengal,Hooghly,712302,0.5835099307180335,3.635579341388964,570.0
2025-11-01,Odisha,Cuttack,754106,0.36986927490523985,3.6314843344059438,2.0
2025-12-01,West Bengal,Howrah,711413,0.6369280287999286,3.6312975453680076,236.0
2025-09-01,Arunachal Pradesh,Longding,786630,0.5215625357454158,3.628655230160876,20.0
2025-10-01,Tamil Nadu,Krishnagiri,635102,0.6408466447597619,3.627712553932862,341.0
2025-12-01,Kerala,Kasargod,671315,0.4778767415615615,3.627122122745227,5.0
2025-10-01,West Bengal,Hugli,712201,0.5386562254766502,3.626920991777989,5.0
2025-11-01,Maharashtra,Satara,415019,0.5990199991684755,3.6266372279545167,162.0
2025-10-01,Andhra Pradesh,Visakhapatnam,530044,0.6805708906820574,3.6264811115851696,373.0
2025-10-01,Andhra Pradesh,Adilabad,504296,0.617917294506295,3.6254858857339416,368.0
2025-10-01,Himachal Pradesh,Shimla,171207,0.6330141435686353,3.624831785294837,111.0
2025-07-01,Gujarat,Rajkot,360002,0.7250620395997462,3.6243904971678234,5209.0
2025-10-01,Bihar,Supaul,847408,0.6231657197775992,3.6242736335300547,294.0
2025-06-01,West Bengal,Alipurduar,735211,0.6815291241993126,3.6239024615829196,347.0
2025-11-01,Punjab,Tarn Taran,143022,0.6340265295380153,3.6229534669655967,32.0
2025-09-01,Kerala,Ernakulam,682509,0.6549799026820151,3.6221542652109497,47.0
2025-09-01,Uttar Pradesh,Amroha,244255,0.6666417765184046,3.62196926193338,1455.0
2025-12-01,Maharashtra,Sangli,416303,0.6117273388902609,3.620362678405081,214.0
2025-09-01,Gujarat,Porbandar,360578,0.4439536368040487,3.6195979122073196,46.0
2025-11-01,Andhra Pradesh,Dr. B. R. Ambedkar Konaseema,533221,0.5319382911906791,3.6191966663889747,26.0
2025-10-01,Telangana,Sangareddy,502273,0.6287031835128285,3.6189737588897417,209.0
2025-12-01,Maharashtra,Satara,415518,0.5475805175256759,3.618710918089498,132.0
2025-10-01,Andhra Pradesh,Kakinada,533437,0.6406690556971301,3.6183451734780365,167.0
2025-09-01,Uttar Pradesh,Jaunpur,223105,0.6888222613363031,3.616894358982013,385.0
2025-11-01,Jammu and Kashmir,Srinagar,190024,0.4534516425087577,3.615754876271402,3.0
2025-09-01,Karnataka,Chickmagalur,577547,0.585629145087484,3.614971981060944,78.0
2025-03-01,Telangana,Nalgonda,508113,0.5210446084757389,3.6145945981893317,256.0
2025-11-01,Bihar,Nalanda,803110,0.6990928397793186,3.6136364642696956,1457.0
2025-10-01,Uttar Pradesh,Sant Ravidas Nagar,221306,0.5749138801480966,3.612881690963228,188.0
2025-09-01,Gujarat,Amreli,365665,0.603663672209978,3.612179592131706,22.0
2025-10-01,Uttarakhand,Pithoragarh,262541,0.6577396525540636,3.6120101274982614,32.0
2025-11-01,Uttar Pradesh,Kanpur Dehat,209202,0.5614692547194751,3.609249992292226,159.0
2025-12-01,Chhattisgarh,Gariyaband,494334,0.4001186500288517,3.6087005644042094,7.0
2025-09-01,Punjab,Sri Muktsar Sahib,151202,0.6651063295071108,3.608682204812174,25.0
2025-10-01,West Bengal,North Twenty Four Parganas,743711,0.6386321169427648,3.6079856807566175,19.0
2025-12-01,Maharashtra,Bhandara,441809,0.5708014666683036,3.6073829076810675,410.0
2025-12-01,Maharashtra,Sangli,416309,0.5918439689553907,3.6066785922050926,230.0
2025-09-01,Madhya Pradesh,Datia,475001,0.2814582123113556,3.6052025826233876,2.0
2025-09-01,Jharkhand,Godda,814145,0.6924467358660296,3.604959528009457,12.0
2025-11-01,Karnataka,Bijapur,586201,0.6605905957794487,3.603459317370896,27.0
2025-10-01,Odisha,Cuttack,752107,0.3801824930766717,3.603322543725338,2.0
2025-12-01,Maharashtra,Solapur,413319,0.6494125033087206,3.603080559606488,671.0
2025-12-01,Andhra Pradesh,Mahabub Nagar,509210,0.5363273349920236,3.602248769684494,51.0
2025-11-01,Gujarat,Kachchh,370640,0.6361091371534083,3.6019958325961734,36.0
2025-09-01,West Bengal,Barddhaman,713122,0.5887127362711558,3.599306489175774,350.0
2025-09-01,Karnataka,Belgaum,591110,0.646671320718329,3.5992660606684677,52.0
2025-09-01,Kerala,Palakkad,678005,0.6509317912272896,3.597736360737494,44.0
2025-11-01,Gujarat,Vadodara,391250,0.6389632739659507,3.5970811807922796,121.0
2025-12-01,Uttarakhand,Almora,263663,0.6318251256872616,3.596105526421393,123.0
2025-10-01,Assam,Lakhimpur,787053,0.5850615900559274,3.5943826231476836,253.0
2025-12-01,Odisha,Baleswar,756036,0.6466115357605541,3.5933497159861547,317.0
2025-10-01,Punjab,Sri Muktsar Sahib,152112,0.5832897649971662,3.5918836769924836,243.0
2025-12-01,Odisha,Bargarh,768049,0.652208198477748,3.5918342901069327,142.0
2025-10-01,Madhya Pradesh,Niwari,472337,0.6283083721974819,3.5896367997807874,11.0
2025-11-01,Tamil Nadu,Villupuram,607209,0.6470847462894522,3.5895042002147495,136.0
2025-12-01,Maharashtra,Buldhana,444201,0.6146899884407306,3.588478620459039,287.0
2025-12-01,Maharashtra,Pune,410509,0.5698343484317547,3.5883945800903643,470.0
2025-10-01,Karnataka,Bangalore,560019,0.6318691756641682,3.587762302594501,31.0
2025-11-01,Uttar Pradesh,Kanpur Nagar,208024,0.5681808603928294,3.58620238041012,101.0
2025-10-01,Tamil Nadu,Villupuram,605107,0.5867756762603794,3.58607864336969,27.0
2025-10-01,Rajasthan,Bundi,323602,0.5587594884742878,3.5857808301382117,112.0
2025-10-01,Uttar Pradesh,Ballia,277210,0.620223794086938,3.5857268592025444,181.0
2025-09-01,Odisha,Subarnapur,767062,0.2891814058970868,3.585718656535024,2.0
2025-11-01,Maharashtra,Sangli,416417,0.5855078548955116,3.58553200103316,202.0
2025-09-01,Uttar Pradesh,Pratapgarh,230132,0.6516020230843645,3.584961258692176,996.0
2025-10-01,Haryana,Gurgaon,122502,0.5522719760367745,3.583863805044036,123.0
2025-12-01,Madhya Pradesh,Dhar,455001,0.23517016485680936,3.5818843152681934,2.0
2025-11-01,West Bengal,Maldah,732212,0.6030298067540921,3.5818378512551847,8.0
2025-10-01,Rajasthan,Sikar,332021,0.6605991981795978,3.580927500291703,103.0
2025-12-01,Odisha,Nuapada,766107,0.71948606297254,3.580916209923951,581.0
2025-10-01,Maharashtra,Satara,415518,0.5458161962641461,3.5800967637938594,68.0
2025-09-01,Andhra Pradesh,Ananthapuramu,515865,0.6985952312119618,3.5782516880209654,209.0
2025-09-01,Andhra Pradesh,Tirupati,517571,0.6563201322901183,3.577499155794283,15.0
2025-09-01,Uttar Pradesh,Deoria,274602,0.5299081338771812,3.5763326762872203,253.0
2025-11-01,Telangana,Karimnagar,505172,0.5826212936925499,3.5746995797676164,340.0
2025-10-01,Telangana,K.v. Rangareddy,509216,0.6867285421291445,3.5743868521097606,800.0
2025-10-01,Uttar Pradesh,Farrukhabad,207503,0.4856518082522026,3.5718359914667146,212.0
2025-09-01,Jammu and Kashmir,Kulgam,192221,0.674209178706861,3.5700558866582823,37.0
2025-12-01,Uttar Pradesh,Moradabad,244301,0.6406638740118688,3.5689987083689534,1408.0
2025-10-01,Bihar,Nalanda,803110,0.6961584054556136,3.5682809667583775,1444.0
2025-11-01,Rajasthan,Jaipur,303328,0.6286347356573523,3.5676886663572254,610.0
2025-09-01,Odisha,Ganjam,760007,0.6376188959708972,3.5675279288022055,75.0
2025-10-01,Sikkim,East,737135,0.6289658448387326,3.567451458967662,51.0
2025-11-01,Assam,Kamrup Metro,781037,0.6125524138075942,3.5674158139122043,96.0
2025-10-01,West Bengal,Murshidabad,742401,0.6141868595004382,3.567340989927991,611.0
2025-11-01,Himachal Pradesh,Kangra,176402,0.49062879084634314,3.5668695866360784,59.0
2025-09-01,Uttar Pradesh,Azamgarh,276303,0.6320524369561015,3.5667152439420975,838.0
2025-11-01,West Bengal,West Midnapore,721144,0.6044322297588097,3.566267248014212,4.0
2025-12-01,West Bengal,Nadia,741401,0.5517646237361445,3.5648989453632676,82.0
2025-12-01,Bihar,Nalanda,811102,0.6202714804337517,3.5647632703086853,85.0
2025-11-01,Rajasthan,Sikar,332021,0.6594363453139899,3.5645817263043926,191.0
2025-12-01,Maharashtra,Solapur,413404,0.6401638289275524,3.564289893577983,438.0
2025-11-01,Jammu and Kashmir,Jammu,180012,0.5966394179910053,3.5632090778848853,5.0
2025-10-01,Himachal Pradesh,Kangra,176032,0.6315641478963311,3.563028365562964,44.0
2025-10-01,Uttar Pradesh,Budaun,243724,0.6010244110619634,3.5628412628840365,15.0
2025-09-01,Maharashtra,Ahmed Nagar,413704,0.26026603602831794,3.5611101053792087,4.0
2025-12-01,Delhi,Central Delhi,110011,0.5182499959269524,3.561082821467591,29.0
2025-12-01,Maharashtra,Buldana,443402,0.5498227310767213,3.5607765711240758,312.0
2025-11-01,Odisha,Khordha,754001,0.5593534909524462,3.560774409827642,6.0
2025-11-01,Tamil Nadu,Villupuram,605107,0.5854433637990638,3.5592260518947074,43.0
2025-09-01,Arunachal Pradesh,Tawang,790104,0.700823624017405,3.5588413747320042,111.0
2025-05-01,West Bengal,Jalpaiguri,735210,0.7140412164776562,3.558078788452046,838.0
2025-12-01,Madhya Pradesh,Shahdol,484001,0.6654326594936754,3.5579141538883867,2662.0
2025-07-01,Bihar,Pashchim Champaran,845455,0.51481102286498,3.556198653408978,1095.0
2025-10-01,Telangana,K.v. Rangareddy,509207,0.6271978866589246,3.5555696334366944,561.0
2025-10-01,Odisha,Koraput,764014,0.6193550779958293,3.555163088014524,302.0
2025-09-01,Uttar Pradesh,Hardoi,241127,0.2720153759488567,3.5551307491223345,2.0
2025-10-01,Madhya Pradesh,Panna,488220,0.712567888575154,3.55496821939742,704.0
2025-09-01,Uttar Pradesh,Hamirpur,210506,0.6922654180111398,3.553883409481504,725.0
2025-11-01,Rajasthan,Ganganagar,335037,0.6120738286988872,3.553773844426948,163.0
2025-12-01,Karnataka,Chitradurga,577555,0.6297660188399035,3.5535052550232207,79.0
2025-10-01,Assam,Sonitpur,784113,0.4434730254024807,3.5524362128646305,3.0
2025-10-01,Andhra Pradesh,Srikakulam,532290,0.6402554167638844,3.551377761210392,361.0
2025-09-01,Uttar Pradesh,Mau,223222,0.2720153759488567,3.551109237155243,2.0
2025-11-01,Tamil Nadu,Nagapattinam,609310,0.603848200197598,3.550682429963333,44.0
2025-11-01,Tamil Nadu,Cuddalore,606111,0.6535464511300249,3.5496452176665914,417.0
2025-11-01,Rajasthan,Jaipur,303805,0.7390595616650397,3.5489998213910665,306.0
2025-12-01,Karnataka,Chitradurga,577545,0.6370509123550768,3.5478379090019514,130.0
2025-11-01,Tamil Nadu,Tiruppur,641601,0.628351560924295,3.544944679980676,165.0
2025-10-01,Uttar Pradesh,Prayagraj,212502,0.6345806151559532,3.5449390809348023,44.0
2025-09-01,West Bengal,South Dinajpur,733155,0.4735289703125187,3.5448419668500555,31.0
2025-10-01,Gujarat,Kachchh,370601,0.5965079097970662,3.5425702681870255,17.0
2025-09-01,West Bengal,Nadia,741401,0.550937408535609,3.5422370505825396,107.0
2025-10-01,Karnataka,Vijayanagara,583130,0.6914543267845522,3.5420577608400725,34.0
2025-12-01,Gujarat,Surat,394375,0.5662929793665027,3.5417807018862053,12.0
2025-12-01,Maharashtra,Ahmadnagar,414105,0.6630188607562885,3.5415863669637986,1245.0
2025-11-01,Tamil Nadu,Tirupattur,635901,0.6120189396260132,3.5415470316795408,78.0
2025-12-01,Tamil Nadu,Salem,636202,0.6128014970064778,3.540598389123104,155.0
2025-12-01,Tamil Nadu,Kancheepuram,603102,0.6948225085213547,3.540038077242306,608.0
2025-09-01,Odisha,Cuttack,754024,0.2891814058970868,3.5395543671617924,2.0
2025-11-01,Tamil Nadu,Salem,636202,0.6127130833678215,3.539057544695055,91.0
2025-12-01,Uttar Pradesh,Gautam Buddha Nagar,245101,0.4423220052822512,3.53894348495593,3.0
2025-09-01,Karnataka,Dakshina Kannada,574153,0.6474728875154434,3.5379284653051886,83.0
2025-10-01,Madhya Pradesh,Ratlam,457336,0.6759734600188575,3.536542906032603,108.0
2025-10-01,Karnataka,Dharwad,580031,0.6525267059481135,3.5356051970928855,92.0
2025-11-01,Maharashtra,Buldhana,443401,0.6100793228873476,3.534881343266434,1217.0
2025-11-01,Gujarat,Navsari,396440,0.5573545456043928,3.5330694491261436,20.0
2025-11-01,Bihar,Nalanda,811102,0.6184350094667186,3.532290979280422,44.0
2025-12-01,Gujarat,Surat,394130,0.5403971413680974,3.5320316656825437,566.0
2025-12-01,Karnataka,Raichur,584123,0.7099374239291495,3.531869992448735,1381.0
2025-12-01,Punjab,Amritsar,143103,0.562239284684396,3.5283382992635395,161.0
2025-12-01,West Bengal,Nadia,741159,0.5116688191991638,3.527017064864318,98.0
2025-10-01,Maharashtra,Ratnagiri,415708,0.5053380054258679,3.5267663967976826,47.0
2025-12-01,Himachal Pradesh,Chamba,176301,0.6573984792209883,3.5262514316379163,66.0
2025-12-01,Uttarakhand,Pithoragarh,262546,0.5400473411629282,3.52595369135518,27.0
2025-09-01,Telangana,Warangal,506370,0.6355148969766133,3.525596371682465,20.0
2025-12-01,Maharashtra,Jalna,431208,0.6118315798406919,3.524470512848454,713.0
2025-10-01,Andhra Pradesh,Warangal,506369,0.4445449417670823,3.5227264145140023,12.0
2025-12-01,West Bengal,South 24 Parganas,700024,0.7120179651991909,3.5220025164021753,40.0
2025-11-01,Andhra Pradesh,Medak,502249,0.6174217170575769,3.521684104310921,9.0
2025-10-01,Madhya Pradesh,Gwalior,475005,0.7268231819097726,3.5216471621702214,53.0
2025-12-01,Maharashtra,Ahmadnagar,413714,0.6517274659811434,3.519379054333705,470.0
2025-09-01,Bihar,Buxar,802155,0.2550099074117363,3.5192606401244495,4.0
2025-07-01,West Bengal,Paschim Medinipur,721505,0.6646174901341134,3.5190638554787,956.0
2025-12-01,Chhattisgarh,Kabeerdham,491336,0.6151815979370194,3.5184492907302802,1829.0
2025-09-01,Kerala,Kollam,690542,0.6075911885241977,3.5182253158696506,92.0
2025-11-01,Andhra Pradesh,Rangareddi,500076,0.5824282720686983,3.516291048470717,156.0
2025-10-01,Himachal Pradesh,Kangra,176216,0.5821302016349089,3.5150776391022234,15.0
2025-09-01,Rajasthan,Udaipur,313705,0.7169743635596055,3.5134507872732783,1137.0
2025-12-01,Odisha,Sambalpur,768018,0.5542310806786372,3.5121045328707536,9.0
2025-11-01,Rajasthan,Pali,306302,0.6461580325801285,3.510793800219386,482.0
2025-09-01,Uttar Pradesh,Pratapgarh,230139,0.6968776285334537,3.5085450034742895,1112.0
2025-09-01,Delhi,Central Delhi,110011,0.5154985319157341,3.50748212864578,19.0
2025-10-01,West Bengal,South Twenty Four Parganas,743330,0.571950205934014,3.5074709290658412,141.0
2025-09-01,Tamil Nadu,Kanyakumari,629601,0.618320031159979,3.507461897061218,38.0
2025-09-01,Kerala,Kottayam,686577,0.6367965137378828,3.5066875580978802,71.0
2025-11-01,Tamil Nadu,Viluppuram,604301,0.6850092358400358,3.506555561906786,264.0
2025-11-01,Himachal Pradesh,Hamirpur,176110,0.5612159425484882,3.506471386585999,83.0
2025-12-01,Bihar,East Champaran,845420,0.6042995296278444,3.5059834067019877,1692.0
2025-10-01,Andhra Pradesh,Hyderabad,500042,0.6187304696451704,3.50569776981346,31.0
2025-10-01,Karnataka,Dakshina Kannada,575008,0.6265769225699257,3.5051468193049784,61.0
2025-09-01,Karnataka,Belagavi,591128,0.5557648738926483,3.5051390265123374,35.0
2025-10-01,Bihar,Supaul,854338,0.5176965507914775,3.5050199936024855,242.0
2025-10-01,Maharashtra,Solapur,413007,0.5658288221524553,3.5037806330817123,81.0
2025-10-01,Maharashtra,Kolhapur,416526,0.6280456208316829,3.5029195525078185,94.0
2025-07-01,Maharashtra,Nagpur,440034,0.6814491787630436,3.5023993958774313,3241.0
2025-09-01,Bihar,Madhubani,847306,0.6219956723745583,3.5017425934668354,19.0
2025-10-01,Telangana,K.v. Rangareddy,501106,0.6205241252327347,3.5017137763679917,445.0
2025-03-01,Himachal Pradesh,Mandi,175033,0.5241073361789118,3.5016940464793658,202.0
2025-11-01,Maharashtra,Ahmadnagar,414303,0.575853049223411,3.5009426878693057,287.0
